date,sku_id,product_name,category,unit_price,unit_cost,discount_pct,sales_units,revenue,gross_margin,is_weekend,is_holiday,day_of_week,month
2025-10-05,ELEC-HP-100,Apex Wireless Noise-Canceling Headphones,Electronics,199.98,95.0,0.0,26,5199.48,2729.48,1,0,6,10
2025-10-06,ELEC-HP-100,Apex Wireless Noise-Canceling Headphones,Electronics,179.99,95.0,10.0,22,3959.78,1869.78,0,0,0,10
2025-10-07,ELEC-HP-100,Apex Wireless Noise-Canceling Headphones,Electronics,203.73,95.0,0.0,12,2444.76,1304.76,0,0,1,10
2025-10-08,ELEC-HP-100,Apex Wireless Noise-Canceling Headphones,Electronics,200.71,95.0,0.0,20,4014.2,2114.2,0,0,2,10
2025-10-09,ELEC-HP-100,Apex Wireless Noise-Canceling Headphones,Electronics,202.27,95.0,0.0,24,4854.48,2574.48,0,0,3,10
2025-10-10,ELEC-HP-100,Apex Wireless Noise-Canceling Headphones,Electronics,203.22,95.0,0.0,27,5486.94,2921.94,0,0,4,10
2025-10-11,ELEC-HP-100,Apex Wireless Noise-Canceling Headphones,Electronics,200.43,95.0,0.0,20,4008.6,2108.6,1,0,5,10
2025-10-12,ELEC-HP-100,Apex Wireless Noise-Canceling Headphones,Electronics,200.37,95.0,0.0,26,5209.62,2739.62,1,0,6,10
2025-10-13,ELEC-HP-100,Apex Wireless Noise-Canceling Headphones,Electronics,198.37,95.0,0.0,21,4165.77,2170.77,0,0,0,10
2025-10-14,ELEC-HP-100,Apex Wireless Noise-Canceling Headphones,Electronics,202.36,95.0,0.0,19,3844.84,2039.84,0,0,1,10
2025-10-15,ELEC-HP-100,Apex Wireless Noise-Canceling Headphones,Electronics,202.14,95.0,0.0,12,2425.68,1285.68,0,0,2,10
2025-10-16,ELEC-HP-100,Apex Wireless Noise-Canceling Headphones,Electronics,169.99,95.0,15.0,32,5439.68,2399.68,0,0,3,10
2025-10-17,ELEC-HP-100,Apex Wireless Noise-Canceling Headphones,Electronics,197.66,95.0,0.0,28,5534.48,2874.48,0,0,4,10
2025-10-18,ELEC-HP-100,Apex Wireless Noise-Canceling Headphones,Electronics,200.29,95.0,0.0,28,5608.12,2948.12,1,0,5,10
2025-10-19,ELEC-HP-100,Apex Wireless Noise-Canceling Headphones,Electronics,199.19,95.0,0.0,30,5975.7,3125.7,1,0,6,10
2025-10-20,ELEC-HP-100,Apex Wireless Noise-Canceling Headphones,Electronics,201.56,95.0,0.0,19,3829.64,2024.64,0,0,0,10
2025-10-21,ELEC-HP-100,Apex Wireless Noise-Canceling Headphones,Electronics,200.11,95.0,0.0,16,3201.76,1681.76,0,0,1,10
2025-10-22,ELEC-HP-100,Apex Wireless Noise-Canceling Headphones,Electronics,198.75,95.0,0.0,19,3776.25,1971.25,0,0,2,10
2025-10-23,ELEC-HP-100,Apex Wireless Noise-Canceling Headphones,Electronics,200.38,95.0,0.0,22,4408.36,2318.36,0,0,3,10
2025-10-24,ELEC-HP-100,Apex Wireless Noise-Canceling Headphones,Electronics,203.14,95.0,0.0,18,3656.52,1946.52,0,0,4,10
2025-10-25,ELEC-HP-100,Apex Wireless Noise-Canceling Headphones,Electronics,198.56,95.0,0.0,21,4169.76,2174.76,1,0,5,10
2025-10-26,ELEC-HP-100,Apex Wireless Noise-Canceling Headphones,Electronics,201.49,95.0,0.0,26,5238.74,2768.74,1,0,6,10
2025-10-27,ELEC-HP-100,Apex Wireless Noise-Canceling Headphones,Electronics,199.01,95.0,0.0,13,2587.13,1352.13,0,0,0,10
2025-10-28,ELEC-HP-100,Apex Wireless Noise-Canceling Headphones,Electronics,203.88,95.0,0.0,15,3058.2,1633.2,0,0,1,10
2025-10-29,ELEC-HP-100,Apex Wireless Noise-Canceling Headphones,Electronics,200.24,95.0,0.0,24,4805.76,2525.76,0,0,2,10
2025-10-30,ELEC-HP-100,Apex Wireless Noise-Canceling Headphones,Electronics,197.17,95.0,0.0,19,3746.23,1941.23,0,1,3,10
2025-10-31,ELEC-HP-100,Apex Wireless Noise-Canceling Headphones,Electronics,202.75,95.0,0.0,33,6690.75,3555.75,0,1,4,10
2025-11-01,ELEC-HP-100,Apex Wireless Noise-Canceling Headphones,Electronics,202.93,95.0,0.0,24,4870.32,2590.32,1,0,5,11
2025-11-02,ELEC-HP-100,Apex Wireless Noise-Canceling Headphones,Electronics,196.83,95.0,0.0,30,5904.9,3054.9,1,0,6,11
2025-11-03,ELEC-HP-100,Apex Wireless Noise-Canceling Headphones,Electronics,200.5,95.0,0.0,24,4812.0,2532.0,0,0,0,11
2025-11-04,ELEC-HP-100,Apex Wireless Noise-Canceling Headphones,Electronics,200.27,95.0,0.0,15,3004.05,1579.05,0,0,1,11
2025-11-05,ELEC-HP-100,Apex Wireless Noise-Canceling Headphones,Electronics,199.78,95.0,0.0,18,3596.04,1886.04,0,0,2,11
2025-11-06,ELEC-HP-100,Apex Wireless Noise-Canceling Headphones,Electronics,199.83,95.0,0.0,22,4396.26,2306.26,0,0,3,11
2025-11-07,ELEC-HP-100,Apex Wireless Noise-Canceling Headphones,Electronics,169.99,95.0,15.0,34,5779.66,2549.66,0,0,4,11
2025-11-08,ELEC-HP-100,Apex Wireless Noise-Canceling Headphones,Electronics,179.99,95.0,10.0,34,6119.66,2889.66,1,0,5,11
2025-11-09,ELEC-HP-100,Apex Wireless Noise-Canceling Headphones,Electronics,198.69,95.0,0.0,33,6556.77,3421.77,1,0,6,11
2025-11-10,ELEC-HP-100,Apex Wireless Noise-Canceling Headphones,Electronics,197.94,95.0,0.0,20,3958.8,2058.8,0,0,0,11
2025-11-11,ELEC-HP-100,Apex Wireless Noise-Canceling Headphones,Electronics,203.46,95.0,0.0,17,3458.82,1843.82,0,0,1,11
2025-11-12,ELEC-HP-100,Apex Wireless Noise-Canceling Headphones,Electronics,202.8,95.0,0.0,10,2028.0,1078.0,0,0,2,11
2025-11-13,ELEC-HP-100,Apex Wireless Noise-Canceling Headphones,Electronics,201.57,95.0,0.0,21,4232.97,2237.97,0,0,3,11
2025-11-14,ELEC-HP-100,Apex Wireless Noise-Canceling Headphones,Electronics,202.56,95.0,0.0,27,5469.12,2904.12,0,0,4,11
2025-11-15,ELEC-HP-100,Apex Wireless Noise-Canceling Headphones,Electronics,199.8,95.0,0.0,34,6793.2,3563.2,1,0,5,11
2025-11-16,ELEC-HP-100,Apex Wireless Noise-Canceling Headphones,Electronics,203.73,95.0,0.0,28,5704.44,3044.44,1,0,6,11
2025-11-17,ELEC-HP-100,Apex Wireless Noise-Canceling Headphones,Electronics,201.88,95.0,0.0,19,3835.72,2030.72,0,0,0,11
2025-11-18,ELEC-HP-100,Apex Wireless Noise-Canceling Headphones,Electronics,202.13,95.0,0.0,11,2223.43,1178.43,0,0,1,11
2025-11-19,ELEC-HP-100,Apex Wireless Noise-Canceling Headphones,Electronics,203.45,95.0,0.0,17,3458.65,1843.65,0,0,2,11
2025-11-20,ELEC-HP-100,Apex Wireless Noise-Canceling Headphones,Electronics,198.94,95.0,0.0,21,4177.74,2182.74,0,0,3,11
2025-11-21,ELEC-HP-100,Apex Wireless Noise-Canceling Headphones,Electronics,200.38,95.0,0.0,20,4007.6,2107.6,0,0,4,11
2025-11-22,ELEC-HP-100,Apex Wireless Noise-Canceling Headphones,Electronics,196.69,95.0,0.0,22,4327.18,2237.18,1,0,5,11
2025-11-23,ELEC-HP-100,Apex Wireless Noise-Canceling Headphones,Electronics,196.92,95.0,0.0,26,5119.92,2649.92,1,0,6,11
2025-11-24,ELEC-HP-100,Apex Wireless Noise-Canceling Headphones,Electronics,179.99,95.0,10.0,28,5039.72,2379.72,0,0,0,11
2025-11-25,ELEC-HP-100,Apex Wireless Noise-Canceling Headphones,Electronics,202.8,95.0,0.0,22,4461.6,2371.6,0,0,1,11
2025-11-26,ELEC-HP-100,Apex Wireless Noise-Canceling Headphones,Electronics,149.99,95.0,25.0,80,11999.2,4399.2,0,1,2,11
2025-11-27,ELEC-HP-100,Apex Wireless Noise-Canceling Headphones,Electronics,203.4,95.0,0.0,59,12000.6,6395.6,0,1,3,11
2025-11-28,ELEC-HP-100,Apex Wireless Noise-Canceling Headphones,Electronics,202.24,95.0,0.0,73,14763.52,7828.52,0,1,4,11
2025-11-29,ELEC-HP-100,Apex Wireless Noise-Canceling Headphones,Electronics,179.99,95.0,10.0,85,15299.15,7224.15,1,1,5,11
2025-11-30,ELEC-HP-100,Apex Wireless Noise-Canceling Headphones,Electronics,197.48,95.0,0.0,53,10466.44,5431.44,1,1,6,11
2025-12-01,ELEC-HP-100,Apex Wireless Noise-Canceling Headphones,Electronics,203.25,95.0,0.0,16,3252.0,1732.0,0,0,0,12
2025-12-02,ELEC-HP-100,Apex Wireless Noise-Canceling Headphones,Electronics,201.45,95.0,0.0,18,3626.1,1916.1,0,0,1,12
2025-12-03,ELEC-HP-100,Apex Wireless Noise-Canceling Headphones,Electronics,203.19,95.0,0.0,20,4063.8,2163.8,0,0,2,12
2025-12-04,ELEC-HP-100,Apex Wireless Noise-Canceling Headphones,Electronics,199.5,95.0,0.0,22,4389.0,2299.0,0,0,3,12
2025-12-05,ELEC-HP-100,Apex Wireless Noise-Canceling Headphones,Electronics,199.12,95.0,0.0,25,4978.0,2603.0,0,0,4,12
2025-12-06,ELEC-HP-100,Apex Wireless Noise-Canceling Headphones,Electronics,197.82,95.0,0.0,28,5538.96,2878.96,1,0,5,12
2025-12-07,ELEC-HP-100,Apex Wireless Noise-Canceling Headphones,Electronics,198.65,95.0,0.0,29,5760.85,3005.85,1,0,6,12
2025-12-08,ELEC-HP-100,Apex Wireless Noise-Canceling Headphones,Electronics,197.32,95.0,0.0,26,5130.32,2660.32,0,0,0,12
2025-12-09,ELEC-HP-100,Apex Wireless Noise-Canceling Headphones,Electronics,201.92,95.0,0.0,22,4442.24,2352.24,0,0,1,12
2025-12-10,ELEC-HP-100,Apex Wireless Noise-Canceling Headphones,Electronics,202.22,95.0,0.0,14,2831.08,1501.08,0,0,2,12
2025-12-11,ELEC-HP-100,Apex Wireless Noise-Canceling Headphones,Electronics,201.7,95.0,0.0,20,4034.0,2134.0,0,0,3,12
2025-12-12,ELEC-HP-100,Apex Wireless Noise-Canceling Headphones,Electronics,196.81,95.0,0.0,25,4920.25,2545.25,0,0,4,12
2025-12-13,ELEC-HP-100,Apex Wireless Noise-Canceling Headphones,Electronics,159.99,95.0,20.0,40,6399.6,2599.6,1,0,5,12
2025-12-14,ELEC-HP-100,Apex Wireless Noise-Canceling Headphones,Electronics,200.01,95.0,0.0,25,5000.25,2625.25,1,0,6,12
2025-12-15,ELEC-HP-100,Apex Wireless Noise-Canceling Headphones,Electronics,199.26,95.0,0.0,23,4582.98,2397.98,0,0,0,12
2025-12-16,ELEC-HP-100,Apex Wireless Noise-Canceling Headphones,Electronics,200.78,95.0,0.0,19,3814.82,2009.82,0,0,1,12
2025-12-17,ELEC-HP-100,Apex Wireless Noise-Canceling Headphones,Electronics,200.78,95.0,0.0,34,6826.52,3596.52,0,1,2,12
2025-12-18,ELEC-HP-100,Apex Wireless Noise-Canceling Headphones,Electronics,199.38,95.0,0.0,35,6978.3,3653.3,0,1,3,12
2025-12-19,ELEC-HP-100,Apex Wireless Noise-Canceling Headphones,Electronics,203.28,95.0,0.0,36,7318.08,3898.08,0,1,4,12
2025-12-20,ELEC-HP-100,Apex Wireless Noise-Canceling Headphones,Electronics,198.04,95.0,0.0,31,6139.24,3194.24,1,0,5,12
2025-12-21,ELEC-HP-100,Apex Wireless Noise-Canceling Headphones,Electronics,196.81,95.0,0.0,34,6691.54,3461.54,1,0,6,12
2025-12-22,ELEC-HP-100,Apex Wireless Noise-Canceling Headphones,Electronics,196.17,95.0,0.0,22,4315.74,2225.74,0,0,0,12
2025-12-23,ELEC-HP-100,Apex Wireless Noise-Canceling Headphones,Electronics,198.99,95.0,0.0,18,3581.82,1871.82,0,1,1,12
2025-12-24,ELEC-HP-100,Apex Wireless Noise-Canceling Headphones,Electronics,196.82,95.0,0.0,22,4330.04,2240.04,0,1,2,12
2025-12-25,ELEC-HP-100,Apex Wireless Noise-Canceling Headphones,Electronics,197.31,95.0,0.0,26,5130.06,2660.06,0,1,3,12
2025-12-26,ELEC-HP-100,Apex Wireless Noise-Canceling Headphones,Electronics,198.65,95.0,0.0,32,6356.8,3316.8,0,1,4,12
2025-12-27,ELEC-HP-100,Apex Wireless Noise-Canceling Headphones,Electronics,200.85,95.0,0.0,37,7431.45,3916.45,1,1,5,12
2025-12-28,ELEC-HP-100,Apex Wireless Noise-Canceling Headphones,Electronics,197.63,95.0,0.0,30,5928.9,3078.9,1,0,6,12
2025-12-29,ELEC-HP-100,Apex Wireless Noise-Canceling Headphones,Electronics,196.9,95.0,0.0,18,3544.2,1834.2,0,0,0,12
2025-12-30,ELEC-HP-100,Apex Wireless Noise-Canceling Headphones,Electronics,203.37,95.0,0.0,18,3660.66,1950.66,0,0,1,12
2025-12-31,ELEC-HP-100,Apex Wireless Noise-Canceling Headphones,Electronics,203.34,95.0,0.0,20,4066.8,2166.8,0,0,2,12
2026-01-01,ELEC-HP-100,Apex Wireless Noise-Canceling Headphones,Electronics,203.29,95.0,0.0,21,4269.09,2274.09,0,1,3,1
2026-01-02,ELEC-HP-100,Apex Wireless Noise-Canceling Headphones,Electronics,197.31,95.0,0.0,37,7300.47,3785.47,0,1,4,1
2026-01-03,ELEC-HP-100,Apex Wireless Noise-Canceling Headphones,Electronics,197.75,95.0,0.0,23,4548.25,2363.25,1,0,5,1
2026-01-04,ELEC-HP-100,Apex Wireless Noise-Canceling Headphones,Electronics,203.79,95.0,0.0,24,4890.96,2610.96,1,0,6,1
2026-01-05,ELEC-HP-100,Apex Wireless Noise-Canceling Headphones,Electronics,202.87,95.0,0.0,19,3854.53,2049.53,0,0,0,1
2026-01-06,ELEC-HP-100,Apex Wireless Noise-Canceling Headphones,Electronics,198.39,95.0,0.0,17,3372.63,1757.63,0,0,1,1
2026-01-07,ELEC-HP-100,Apex Wireless Noise-Canceling Headphones,Electronics,199.4,95.0,0.0,24,4785.6,2505.6,0,0,2,1
2026-01-08,ELEC-HP-100,Apex Wireless Noise-Canceling Headphones,Electronics,199.74,95.0,0.0,23,4594.02,2409.02,0,0,3,1
2026-01-09,ELEC-HP-100,Apex Wireless Noise-Canceling Headphones,Electronics,202.68,95.0,0.0,25,5067.0,2692.0,0,0,4,1
2026-01-10,ELEC-HP-100,Apex Wireless Noise-Canceling Headphones,Electronics,201.7,95.0,0.0,27,5445.9,2880.9,1,0,5,1
2026-01-11,ELEC-HP-100,Apex Wireless Noise-Canceling Headphones,Electronics,199.84,95.0,0.0,25,4996.0,2621.0,1,0,6,1
2026-01-12,ELEC-HP-100,Apex Wireless Noise-Canceling Headphones,Electronics,196.81,95.0,0.0,18,3542.58,1832.58,0,0,0,1
2026-01-13,ELEC-HP-100,Apex Wireless Noise-Canceling Headphones,Electronics,202.02,95.0,0.0,19,3838.38,2033.38,0,0,1,1
2026-01-14,ELEC-HP-100,Apex Wireless Noise-Canceling Headphones,Electronics,203.82,95.0,0.0,18,3668.76,1958.76,0,0,2,1
2026-01-15,ELEC-HP-100,Apex Wireless Noise-Canceling Headphones,Electronics,198.02,95.0,0.0,17,3366.34,1751.34,0,0,3,1
2026-01-16,ELEC-HP-100,Apex Wireless Noise-Canceling Headphones,Electronics,200.75,95.0,0.0,22,4416.5,2326.5,0,0,4,1
2026-01-17,ELEC-HP-100,Apex Wireless Noise-Canceling Headphones,Electronics,203.09,95.0,0.0,28,5686.52,3026.52,1,0,5,1
2026-01-18,ELEC-HP-100,Apex Wireless Noise-Canceling Headphones,Electronics,202.43,95.0,0.0,35,7085.05,3760.05,1,0,6,1
2026-01-19,ELEC-HP-100,Apex Wireless Noise-Canceling Headphones,Electronics,199.24,95.0,0.0,17,3387.08,1772.08,0,0,0,1
2026-01-20,ELEC-HP-100,Apex Wireless Noise-Canceling Headphones,Electronics,201.06,95.0,0.0,13,2613.78,1378.78,0,0,1,1
2026-01-21,ELEC-HP-100,Apex Wireless Noise-Canceling Headphones,Electronics,201.13,95.0,0.0,21,4223.73,2228.73,0,0,2,1
2026-01-22,ELEC-HP-100,Apex Wireless Noise-Canceling Headphones,Electronics,202.59,95.0,0.0,19,3849.21,2044.21,0,0,3,1
2026-01-23,ELEC-HP-100,Apex Wireless Noise-Canceling Headphones,Electronics,202.64,95.0,0.0,22,4458.08,2368.08,0,0,4,1
2026-01-24,ELEC-HP-100,Apex Wireless Noise-Canceling Headphones,Electronics,198.89,95.0,0.0,34,6762.26,3532.26,1,0,5,1
2026-01-25,ELEC-HP-100,Apex Wireless Noise-Canceling Headphones,Electronics,179.99,95.0,10.0,23,4139.77,1954.77,1,0,6,1
2026-01-26,ELEC-HP-100,Apex Wireless Noise-Canceling Headphones,Electronics,203.87,95.0,0.0,18,3669.66,1959.66,0,0,0,1
2026-01-27,ELEC-HP-100,Apex Wireless Noise-Canceling Headphones,Electronics,199.87,95.0,0.0,19,3797.53,1992.53,0,0,1,1
2026-01-28,ELEC-HP-100,Apex Wireless Noise-Canceling Headphones,Electronics,201.58,95.0,0.0,18,3628.44,1918.44,0,0,2,1
2026-01-29,ELEC-HP-100,Apex Wireless Noise-Canceling Headphones,Electronics,201.15,95.0,0.0,20,4023.0,2123.0,0,0,3,1
2026-01-30,ELEC-HP-100,Apex Wireless Noise-Canceling Headphones,Electronics,203.19,95.0,0.0,27,5486.13,2921.13,0,0,4,1
2026-01-31,ELEC-HP-100,Apex Wireless Noise-Canceling Headphones,Electronics,202.57,95.0,0.0,27,5469.39,2904.39,1,0,5,1
2026-02-01,ELEC-HP-100,Apex Wireless Noise-Canceling Headphones,Electronics,199.97,95.0,0.0,17,3399.49,1784.49,1,0,6,2
2026-02-02,ELEC-HP-100,Apex Wireless Noise-Canceling Headphones,Electronics,199.97,95.0,0.0,23,4599.31,2414.31,0,0,0,2
2026-02-03,ELEC-HP-100,Apex Wireless Noise-Canceling Headphones,Electronics,197.11,95.0,0.0,17,3350.87,1735.87,0,0,1,2
2026-02-04,ELEC-HP-100,Apex Wireless Noise-Canceling Headphones,Electronics,201.85,95.0,0.0,17,3431.45,1816.45,0,0,2,2
2026-02-05,ELEC-HP-100,Apex Wireless Noise-Canceling Headphones,Electronics,199.94,95.0,0.0,23,4598.62,2413.62,0,0,3,2
2026-02-06,ELEC-HP-100,Apex Wireless Noise-Canceling Headphones,Electronics,199.23,95.0,0.0,30,5976.9,3126.9,0,0,4,2
2026-02-07,ELEC-HP-100,Apex Wireless Noise-Canceling Headphones,Electronics,198.82,95.0,0.0,43,8549.26,4464.26,1,0,5,2
2026-02-08,ELEC-HP-100,Apex Wireless Noise-Canceling Headphones,Electronics,196.71,95.0,0.0,32,6294.72,3254.72,1,0,6,2
2026-02-09,ELEC-HP-100,Apex Wireless Noise-Canceling Headphones,Electronics,202.69,95.0,0.0,19,3851.11,2046.11,0,0,0,2
2026-02-10,ELEC-HP-100,Apex Wireless Noise-Canceling Headphones,Electronics,201.76,95.0,0.0,18,3631.68,1921.68,0,0,1,2
2026-02-11,ELEC-HP-100,Apex Wireless Noise-Canceling Headphones,Electronics,197.07,95.0,0.0,21,4138.47,2143.47,0,0,2,2
2026-02-12,ELEC-HP-100,Apex Wireless Noise-Canceling Headphones,Electronics,200.31,95.0,0.0,17,3405.27,1790.27,0,0,3,2
2026-02-13,ELEC-HP-100,Apex Wireless Noise-Canceling Headphones,Electronics,202.76,95.0,0.0,48,9732.48,5172.48,0,1,4,2
2026-02-14,ELEC-HP-100,Apex Wireless Noise-Canceling Headphones,Electronics,200.98,95.0,0.0,38,7637.24,4027.24,1,1,5,2
2026-02-15,ELEC-HP-100,Apex Wireless Noise-Canceling Headphones,Electronics,198.8,95.0,0.0,35,6958.0,3633.0,1,1,6,2
2026-02-16,ELEC-HP-100,Apex Wireless Noise-Canceling Headphones,Electronics,149.99,95.0,25.0,36,5399.64,1979.64,0,0,0,2
2026-02-17,ELEC-HP-100,Apex Wireless Noise-Canceling Headphones,Electronics,196.6,95.0,0.0,12,2359.2,1219.2,0,0,1,2
2026-02-18,ELEC-HP-100,Apex Wireless Noise-Canceling Headphones,Electronics,203.73,95.0,0.0,17,3463.41,1848.41,0,0,2,2
2026-02-19,ELEC-HP-100,Apex Wireless Noise-Canceling Headphones,Electronics,203.69,95.0,0.0,26,5295.94,2825.94,0,0,3,2
2026-02-20,ELEC-HP-100,Apex Wireless Noise-Canceling Headphones,Electronics,200.16,95.0,0.0,30,6004.8,3154.8,0,0,4,2
2026-02-21,ELEC-HP-100,Apex Wireless Noise-Canceling Headphones,Electronics,169.99,95.0,15.0,44,7479.56,3299.56,1,0,5,2
2026-02-22,ELEC-HP-100,Apex Wireless Noise-Canceling Headphones,Electronics,179.99,95.0,10.0,41,7379.59,3484.59,1,0,6,2
2026-02-23,ELEC-HP-100,Apex Wireless Noise-Canceling Headphones,Electronics,201.54,95.0,0.0,20,4030.8,2130.8,0,0,0,2
2026-02-24,ELEC-HP-100,Apex Wireless Noise-Canceling Headphones,Electronics,196.95,95.0,0.0,24,4726.8,2446.8,0,0,1,2
2026-02-25,ELEC-HP-100,Apex Wireless Noise-Canceling Headphones,Electronics,196.91,95.0,0.0,20,3938.2,2038.2,0,0,2,2
2026-02-26,ELEC-HP-100,Apex Wireless Noise-Canceling Headphones,Electronics,201.95,95.0,0.0,12,2423.4,1283.4,0,0,3,2
2026-02-27,ELEC-HP-100,Apex Wireless Noise-Canceling Headphones,Electronics,200.17,95.0,0.0,28,5604.76,2944.76,0,0,4,2
2026-02-28,ELEC-HP-100,Apex Wireless Noise-Canceling Headphones,Electronics,198.91,95.0,0.0,30,5967.3,3117.3,1,0,5,2
2026-03-01,ELEC-HP-100,Apex Wireless Noise-Canceling Headphones,Electronics,203.07,95.0,0.0,28,5685.96,3025.96,1,0,6,3
2026-03-02,ELEC-HP-100,Apex Wireless Noise-Canceling Headphones,Electronics,199.23,95.0,0.0,23,4582.29,2397.29,0,0,0,3
2026-03-03,ELEC-HP-100,Apex Wireless Noise-Canceling Headphones,Electronics,200.3,95.0,0.0,23,4606.9,2421.9,0,0,1,3
2026-03-04,ELEC-HP-100,Apex Wireless Noise-Canceling Headphones,Electronics,200.15,95.0,0.0,21,4203.15,2208.15,0,0,2,3
2026-03-05,ELEC-HP-100,Apex Wireless Noise-Canceling Headphones,Electronics,199.33,95.0,0.0,22,4385.26,2295.26,0,0,3,3
2026-03-06,ELEC-HP-100,Apex Wireless Noise-Canceling Headphones,Electronics,196.55,95.0,0.0,20,3931.0,2031.0,0,0,4,3
2026-03-07,ELEC-HP-100,Apex Wireless Noise-Canceling Headphones,Electronics,199.83,95.0,0.0,32,6394.56,3354.56,1,0,5,3
2026-03-08,ELEC-HP-100,Apex Wireless Noise-Canceling Headphones,Electronics,149.99,95.0,25.0,46,6899.54,2529.54,1,0,6,3
2026-03-09,ELEC-HP-100,Apex Wireless Noise-Canceling Headphones,Electronics,198.68,95.0,0.0,22,4370.96,2280.96,0,0,0,3
2026-03-10,ELEC-HP-100,Apex Wireless Noise-Canceling Headphones,Electronics,196.02,95.0,0.0,21,4116.42,2121.42,0,0,1,3
2026-03-11,ELEC-HP-100,Apex Wireless Noise-Canceling Headphones,Electronics,202.81,95.0,0.0,25,5070.25,2695.25,0,0,2,3
2026-03-12,ELEC-HP-100,Apex Wireless Noise-Canceling Headphones,Electronics,198.21,95.0,0.0,32,6342.72,3302.72,0,0,3,3
2026-03-13,ELEC-HP-100,Apex Wireless Noise-Canceling Headphones,Electronics,196.87,95.0,0.0,27,5315.49,2750.49,0,0,4,3
2026-03-14,ELEC-HP-100,Apex Wireless Noise-Canceling Headphones,Electronics,203.64,95.0,0.0,35,7127.4,3802.4,1,0,5,3
2026-03-15,ELEC-HP-100,Apex Wireless Noise-Canceling Headphones,Electronics,200.7,95.0,0.0,18,3612.6,1902.6,1,0,6,3
2026-03-16,ELEC-HP-100,Apex Wireless Noise-Canceling Headphones,Electronics,202.69,95.0,0.0,17,3445.73,1830.73,0,0,0,3
2026-03-17,ELEC-HP-100,Apex Wireless Noise-Canceling Headphones,Electronics,196.95,95.0,0.0,11,2166.45,1121.45,0,0,1,3
2026-03-18,ELEC-HP-100,Apex Wireless Noise-Canceling Headphones,Electronics,196.28,95.0,0.0,28,5495.84,2835.84,0,0,2,3
2026-03-19,ELEC-HP-100,Apex Wireless Noise-Canceling Headphones,Electronics,197.72,95.0,0.0,24,4745.28,2465.28,0,0,3,3
2026-03-20,ELEC-HP-100,Apex Wireless Noise-Canceling Headphones,Electronics,200.19,95.0,0.0,24,4804.56,2524.56,0,0,4,3
2026-03-21,ELEC-HP-100,Apex Wireless Noise-Canceling Headphones,Electronics,199.92,95.0,0.0,30,5997.6,3147.6,1,0,5,3
2026-03-22,ELEC-HP-100,Apex Wireless Noise-Canceling Headphones,Electronics,201.97,95.0,0.0,34,6866.98,3636.98,1,0,6,3
2026-03-23,ELEC-HP-100,Apex Wireless Noise-Canceling Headphones,Electronics,199.12,95.0,0.0,18,3584.16,1874.16,0,0,0,3
2026-03-24,ELEC-HP-100,Apex Wireless Noise-Canceling Headphones,Electronics,196.35,95.0,0.0,28,5497.8,2837.8,0,0,1,3
2026-03-25,ELEC-HP-100,Apex Wireless Noise-Canceling Headphones,Electronics,198.62,95.0,0.0,31,6157.22,3212.22,0,0,2,3
2026-03-26,ELEC-HP-100,Apex Wireless Noise-Canceling Headphones,Electronics,198.24,95.0,0.0,20,3964.8,2064.8,0,0,3,3
2026-03-27,ELEC-HP-100,Apex Wireless Noise-Canceling Headphones,Electronics,201.56,95.0,0.0,41,8263.96,4368.96,0,0,4,3
2026-03-28,ELEC-HP-100,Apex Wireless Noise-Canceling Headphones,Electronics,203.15,95.0,0.0,37,7516.55,4001.55,1,0,5,3
2026-03-29,ELEC-HP-100,Apex Wireless Noise-Canceling Headphones,Electronics,203.24,95.0,0.0,29,5893.96,3138.96,1,0,6,3
2026-03-30,ELEC-HP-100,Apex Wireless Noise-Canceling Headphones,Electronics,200.34,95.0,0.0,27,5409.18,2844.18,0,0,0,3
2026-03-31,ELEC-HP-100,Apex Wireless Noise-Canceling Headphones,Electronics,200.16,95.0,0.0,27,5404.32,2839.32,0,0,1,3
2026-04-01,ELEC-HP-100,Apex Wireless Noise-Canceling Headphones,Electronics,159.99,95.0,20.0,28,4479.72,1819.72,0,0,2,4
2026-04-02,ELEC-HP-100,Apex Wireless Noise-Canceling Headphones,Electronics,198.66,95.0,0.0,18,3575.88,1865.88,0,0,3,4
2026-04-03,ELEC-HP-100,Apex Wireless Noise-Canceling Headphones,Electronics,197.5,95.0,0.0,29,5727.5,2972.5,0,0,4,4
2026-04-04,ELEC-HP-100,Apex Wireless Noise-Canceling Headphones,Electronics,196.03,95.0,0.0,40,7841.2,4041.2,1,0,5,4
2026-04-05,ELEC-HP-100,Apex Wireless Noise-Canceling Headphones,Electronics,179.99,95.0,10.0,46,8279.54,3909.54,1,0,6,4
2026-04-06,ELEC-HP-100,Apex Wireless Noise-Canceling Headphones,Electronics,200.44,95.0,0.0,27,5411.88,2846.88,0,0,0,4
2026-04-07,ELEC-HP-100,Apex Wireless Noise-Canceling Headphones,Electronics,197.54,95.0,0.0,15,2963.1,1538.1,0,0,1,4
2026-04-08,ELEC-HP-100,Apex Wireless Noise-Canceling Headphones,Electronics,200.47,95.0,0.0,16,3207.52,1687.52,0,0,2,4
2026-04-09,ELEC-HP-100,Apex Wireless Noise-Canceling Headphones,Electronics,196.06,95.0,0.0,31,6077.86,3132.86,0,0,3,4
2026-04-10,ELEC-HP-100,Apex Wireless Noise-Canceling Headphones,Electronics,198.26,95.0,0.0,36,7137.36,3717.36,0,0,4,4
2026-04-11,ELEC-HP-100,Apex Wireless Noise-Canceling Headphones,Electronics,197.43,95.0,0.0,38,7502.34,3892.34,1,0,5,4
2026-04-12,ELEC-HP-100,Apex Wireless Noise-Canceling Headphones,Electronics,197.38,95.0,0.0,24,4737.12,2457.12,1,0,6,4
2026-04-13,ELEC-HP-100,Apex Wireless Noise-Canceling Headphones,Electronics,201.66,95.0,0.0,22,4436.52,2346.52,0,0,0,4
2026-04-14,ELEC-HP-100,Apex Wireless Noise-Canceling Headphones,Electronics,196.59,95.0,0.0,30,5897.7,3047.7,0,1,1,4
2026-04-15,ELEC-HP-100,Apex Wireless Noise-Canceling Headphones,Electronics,201.17,95.0,0.0,29,5833.93,3078.93,0,1,2,4
2026-04-16,ELEC-HP-100,Apex Wireless Noise-Canceling Headphones,Electronics,196.52,95.0,0.0,37,7271.24,3756.24,0,1,3,4
2026-04-17,ELEC-HP-100,Apex Wireless Noise-Canceling Headphones,Electronics,202.54,95.0,0.0,24,4860.96,2580.96,0,0,4,4
2026-04-18,ELEC-HP-100,Apex Wireless Noise-Canceling Headphones,Electronics,197.26,95.0,0.0,33,6509.58,3374.58,1,0,5,4
2026-04-19,ELEC-HP-100,Apex Wireless Noise-Canceling Headphones,Electronics,196.81,95.0,0.0,38,7478.78,3868.78,1,0,6,4
2026-04-20,ELEC-HP-100,Apex Wireless Noise-Canceling Headphones,Electronics,202.6,95.0,0.0,19,3849.4,2044.4,0,0,0,4
2026-04-21,ELEC-HP-100,Apex Wireless Noise-Canceling Headphones,Electronics,202.17,95.0,0.0,18,3639.06,1929.06,0,0,1,4
2026-04-22,ELEC-HP-100,Apex Wireless Noise-Canceling Headphones,Electronics,202.93,95.0,0.0,35,7102.55,3777.55,0,0,2,4
2026-04-23,ELEC-HP-100,Apex Wireless Noise-Canceling Headphones,Electronics,201.84,95.0,0.0,32,6458.88,3418.88,0,0,3,4
2026-04-24,ELEC-HP-100,Apex Wireless Noise-Canceling Headphones,Electronics,203.71,95.0,0.0,33,6722.43,3587.43,0,0,4,4
2026-04-25,ELEC-HP-100,Apex Wireless Noise-Canceling Headphones,Electronics,198.49,95.0,0.0,30,5954.7,3104.7,1,0,5,4
2026-04-26,ELEC-HP-100,Apex Wireless Noise-Canceling Headphones,Electronics,201.96,95.0,0.0,33,6664.68,3529.68,1,0,6,4
2026-04-27,ELEC-HP-100,Apex Wireless Noise-Canceling Headphones,Electronics,199.76,95.0,0.0,23,4594.48,2409.48,0,0,0,4
2026-04-28,ELEC-HP-100,Apex Wireless Noise-Canceling Headphones,Electronics,197.62,95.0,0.0,15,2964.3,1539.3,0,0,1,4
2026-04-29,ELEC-HP-100,Apex Wireless Noise-Canceling Headphones,Electronics,199.62,95.0,0.0,24,4790.88,2510.88,0,0,2,4
2026-04-30,ELEC-HP-100,Apex Wireless Noise-Canceling Headphones,Electronics,202.36,95.0,0.0,38,7689.68,4079.68,0,0,3,4
2026-05-01,ELEC-HP-100,Apex Wireless Noise-Canceling Headphones,Electronics,199.69,95.0,0.0,32,6390.08,3350.08,0,0,4,5
2026-05-02,ELEC-HP-100,Apex Wireless Noise-Canceling Headphones,Electronics,200.46,95.0,0.0,29,5813.34,3058.34,1,0,5,5
2026-05-03,ELEC-HP-100,Apex Wireless Noise-Canceling Headphones,Electronics,201.2,95.0,0.0,28,5633.6,2973.6,1,0,6,5
2026-05-04,ELEC-HP-100,Apex Wireless Noise-Canceling Headphones,Electronics,199.46,95.0,0.0,23,4587.58,2402.58,0,0,0,5
2026-05-05,ELEC-HP-100,Apex Wireless Noise-Canceling Headphones,Electronics,199.15,95.0,0.0,26,5177.9,2707.9,0,0,1,5
2026-05-06,ELEC-HP-100,Apex Wireless Noise-Canceling Headphones,Electronics,203.61,95.0,0.0,31,6311.91,3366.91,0,0,2,5
2026-05-07,ELEC-HP-100,Apex Wireless Noise-Canceling Headphones,Electronics,201.98,95.0,0.0,19,3837.62,2032.62,0,0,3,5
2026-05-08,ELEC-HP-100,Apex Wireless Noise-Canceling Headphones,Electronics,200.56,95.0,0.0,25,5014.0,2639.0,0,0,4,5
2026-05-09,ELEC-HP-100,Apex Wireless Noise-Canceling Headphones,Electronics,202.2,95.0,0.0,45,9099.0,4824.0,1,0,5,5
2026-05-10,ELEC-HP-100,Apex Wireless Noise-Canceling Headphones,Electronics,200.26,95.0,0.0,39,7810.14,4105.14,1,0,6,5
2026-05-11,ELEC-HP-100,Apex Wireless Noise-Canceling Headphones,Electronics,202.59,95.0,0.0,21,4254.39,2259.39,0,0,0,5
2026-05-12,ELEC-HP-100,Apex Wireless Noise-Canceling Headphones,Electronics,203.81,95.0,0.0,18,3668.58,1958.58,0,0,1,5
2026-05-13,ELEC-HP-100,Apex Wireless Noise-Canceling Headphones,Electronics,202.56,95.0,0.0,35,7089.6,3764.6,0,0,2,5
2026-05-14,ELEC-HP-100,Apex Wireless Noise-Canceling Headphones,Electronics,203.16,95.0,0.0,27,5485.32,2920.32,0,0,3,5
2026-05-15,ELEC-HP-100,Apex Wireless Noise-Canceling Headphones,Electronics,200.89,95.0,0.0,27,5424.03,2859.03,0,0,4,5
2026-05-16,ELEC-HP-100,Apex Wireless Noise-Canceling Headphones,Electronics,203.57,95.0,0.0,35,7124.95,3799.95,1,0,5,5
2026-05-17,ELEC-HP-100,Apex Wireless Noise-Canceling Headphones,Electronics,200.89,95.0,0.0,31,6227.59,3282.59,1,0,6,5
2026-05-18,ELEC-HP-100,Apex Wireless Noise-Canceling Headphones,Electronics,200.41,95.0,0.0,25,5010.25,2635.25,0,0,0,5
2026-05-19,ELEC-HP-100,Apex Wireless Noise-Canceling Headphones,Electronics,149.99,95.0,25.0,39,5849.61,2144.61,0,0,1,5
2026-05-20,ELEC-HP-100,Apex Wireless Noise-Canceling Headphones,Electronics,197.3,95.0,0.0,24,4735.2,2455.2,0,0,2,5
2026-05-21,ELEC-HP-100,Apex Wireless Noise-Canceling Headphones,Electronics,200.74,95.0,0.0,28,5620.72,2960.72,0,0,3,5
2026-05-22,ELEC-HP-100,Apex Wireless Noise-Canceling Headphones,Electronics,200.92,95.0,0.0,27,5424.84,2859.84,0,0,4,5
2026-05-23,ELEC-HP-100,Apex Wireless Noise-Canceling Headphones,Electronics,201.94,95.0,0.0,41,8279.54,4384.54,1,0,5,5
2026-05-24,ELEC-HP-100,Apex Wireless Noise-Canceling Headphones,Electronics,196.34,95.0,0.0,26,5104.84,2634.84,1,0,6,5
2026-05-25,ELEC-HP-100,Apex Wireless Noise-Canceling Headphones,Electronics,201.22,95.0,0.0,21,4225.62,2230.62,0,0,0,5
2026-05-26,ELEC-HP-100,Apex Wireless Noise-Canceling Headphones,Electronics,199.94,95.0,0.0,15,2999.1,1574.1,0,0,1,5
2026-05-27,ELEC-HP-100,Apex Wireless Noise-Canceling Headphones,Electronics,197.75,95.0,0.0,33,6525.75,3390.75,0,1,2,5
2026-05-28,ELEC-HP-100,Apex Wireless Noise-Canceling Headphones,Electronics,202.71,95.0,0.0,34,6892.14,3662.14,0,1,3,5
2026-05-29,ELEC-HP-100,Apex Wireless Noise-Canceling Headphones,Electronics,201.02,95.0,0.0,47,9447.94,4982.94,0,1,4,5
2026-05-30,ELEC-HP-100,Apex Wireless Noise-Canceling Headphones,Electronics,200.03,95.0,0.0,35,7001.05,3676.05,1,0,5,5
2026-05-31,ELEC-HP-100,Apex Wireless Noise-Canceling Headphones,Electronics,200.69,95.0,0.0,33,6622.77,3487.77,1,0,6,5
2026-06-01,ELEC-HP-100,Apex Wireless Noise-Canceling Headphones,Electronics,202.33,95.0,0.0,20,4046.6,2146.6,0,0,0,6
2026-06-02,ELEC-HP-100,Apex Wireless Noise-Canceling Headphones,Electronics,149.99,95.0,25.0,38,5699.62,2089.62,0,0,1,6
2026-06-03,ELEC-HP-100,Apex Wireless Noise-Canceling Headphones,Electronics,159.99,95.0,20.0,44,7039.56,2859.56,0,0,2,6
2026-06-04,ELEC-HP-100,Apex Wireless Noise-Canceling Headphones,Electronics,202.2,95.0,0.0,24,4852.8,2572.8,0,0,3,6
2026-06-05,ELEC-HP-100,Apex Wireless Noise-Canceling Headphones,Electronics,201.05,95.0,0.0,28,5629.4,2969.4,0,0,4,6
2026-06-06,ELEC-HP-100,Apex Wireless Noise-Canceling Headphones,Electronics,199.29,95.0,0.0,24,4782.96,2502.96,1,0,5,6
2026-06-07,ELEC-HP-100,Apex Wireless Noise-Canceling Headphones,Electronics,169.99,95.0,15.0,33,5609.67,2474.67,1,0,6,6
2026-06-08,ELEC-HP-100,Apex Wireless Noise-Canceling Headphones,Electronics,200.73,95.0,0.0,25,5018.25,2643.25,0,0,0,6
2026-06-09,ELEC-HP-100,Apex Wireless Noise-Canceling Headphones,Electronics,149.99,95.0,25.0,30,4499.7,1649.7,0,0,1,6
2026-06-10,ELEC-HP-100,Apex Wireless Noise-Canceling Headphones,Electronics,149.99,95.0,25.0,38,5699.62,2089.62,0,0,2,6
2026-06-11,ELEC-HP-100,Apex Wireless Noise-Canceling Headphones,Electronics,202.85,95.0,0.0,27,5476.95,2911.95,0,0,3,6
2026-06-12,ELEC-HP-100,Apex Wireless Noise-Canceling Headphones,Electronics,197.89,95.0,0.0,27,5343.03,2778.03,0,0,4,6
2026-06-13,ELEC-HP-100,Apex Wireless Noise-Canceling Headphones,Electronics,199.53,95.0,0.0,31,6185.43,3240.43,1,0,5,6
2026-06-14,ELEC-HP-100,Apex Wireless Noise-Canceling Headphones,Electronics,201.35,95.0,0.0,24,4832.4,2552.4,1,0,6,6
2026-06-15,ELEC-HP-100,Apex Wireless Noise-Canceling Headphones,Electronics,200.69,95.0,0.0,35,7024.15,3699.15,0,0,0,6
2026-06-16,ELEC-HP-100,Apex Wireless Noise-Canceling Headphones,Electronics,198.86,95.0,0.0,22,4374.92,2284.92,0,0,1,6
2026-06-17,ELEC-HP-100,Apex Wireless Noise-Canceling Headphones,Electronics,198.84,95.0,0.0,25,4971.0,2596.0,0,0,2,6
2026-06-18,ELEC-HP-100,Apex Wireless Noise-Canceling Headphones,Electronics,149.99,95.0,25.0,49,7349.51,2694.51,0,0,3,6
2026-06-19,ELEC-HP-100,Apex Wireless Noise-Canceling Headphones,Electronics,202.9,95.0,0.0,31,6289.9,3344.9,0,0,4,6
2026-06-20,ELEC-HP-100,Apex Wireless Noise-Canceling Headphones,Electronics,196.26,95.0,0.0,30,5887.8,3037.8,1,0,5,6
2026-06-21,ELEC-HP-100,Apex Wireless Noise-Canceling Headphones,Electronics,201.11,95.0,0.0,26,5228.86,2758.86,1,0,6,6
2026-06-22,ELEC-HP-100,Apex Wireless Noise-Canceling Headphones,Electronics,196.7,95.0,0.0,17,3343.9,1728.9,0,0,0,6
2026-06-23,ELEC-HP-100,Apex Wireless Noise-Canceling Headphones,Electronics,149.99,95.0,25.0,44,6599.56,2419.56,0,0,1,6
2026-06-24,ELEC-HP-100,Apex Wireless Noise-Canceling Headphones,Electronics,199.83,95.0,0.0,28,5595.24,2935.24,0,0,2,6
2026-06-25,ELEC-HP-100,Apex Wireless Noise-Canceling Headphones,Electronics,198.58,95.0,0.0,23,4567.34,2382.34,0,0,3,6
2026-06-26,ELEC-HP-100,Apex Wireless Noise-Canceling Headphones,Electronics,198.73,95.0,0.0,32,6359.36,3319.36,0,0,4,6
2026-06-27,ELEC-HP-100,Apex Wireless Noise-Canceling Headphones,Electronics,197.05,95.0,0.0,40,7882.0,4082.0,1,0,5,6
2026-06-28,ELEC-HP-100,Apex Wireless Noise-Canceling Headphones,Electronics,197.5,95.0,0.0,36,7110.0,3690.0,1,0,6,6
2026-06-29,ELEC-HP-100,Apex Wireless Noise-Canceling Headphones,Electronics,197.87,95.0,0.0,38,7519.06,3909.06,0,0,0,6
2026-06-30,ELEC-HP-100,Apex Wireless Noise-Canceling Headphones,Electronics,201.28,95.0,0.0,27,5434.56,2869.56,0,0,1,6
2026-07-01,ELEC-HP-100,Apex Wireless Noise-Canceling Headphones,Electronics,202.35,95.0,0.0,32,6475.2,3435.2,0,0,2,7
2026-07-02,ELEC-HP-100,Apex Wireless Noise-Canceling Headphones,Electronics,203.52,95.0,0.0,31,6309.12,3364.12,0,0,3,7
2026-07-03,ELEC-HP-100,Apex Wireless Noise-Canceling Headphones,Electronics,200.61,95.0,0.0,28,5617.08,2957.08,0,0,4,7
2026-07-04,ELEC-HP-100,Apex Wireless Noise-Canceling Headphones,Electronics,200.83,95.0,0.0,30,6024.9,3174.9,1,0,5,7
2026-07-05,ELEC-HP-100,Apex Wireless Noise-Canceling Headphones,Electronics,203.94,95.0,0.0,34,6933.96,3703.96,1,0,6,7
2026-07-06,ELEC-HP-100,Apex Wireless Noise-Canceling Headphones,Electronics,198.3,95.0,0.0,17,3371.1,1756.1,0,0,0,7
2026-07-07,ELEC-HP-100,Apex Wireless Noise-Canceling Headphones,Electronics,202.11,95.0,0.0,31,6265.41,3320.41,0,0,1,7
2026-07-08,ELEC-HP-100,Apex Wireless Noise-Canceling Headphones,Electronics,203.2,95.0,0.0,30,6096.0,3246.0,0,0,2,7
2026-07-09,ELEC-HP-100,Apex Wireless Noise-Canceling Headphones,Electronics,202.94,95.0,0.0,23,4667.62,2482.62,0,0,3,7
2026-07-10,ELEC-HP-100,Apex Wireless Noise-Canceling Headphones,Electronics,201.18,95.0,0.0,27,5431.86,2866.86,0,0,4,7
2026-07-11,ELEC-HP-100,Apex Wireless Noise-Canceling Headphones,Electronics,200.87,95.0,0.0,59,11851.33,6246.33,1,1,5,7
2026-07-12,ELEC-HP-100,Apex Wireless Noise-Canceling Headphones,Electronics,200.38,95.0,0.0,55,11020.9,5795.9,1,1,6,7
2026-07-13,ELEC-HP-100,Apex Wireless Noise-Canceling Headphones,Electronics,199.55,95.0,0.0,34,6784.7,3554.7,0,1,0,7
2026-07-14,ELEC-HP-100,Apex Wireless Noise-Canceling Headphones,Electronics,202.06,95.0,0.0,23,4647.38,2462.38,0,0,1,7
2026-07-15,ELEC-HP-100,Apex Wireless Noise-Canceling Headphones,Electronics,203.6,95.0,0.0,29,5904.4,3149.4,0,0,2,7
2026-07-16,ELEC-HP-100,Apex Wireless Noise-Canceling Headphones,Electronics,197.18,95.0,0.0,27,5323.86,2758.86,0,0,3,7
2026-07-17,ELEC-HP-100,Apex Wireless Noise-Canceling Headphones,Electronics,199.8,95.0,0.0,29,5794.2,3039.2,0,0,4,7
2026-07-18,ELEC-HP-100,Apex Wireless Noise-Canceling Headphones,Electronics,201.96,95.0,0.0,37,7472.52,3957.52,1,0,5,7
2026-07-19,ELEC-HP-100,Apex Wireless Noise-Canceling Headphones,Electronics,202.57,95.0,0.0,29,5874.53,3119.53,1,0,6,7
2026-07-20,ELEC-HP-100,Apex Wireless Noise-Canceling Headphones,Electronics,196.56,95.0,0.0,36,7076.16,3656.16,0,0,0,7
2026-07-21,ELEC-HP-100,Apex Wireless Noise-Canceling Headphones,Electronics,199.03,95.0,0.0,19,3781.57,1976.57,0,0,1,7
2026-07-22,ELEC-HP-100,Apex Wireless Noise-Canceling Headphones,Electronics,197.55,95.0,0.0,19,3753.45,1948.45,0,0,2,7
2026-07-23,ELEC-HP-100,Apex Wireless Noise-Canceling Headphones,Electronics,200.17,95.0,0.0,26,5204.42,2734.42,0,0,3,7
2026-07-24,ELEC-HP-100,Apex Wireless Noise-Canceling Headphones,Electronics,196.71,95.0,0.0,35,6884.85,3559.85,0,0,4,7
2026-07-25,ELEC-HP-100,Apex Wireless Noise-Canceling Headphones,Electronics,203.8,95.0,0.0,39,7948.2,4243.2,1,0,5,7
2026-07-26,ELEC-HP-100,Apex Wireless Noise-Canceling Headphones,Electronics,196.98,95.0,0.0,39,7682.22,3977.22,1,0,6,7
2026-07-27,ELEC-HP-100,Apex Wireless Noise-Canceling Headphones,Electronics,197.47,95.0,0.0,21,4146.87,2151.87,0,0,0,7
2026-07-28,ELEC-HP-100,Apex Wireless Noise-Canceling Headphones,Electronics,197.47,95.0,0.0,32,6319.04,3279.04,0,0,1,7
2026-07-29,ELEC-HP-100,Apex Wireless Noise-Canceling Headphones,Electronics,196.69,95.0,0.0,30,5900.7,3050.7,0,0,2,7
2026-07-30,ELEC-HP-100,Apex Wireless Noise-Canceling Headphones,Electronics,200.2,95.0,0.0,19,3803.8,1998.8,0,0,3,7
2026-07-31,ELEC-HP-100,Apex Wireless Noise-Canceling Headphones,Electronics,201.09,95.0,0.0,30,6032.7,3182.7,0,0,4,7
2026-08-01,ELEC-HP-100,Apex Wireless Noise-Canceling Headphones,Electronics,202.34,95.0,0.0,34,6879.56,3649.56,1,0,5,8
2026-08-02,ELEC-HP-100,Apex Wireless Noise-Canceling Headphones,Electronics,198.88,95.0,0.0,39,7756.32,4051.32,1,0,6,8
2026-08-03,ELEC-HP-100,Apex Wireless Noise-Canceling Headphones,Electronics,200.44,95.0,0.0,19,3808.36,2003.36,0,0,0,8
2026-08-04,ELEC-HP-100,Apex Wireless Noise-Canceling Headphones,Electronics,201.85,95.0,0.0,28,5651.8,2991.8,0,0,1,8
2026-08-05,ELEC-HP-100,Apex Wireless Noise-Canceling Headphones,Electronics,202.47,95.0,0.0,27,5466.69,2901.69,0,0,2,8
2026-08-06,ELEC-HP-100,Apex Wireless Noise-Canceling Headphones,Electronics,169.99,95.0,15.0,32,5439.68,2399.68,0,0,3,8
2026-08-07,ELEC-HP-100,Apex Wireless Noise-Canceling Headphones,Electronics,197.87,95.0,0.0,37,7321.19,3806.19,0,0,4,8
2026-08-08,ELEC-HP-100,Apex Wireless Noise-Canceling Headphones,Electronics,200.27,95.0,0.0,26,5207.02,2737.02,1,0,5,8
2026-08-09,ELEC-HP-100,Apex Wireless Noise-Canceling Headphones,Electronics,197.83,95.0,0.0,25,4945.75,2570.75,1,0,6,8
2026-08-10,ELEC-HP-100,Apex Wireless Noise-Canceling Headphones,Electronics,198.05,95.0,0.0,25,4951.25,2576.25,0,0,0,8
2026-08-11,ELEC-HP-100,Apex Wireless Noise-Canceling Headphones,Electronics,197.12,95.0,0.0,20,3942.4,2042.4,0,0,1,8
2026-08-12,ELEC-HP-100,Apex Wireless Noise-Canceling Headphones,Electronics,201.4,95.0,0.0,22,4430.8,2340.8,0,0,2,8
2026-08-13,ELEC-HP-100,Apex Wireless Noise-Canceling Headphones,Electronics,201.79,95.0,0.0,30,6053.7,3203.7,0,0,3,8
2026-08-14,ELEC-HP-100,Apex Wireless Noise-Canceling Headphones,Electronics,179.99,95.0,10.0,33,5939.67,2804.67,0,0,4,8
2026-08-15,ELEC-HP-100,Apex Wireless Noise-Canceling Headphones,Electronics,202.17,95.0,0.0,28,5660.76,3000.76,1,0,5,8
2026-08-16,ELEC-HP-100,Apex Wireless Noise-Canceling Headphones,Electronics,200.76,95.0,0.0,28,5621.28,2961.28,1,0,6,8
2026-08-17,ELEC-HP-100,Apex Wireless Noise-Canceling Headphones,Electronics,198.74,95.0,0.0,25,4968.5,2593.5,0,0,0,8
2026-08-18,ELEC-HP-100,Apex Wireless Noise-Canceling Headphones,Electronics,202.64,95.0,0.0,24,4863.36,2583.36,0,0,1,8
2026-08-19,ELEC-HP-100,Apex Wireless Noise-Canceling Headphones,Electronics,201.11,95.0,0.0,20,4022.2,2122.2,0,0,2,8
2026-08-20,ELEC-HP-100,Apex Wireless Noise-Canceling Headphones,Electronics,201.43,95.0,0.0,20,4028.6,2128.6,0,0,3,8
2026-08-21,ELEC-HP-100,Apex Wireless Noise-Canceling Headphones,Electronics,197.51,95.0,0.0,18,3555.18,1845.18,0,0,4,8
2026-08-22,ELEC-HP-100,Apex Wireless Noise-Canceling Headphones,Electronics,198.89,95.0,0.0,30,5966.7,3116.7,1,0,5,8
2026-08-23,ELEC-HP-100,Apex Wireless Noise-Canceling Headphones,Electronics,196.7,95.0,0.0,45,8851.5,4576.5,1,0,6,8
2026-08-24,ELEC-HP-100,Apex Wireless Noise-Canceling Headphones,Electronics,202.03,95.0,0.0,17,3434.51,1819.51,0,0,0,8
2026-08-25,ELEC-HP-100,Apex Wireless Noise-Canceling Headphones,Electronics,179.99,95.0,10.0,26,4679.74,2209.74,0,0,1,8
2026-08-26,ELEC-HP-100,Apex Wireless Noise-Canceling Headphones,Electronics,196.0,95.0,0.0,24,4704.0,2424.0,0,0,2,8
2026-08-27,ELEC-HP-100,Apex Wireless Noise-Canceling Headphones,Electronics,196.95,95.0,0.0,42,8271.9,4281.9,0,0,3,8
2026-08-28,ELEC-HP-100,Apex Wireless Noise-Canceling Headphones,Electronics,201.89,95.0,0.0,33,6662.37,3527.37,0,0,4,8
2026-08-29,ELEC-HP-100,Apex Wireless Noise-Canceling Headphones,Electronics,201.36,95.0,0.0,23,4631.28,2446.28,1,0,5,8
2026-08-30,ELEC-HP-100,Apex Wireless Noise-Canceling Headphones,Electronics,202.29,95.0,0.0,36,7282.44,3862.44,1,0,6,8
2026-08-31,ELEC-HP-100,Apex Wireless Noise-Canceling Headphones,Electronics,200.04,95.0,0.0,17,3400.68,1785.68,0,0,0,8
2026-09-01,ELEC-HP-100,Apex Wireless Noise-Canceling Headphones,Electronics,196.93,95.0,0.0,18,3544.74,1834.74,0,0,1,9
2026-09-02,ELEC-HP-100,Apex Wireless Noise-Canceling Headphones,Electronics,199.04,95.0,0.0,20,3980.8,2080.8,0,0,2,9
2026-09-03,ELEC-HP-100,Apex Wireless Noise-Canceling Headphones,Electronics,200.07,95.0,0.0,36,7202.52,3782.52,0,1,3,9
2026-09-04,ELEC-HP-100,Apex Wireless Noise-Canceling Headphones,Electronics,203.53,95.0,0.0,43,8751.79,4666.79,0,1,4,9
2026-09-05,ELEC-HP-100,Apex Wireless Noise-Canceling Headphones,Electronics,202.28,95.0,0.0,40,8091.2,4291.2,1,1,5,9
2026-09-06,ELEC-HP-100,Apex Wireless Noise-Canceling Headphones,Electronics,199.12,95.0,0.0,28,5575.36,2915.36,1,0,6,9
2026-09-07,ELEC-HP-100,Apex Wireless Noise-Canceling Headphones,Electronics,200.31,95.0,0.0,23,4607.13,2422.13,0,0,0,9
2026-09-08,ELEC-HP-100,Apex Wireless Noise-Canceling Headphones,Electronics,200.25,95.0,0.0,24,4806.0,2526.0,0,0,1,9
2026-09-09,ELEC-HP-100,Apex Wireless Noise-Canceling Headphones,Electronics,197.69,95.0,0.0,28,5535.32,2875.32,0,0,2,9
2026-09-10,ELEC-HP-100,Apex Wireless Noise-Canceling Headphones,Electronics,196.17,95.0,0.0,18,3531.06,1821.06,0,0,3,9
2026-09-11,ELEC-HP-100,Apex Wireless Noise-Canceling Headphones,Electronics,203.65,95.0,0.0,28,5702.2,3042.2,0,0,4,9
2026-09-12,ELEC-HP-100,Apex Wireless Noise-Canceling Headphones,Electronics,198.5,95.0,0.0,33,6550.5,3415.5,1,0,5,9
2026-09-13,ELEC-HP-100,Apex Wireless Noise-Canceling Headphones,Electronics,203.18,95.0,0.0,33,6704.94,3569.94,1,0,6,9
2026-09-14,ELEC-HP-100,Apex Wireless Noise-Canceling Headphones,Electronics,203.61,95.0,0.0,26,5293.86,2823.86,0,0,0,9
2026-09-15,ELEC-HP-100,Apex Wireless Noise-Canceling Headphones,Electronics,196.96,95.0,0.0,21,4136.16,2141.16,0,0,1,9
2026-09-16,ELEC-HP-100,Apex Wireless Noise-Canceling Headphones,Electronics,197.85,95.0,0.0,16,3165.6,1645.6,0,0,2,9
2026-09-17,ELEC-HP-100,Apex Wireless Noise-Canceling Headphones,Electronics,203.48,95.0,0.0,29,5900.92,3145.92,0,0,3,9
2026-09-18,ELEC-HP-100,Apex Wireless Noise-Canceling Headphones,Electronics,202.8,95.0,0.0,28,5678.4,3018.4,0,0,4,9
2026-09-19,ELEC-HP-100,Apex Wireless Noise-Canceling Headphones,Electronics,199.08,95.0,0.0,32,6370.56,3330.56,1,0,5,9
2026-09-20,ELEC-HP-100,Apex Wireless Noise-Canceling Headphones,Electronics,197.68,95.0,0.0,29,5732.72,2977.72,1,0,6,9
2026-09-21,ELEC-HP-100,Apex Wireless Noise-Canceling Headphones,Electronics,200.95,95.0,0.0,18,3617.1,1907.1,0,0,0,9
2026-09-22,ELEC-HP-100,Apex Wireless Noise-Canceling Headphones,Electronics,197.36,95.0,0.0,18,3552.48,1842.48,0,0,1,9
2026-09-23,ELEC-HP-100,Apex Wireless Noise-Canceling Headphones,Electronics,201.52,95.0,0.0,23,4634.96,2449.96,0,0,2,9
2026-09-24,ELEC-HP-100,Apex Wireless Noise-Canceling Headphones,Electronics,197.82,95.0,0.0,20,3956.4,2056.4,0,0,3,9
2026-09-25,ELEC-HP-100,Apex Wireless Noise-Canceling Headphones,Electronics,197.38,95.0,0.0,31,6118.78,3173.78,0,0,4,9
2026-09-26,ELEC-HP-100,Apex Wireless Noise-Canceling Headphones,Electronics,201.78,95.0,0.0,35,7062.3,3737.3,1,0,5,9
2026-09-27,ELEC-HP-100,Apex Wireless Noise-Canceling Headphones,Electronics,201.22,95.0,0.0,26,5231.72,2761.72,1,0,6,9
2026-09-28,ELEC-HP-100,Apex Wireless Noise-Canceling Headphones,Electronics,149.99,95.0,25.0,36,5399.64,1979.64,0,0,0,9
2026-09-29,ELEC-HP-100,Apex Wireless Noise-Canceling Headphones,Electronics,199.09,95.0,0.0,34,6769.06,3539.06,0,0,1,9
2026-09-30,ELEC-HP-100,Apex Wireless Noise-Canceling Headphones,Electronics,197.06,95.0,0.0,21,4138.26,2143.26,0,0,2,9
2026-10-01,ELEC-HP-100,Apex Wireless Noise-Canceling Headphones,Electronics,200.65,95.0,0.0,25,5016.25,2641.25,0,0,3,10
2026-10-02,ELEC-HP-100,Apex Wireless Noise-Canceling Headphones,Electronics,200.94,95.0,0.0,23,4621.62,2436.62,0,0,4,10
2026-10-03,ELEC-HP-100,Apex Wireless Noise-Canceling Headphones,Electronics,201.02,95.0,0.0,23,4623.46,2438.46,1,0,5,10
2026-10-04,ELEC-HP-100,Apex Wireless Noise-Canceling Headphones,Electronics,169.99,95.0,15.0,21,3569.79,1574.79,1,0,6,10
2025-10-05,ELEC-WATCH-200,Pulse Pro Smart Fitness Watch,Electronics,147.03,68.0,0.0,39,5734.17,3082.17,1,0,6,10
2025-10-06,ELEC-WATCH-200,Pulse Pro Smart Fitness Watch,Electronics,148.57,68.0,0.0,27,4011.39,2175.39,0,0,0,10
2025-10-07,ELEC-WATCH-200,Pulse Pro Smart Fitness Watch,Electronics,149.46,68.0,0.0,20,2989.2,1629.2,0,0,1,10
2025-10-08,ELEC-WATCH-200,Pulse Pro Smart Fitness Watch,Electronics,148.87,68.0,0.0,27,4019.49,2183.49,0,0,2,10
2025-10-09,ELEC-WATCH-200,Pulse Pro Smart Fitness Watch,Electronics,151.94,68.0,0.0,32,4862.08,2686.08,0,0,3,10
2025-10-10,ELEC-WATCH-200,Pulse Pro Smart Fitness Watch,Electronics,148.36,68.0,0.0,41,6082.76,3294.76,0,0,4,10
2025-10-11,ELEC-WATCH-200,Pulse Pro Smart Fitness Watch,Electronics,150.32,68.0,0.0,24,3607.68,1975.68,1,0,5,10
2025-10-12,ELEC-WATCH-200,Pulse Pro Smart Fitness Watch,Electronics,146.87,68.0,0.0,38,5581.06,2997.06,1,0,6,10
2025-10-13,ELEC-WATCH-200,Pulse Pro Smart Fitness Watch,Electronics,147.19,68.0,0.0,26,3826.94,2058.94,0,0,0,10
2025-10-14,ELEC-WATCH-200,Pulse Pro Smart Fitness Watch,Electronics,148.72,68.0,0.0,20,2974.4,1614.4,0,0,1,10
2025-10-15,ELEC-WATCH-200,Pulse Pro Smart Fitness Watch,Electronics,151.0,68.0,0.0,18,2718.0,1494.0,0,0,2,10
2025-10-16,ELEC-WATCH-200,Pulse Pro Smart Fitness Watch,Electronics,148.63,68.0,0.0,41,6093.83,3305.83,0,0,3,10
2025-10-17,ELEC-WATCH-200,Pulse Pro Smart Fitness Watch,Electronics,150.57,68.0,0.0,32,4818.24,2642.24,0,0,4,10
2025-10-18,ELEC-WATCH-200,Pulse Pro Smart Fitness Watch,Electronics,119.6,68.0,20.0,68,8132.8,3508.8,1,0,5,10
2025-10-19,ELEC-WATCH-200,Pulse Pro Smart Fitness Watch,Electronics,151.73,68.0,0.0,39,5917.47,3265.47,1,0,6,10
2025-10-20,ELEC-WATCH-200,Pulse Pro Smart Fitness Watch,Electronics,151.91,68.0,0.0,17,2582.47,1426.47,0,0,0,10
2025-10-21,ELEC-WATCH-200,Pulse Pro Smart Fitness Watch,Electronics,147.36,68.0,0.0,24,3536.64,1904.64,0,0,1,10
2025-10-22,ELEC-WATCH-200,Pulse Pro Smart Fitness Watch,Electronics,134.55,68.0,10.0,34,4574.7,2262.7,0,0,2,10
2025-10-23,ELEC-WATCH-200,Pulse Pro Smart Fitness Watch,Electronics,147.25,68.0,0.0,31,4564.75,2456.75,0,0,3,10
2025-10-24,ELEC-WATCH-200,Pulse Pro Smart Fitness Watch,Electronics,150.87,68.0,0.0,37,5582.19,3066.19,0,0,4,10
2025-10-25,ELEC-WATCH-200,Pulse Pro Smart Fitness Watch,Electronics,150.65,68.0,0.0,37,5574.05,3058.05,1,0,5,10
2025-10-26,ELEC-WATCH-200,Pulse Pro Smart Fitness Watch,Electronics,134.55,68.0,10.0,38,5112.9,2528.9,1,0,6,10
2025-10-27,ELEC-WATCH-200,Pulse Pro Smart Fitness Watch,Electronics,151.23,68.0,0.0,26,3931.98,2163.98,0,0,0,10
2025-10-28,ELEC-WATCH-200,Pulse Pro Smart Fitness Watch,Electronics,151.43,68.0,0.0,25,3785.75,2085.75,0,0,1,10
2025-10-29,ELEC-WATCH-200,Pulse Pro Smart Fitness Watch,Electronics,149.99,68.0,0.0,25,3749.75,2049.75,0,0,2,10
2025-10-30,ELEC-WATCH-200,Pulse Pro Smart Fitness Watch,Electronics,150.73,68.0,0.0,37,5577.01,3061.01,0,1,3,10
2025-10-31,ELEC-WATCH-200,Pulse Pro Smart Fitness Watch,Electronics,147.51,68.0,0.0,39,5752.89,3100.89,0,1,4,10
2025-11-01,ELEC-WATCH-200,Pulse Pro Smart Fitness Watch,Electronics,151.83,68.0,0.0,33,5010.39,2766.39,1,0,5,11
2025-11-02,ELEC-WATCH-200,Pulse Pro Smart Fitness Watch,Electronics,146.66,68.0,0.0,37,5426.42,2910.42,1,0,6,11
2025-11-03,ELEC-WATCH-200,Pulse Pro Smart Fitness Watch,Electronics,148.55,68.0,0.0,17,2525.35,1369.35,0,0,0,11
2025-11-04,ELEC-WATCH-200,Pulse Pro Smart Fitness Watch,Electronics,148.37,68.0,0.0,28,4154.36,2250.36,0,0,1,11
2025-11-05,ELEC-WATCH-200,Pulse Pro Smart Fitness Watch,Electronics,148.69,68.0,0.0,26,3865.94,2097.94,0,0,2,11
2025-11-06,ELEC-WATCH-200,Pulse Pro Smart Fitness Watch,Electronics,147.35,68.0,0.0,28,4125.8,2221.8,0,0,3,11
2025-11-07,ELEC-WATCH-200,Pulse Pro Smart Fitness Watch,Electronics,112.12,68.0,25.0,53,5942.36,2338.36,0,0,4,11
2025-11-08,ELEC-WATCH-200,Pulse Pro Smart Fitness Watch,Electronics,148.81,68.0,0.0,21,3125.01,1697.01,1,0,5,11
2025-11-09,ELEC-WATCH-200,Pulse Pro Smart Fitness Watch,Electronics,148.83,68.0,0.0,27,4018.41,2182.41,1,0,6,11
2025-11-10,ELEC-WATCH-200,Pulse Pro Smart Fitness Watch,Electronics,151.03,68.0,0.0,25,3775.75,2075.75,0,0,0,11
2025-11-11,ELEC-WATCH-200,Pulse Pro Smart Fitness Watch,Electronics,151.89,68.0,0.0,18,2734.02,1510.02,0,0,1,11
2025-11-12,ELEC-WATCH-200,Pulse Pro Smart Fitness Watch,Electronics,148.39,68.0,0.0,34,5045.26,2733.26,0,0,2,11
2025-11-13,ELEC-WATCH-200,Pulse Pro Smart Fitness Watch,Electronics,151.45,68.0,0.0,41,6209.45,3421.45,0,0,3,11
2025-11-14,ELEC-WATCH-200,Pulse Pro Smart Fitness Watch,Electronics,148.82,68.0,0.0,30,4464.6,2424.6,0,0,4,11
2025-11-15,ELEC-WATCH-200,Pulse Pro Smart Fitness Watch,Electronics,147.43,68.0,0.0,38,5602.34,3018.34,1,0,5,11
2025-11-16,ELEC-WATCH-200,Pulse Pro Smart Fitness Watch,Electronics,151.07,68.0,0.0,40,6042.8,3322.8,1,0,6,11
2025-11-17,ELEC-WATCH-200,Pulse Pro Smart Fitness Watch,Electronics,148.32,68.0,0.0,22,3263.04,1767.04,0,0,0,11
2025-11-18,ELEC-WATCH-200,Pulse Pro Smart Fitness Watch,Electronics,146.85,68.0,0.0,23,3377.55,1813.55,0,0,1,11
2025-11-19,ELEC-WATCH-200,Pulse Pro Smart Fitness Watch,Electronics,112.12,68.0,25.0,39,4372.68,1720.68,0,0,2,11
2025-11-20,ELEC-WATCH-200,Pulse Pro Smart Fitness Watch,Electronics,134.55,68.0,10.0,26,3498.3,1730.3,0,0,3,11
2025-11-21,ELEC-WATCH-200,Pulse Pro Smart Fitness Watch,Electronics,134.55,68.0,10.0,42,5651.1,2795.1,0,0,4,11
2025-11-22,ELEC-WATCH-200,Pulse Pro Smart Fitness Watch,Electronics,148.91,68.0,0.0,39,5807.49,3155.49,1,0,5,11
2025-11-23,ELEC-WATCH-200,Pulse Pro Smart Fitness Watch,Electronics,150.22,68.0,0.0,28,4206.16,2302.16,1,0,6,11
2025-11-24,ELEC-WATCH-200,Pulse Pro Smart Fitness Watch,Electronics,146.75,68.0,0.0,26,3815.5,2047.5,0,0,0,11
2025-11-25,ELEC-WATCH-200,Pulse Pro Smart Fitness Watch,Electronics,147.87,68.0,0.0,29,4288.23,2316.23,0,0,1,11
2025-11-26,ELEC-WATCH-200,Pulse Pro Smart Fitness Watch,Electronics,151.71,68.0,0.0,57,8647.47,4771.47,0,1,2,11
2025-11-27,ELEC-WATCH-200,Pulse Pro Smart Fitness Watch,Electronics,147.26,68.0,0.0,85,12517.1,6737.1,0,1,3,11
2025-11-28,ELEC-WATCH-200,Pulse Pro Smart Fitness Watch,Electronics,151.76,68.0,0.0,105,15934.8,8794.8,0,1,4,11
2025-11-29,ELEC-WATCH-200,Pulse Pro Smart Fitness Watch,Electronics,149.28,68.0,0.0,96,14330.88,7802.88,1,1,5,11
2025-11-30,ELEC-WATCH-200,Pulse Pro Smart Fitness Watch,Electronics,148.75,68.0,0.0,73,10858.75,5894.75,1,1,6,11
2025-12-01,ELEC-WATCH-200,Pulse Pro Smart Fitness Watch,Electronics,151.07,68.0,0.0,23,3474.61,1910.61,0,0,0,12
2025-12-02,ELEC-WATCH-200,Pulse Pro Smart Fitness Watch,Electronics,149.45,68.0,0.0,26,3885.7,2117.7,0,0,1,12
2025-12-03,ELEC-WATCH-200,Pulse Pro Smart Fitness Watch,Electronics,152.37,68.0,0.0,24,3656.88,2024.88,0,0,2,12
2025-12-04,ELEC-WATCH-200,Pulse Pro Smart Fitness Watch,Electronics,127.08,68.0,15.0,41,5210.28,2422.28,0,0,3,12
2025-12-05,ELEC-WATCH-200,Pulse Pro Smart Fitness Watch,Electronics,152.23,68.0,0.0,26,3957.98,2189.98,0,0,4,12
2025-12-06,ELEC-WATCH-200,Pulse Pro Smart Fitness Watch,Electronics,151.62,68.0,0.0,34,5155.08,2843.08,1,0,5,12
2025-12-07,ELEC-WATCH-200,Pulse Pro Smart Fitness Watch,Electronics,151.85,68.0,0.0,31,4707.35,2599.35,1,0,6,12
2025-12-08,ELEC-WATCH-200,Pulse Pro Smart Fitness Watch,Electronics,150.26,68.0,0.0,34,5108.84,2796.84,0,0,0,12
2025-12-09,ELEC-WATCH-200,Pulse Pro Smart Fitness Watch,Electronics,149.36,68.0,0.0,28,4182.08,2278.08,0,0,1,12
2025-12-10,ELEC-WATCH-200,Pulse Pro Smart Fitness Watch,Electronics,127.08,68.0,15.0,37,4701.96,2185.96,0,0,2,12
2025-12-11,ELEC-WATCH-200,Pulse Pro Smart Fitness Watch,Electronics,148.3,68.0,0.0,26,3855.8,2087.8,0,0,3,12
2025-12-12,ELEC-WATCH-200,Pulse Pro Smart Fitness Watch,Electronics,148.18,68.0,0.0,36,5334.48,2886.48,0,0,4,12
2025-12-13,ELEC-WATCH-200,Pulse Pro Smart Fitness Watch,Electronics,148.27,68.0,0.0,43,6375.61,3451.61,1,0,5,12
2025-12-14,ELEC-WATCH-200,Pulse Pro Smart Fitness Watch,Electronics,147.36,68.0,0.0,39,5747.04,3095.04,1,0,6,12
2025-12-15,ELEC-WATCH-200,Pulse Pro Smart Fitness Watch,Electronics,150.45,68.0,0.0,27,4062.15,2226.15,0,0,0,12
2025-12-16,ELEC-WATCH-200,Pulse Pro Smart Fitness Watch,Electronics,149.43,68.0,0.0,16,2390.88,1302.88,0,0,1,12
2025-12-17,ELEC-WATCH-200,Pulse Pro Smart Fitness Watch,Electronics,148.94,68.0,0.0,36,5361.84,2913.84,0,1,2,12
2025-12-18,ELEC-WATCH-200,Pulse Pro Smart Fitness Watch,Electronics,119.6,68.0,20.0,63,7534.8,3250.8,0,1,3,12
2025-12-19,ELEC-WATCH-200,Pulse Pro Smart Fitness Watch,Electronics,152.18,68.0,0.0,60,9130.8,5050.8,0,1,4,12
2025-12-20,ELEC-WATCH-200,Pulse Pro Smart Fitness Watch,Electronics,146.97,68.0,0.0,37,5437.89,2921.89,1,0,5,12
2025-12-21,ELEC-WATCH-200,Pulse Pro Smart Fitness Watch,Electronics,150.74,68.0,0.0,20,3014.8,1654.8,1,0,6,12
2025-12-22,ELEC-WATCH-200,Pulse Pro Smart Fitness Watch,Electronics,148.92,68.0,0.0,22,3276.24,1780.24,0,0,0,12
2025-12-23,ELEC-WATCH-200,Pulse Pro Smart Fitness Watch,Electronics,148.19,68.0,0.0,36,5334.84,2886.84,0,1,1,12
2025-12-24,ELEC-WATCH-200,Pulse Pro Smart Fitness Watch,Electronics,148.43,68.0,0.0,39,5788.77,3136.77,0,1,2,12
2025-12-25,ELEC-WATCH-200,Pulse Pro Smart Fitness Watch,Electronics,150.34,68.0,0.0,38,5712.92,3128.92,0,1,3,12
2025-12-26,ELEC-WATCH-200,Pulse Pro Smart Fitness Watch,Electronics,147.25,68.0,0.0,58,8540.5,4596.5,0,1,4,12
2025-12-27,ELEC-WATCH-200,Pulse Pro Smart Fitness Watch,Electronics,149.2,68.0,0.0,54,8056.8,4384.8,1,1,5,12
2025-12-28,ELEC-WATCH-200,Pulse Pro Smart Fitness Watch,Electronics,146.94,68.0,0.0,37,5436.78,2920.78,1,0,6,12
2025-12-29,ELEC-WATCH-200,Pulse Pro Smart Fitness Watch,Electronics,150.78,68.0,0.0,30,4523.4,2483.4,0,0,0,12
2025-12-30,ELEC-WATCH-200,Pulse Pro Smart Fitness Watch,Electronics,149.81,68.0,0.0,25,3745.25,2045.25,0,0,1,12
2025-12-31,ELEC-WATCH-200,Pulse Pro Smart Fitness Watch,Electronics,112.12,68.0,25.0,47,5269.64,2073.64,0,0,2,12
2026-01-01,ELEC-WATCH-200,Pulse Pro Smart Fitness Watch,Electronics,149.48,68.0,0.0,31,4633.88,2525.88,0,1,3,1
2026-01-02,ELEC-WATCH-200,Pulse Pro Smart Fitness Watch,Electronics,150.27,68.0,0.0,37,5559.99,3043.99,0,1,4,1
2026-01-03,ELEC-WATCH-200,Pulse Pro Smart Fitness Watch,Electronics,149.57,68.0,0.0,23,3440.11,1876.11,1,0,5,1
2026-01-04,ELEC-WATCH-200,Pulse Pro Smart Fitness Watch,Electronics,127.08,68.0,15.0,48,6099.84,2835.84,1,0,6,1
2026-01-05,ELEC-WATCH-200,Pulse Pro Smart Fitness Watch,Electronics,151.53,68.0,0.0,29,4394.37,2422.37,0,0,0,1
2026-01-06,ELEC-WATCH-200,Pulse Pro Smart Fitness Watch,Electronics,147.12,68.0,0.0,24,3530.88,1898.88,0,0,1,1
2026-01-07,ELEC-WATCH-200,Pulse Pro Smart Fitness Watch,Electronics,151.55,68.0,0.0,23,3485.65,1921.65,0,0,2,1
2026-01-08,ELEC-WATCH-200,Pulse Pro Smart Fitness Watch,Electronics,151.84,68.0,0.0,26,3947.84,2179.84,0,0,3,1
2026-01-09,ELEC-WATCH-200,Pulse Pro Smart Fitness Watch,Electronics,148.77,68.0,0.0,49,7289.73,3957.73,0,0,4,1
2026-01-10,ELEC-WATCH-200,Pulse Pro Smart Fitness Watch,Electronics,150.62,68.0,0.0,36,5422.32,2974.32,1,0,5,1
2026-01-11,ELEC-WATCH-200,Pulse Pro Smart Fitness Watch,Electronics,150.29,68.0,0.0,37,5560.73,3044.73,1,0,6,1
2026-01-12,ELEC-WATCH-200,Pulse Pro Smart Fitness Watch,Electronics,134.55,68.0,10.0,24,3229.2,1597.2,0,0,0,1
2026-01-13,ELEC-WATCH-200,Pulse Pro Smart Fitness Watch,Electronics,150.49,68.0,0.0,36,5417.64,2969.64,0,0,1,1
2026-01-14,ELEC-WATCH-200,Pulse Pro Smart Fitness Watch,Electronics,148.29,68.0,0.0,19,2817.51,1525.51,0,0,2,1
2026-01-15,ELEC-WATCH-200,Pulse Pro Smart Fitness Watch,Electronics,150.36,68.0,0.0,16,2405.76,1317.76,0,0,3,1
2026-01-16,ELEC-WATCH-200,Pulse Pro Smart Fitness Watch,Electronics,152.23,68.0,0.0,32,4871.36,2695.36,0,0,4,1
2026-01-17,ELEC-WATCH-200,Pulse Pro Smart Fitness Watch,Electronics,149.25,68.0,0.0,31,4626.75,2518.75,1,0,5,1
2026-01-18,ELEC-WATCH-200,Pulse Pro Smart Fitness Watch,Electronics,148.72,68.0,0.0,33,4907.76,2663.76,1,0,6,1
2026-01-19,ELEC-WATCH-200,Pulse Pro Smart Fitness Watch,Electronics,151.6,68.0,0.0,20,3032.0,1672.0,0,0,0,1
2026-01-20,ELEC-WATCH-200,Pulse Pro Smart Fitness Watch,Electronics,149.33,68.0,0.0,32,4778.56,2602.56,0,0,1,1
2026-01-21,ELEC-WATCH-200,Pulse Pro Smart Fitness Watch,Electronics,150.56,68.0,0.0,28,4215.68,2311.68,0,0,2,1
2026-01-22,ELEC-WATCH-200,Pulse Pro Smart Fitness Watch,Electronics,147.33,68.0,0.0,31,4567.23,2459.23,0,0,3,1
2026-01-23,ELEC-WATCH-200,Pulse Pro Smart Fitness Watch,Electronics,148.4,68.0,0.0,36,5342.4,2894.4,0,0,4,1
2026-01-24,ELEC-WATCH-200,Pulse Pro Smart Fitness Watch,Electronics,150.77,68.0,0.0,32,4824.64,2648.64,1,0,5,1
2026-01-25,ELEC-WATCH-200,Pulse Pro Smart Fitness Watch,Electronics,119.6,68.0,20.0,34,4066.4,1754.4,1,0,6,1
2026-01-26,ELEC-WATCH-200,Pulse Pro Smart Fitness Watch,Electronics,149.59,68.0,0.0,22,3290.98,1794.98,0,0,0,1
2026-01-27,ELEC-WATCH-200,Pulse Pro Smart Fitness Watch,Electronics,146.6,68.0,0.0,24,3518.4,1886.4,0,0,1,1
2026-01-28,ELEC-WATCH-200,Pulse Pro Smart Fitness Watch,Electronics,146.63,68.0,0.0,20,2932.6,1572.6,0,0,2,1
2026-01-29,ELEC-WATCH-200,Pulse Pro Smart Fitness Watch,Electronics,149.46,68.0,0.0,27,4035.42,2199.42,0,0,3,1
2026-01-30,ELEC-WATCH-200,Pulse Pro Smart Fitness Watch,Electronics,150.07,68.0,0.0,48,7203.36,3939.36,0,0,4,1
2026-01-31,ELEC-WATCH-200,Pulse Pro Smart Fitness Watch,Electronics,150.56,68.0,0.0,33,4968.48,2724.48,1,0,5,1
2026-02-01,ELEC-WATCH-200,Pulse Pro Smart Fitness Watch,Electronics,151.13,68.0,0.0,27,4080.51,2244.51,1,0,6,2
2026-02-02,ELEC-WATCH-200,Pulse Pro Smart Fitness Watch,Electronics,151.12,68.0,0.0,32,4835.84,2659.84,0,0,0,2
2026-02-03,ELEC-WATCH-200,Pulse Pro Smart Fitness Watch,Electronics,148.1,68.0,0.0,31,4591.1,2483.1,0,0,1,2
2026-02-04,ELEC-WATCH-200,Pulse Pro Smart Fitness Watch,Electronics,148.59,68.0,0.0,26,3863.34,2095.34,0,0,2,2
2026-02-05,ELEC-WATCH-200,Pulse Pro Smart Fitness Watch,Electronics,148.3,68.0,0.0,36,5338.8,2890.8,0,0,3,2
2026-02-06,ELEC-WATCH-200,Pulse Pro Smart Fitness Watch,Electronics,151.88,68.0,0.0,39,5923.32,3271.32,0,0,4,2
2026-02-07,ELEC-WATCH-200,Pulse Pro Smart Fitness Watch,Electronics,149.25,68.0,0.0,37,5522.25,3006.25,1,0,5,2
2026-02-08,ELEC-WATCH-200,Pulse Pro Smart Fitness Watch,Electronics,146.9,68.0,0.0,31,4553.9,2445.9,1,0,6,2
2026-02-09,ELEC-WATCH-200,Pulse Pro Smart Fitness Watch,Electronics,149.4,68.0,0.0,31,4631.4,2523.4,0,0,0,2
2026-02-10,ELEC-WATCH-200,Pulse Pro Smart Fitness Watch,Electronics,146.86,68.0,0.0,18,2643.48,1419.48,0,0,1,2
2026-02-11,ELEC-WATCH-200,Pulse Pro Smart Fitness Watch,Electronics,147.86,68.0,0.0,23,3400.78,1836.78,0,0,2,2
2026-02-12,ELEC-WATCH-200,Pulse Pro Smart Fitness Watch,Electronics,150.23,68.0,0.0,34,5107.82,2795.82,0,0,3,2
2026-02-13,ELEC-WATCH-200,Pulse Pro Smart Fitness Watch,Electronics,147.39,68.0,0.0,55,8106.45,4366.45,0,1,4,2
2026-02-14,ELEC-WATCH-200,Pulse Pro Smart Fitness Watch,Electronics,148.83,68.0,0.0,56,8334.48,4526.48,1,1,5,2
2026-02-15,ELEC-WATCH-200,Pulse Pro Smart Fitness Watch,Electronics,148.57,68.0,0.0,60,8914.2,4834.2,1,1,6,2
2026-02-16,ELEC-WATCH-200,Pulse Pro Smart Fitness Watch,Electronics,149.32,68.0,0.0,35,5226.2,2846.2,0,0,0,2
2026-02-17,ELEC-WATCH-200,Pulse Pro Smart Fitness Watch,Electronics,146.88,68.0,0.0,21,3084.48,1656.48,0,0,1,2
2026-02-18,ELEC-WATCH-200,Pulse Pro Smart Fitness Watch,Electronics,150.28,68.0,0.0,27,4057.56,2221.56,0,0,2,2
2026-02-19,ELEC-WATCH-200,Pulse Pro Smart Fitness Watch,Electronics,152.24,68.0,0.0,29,4414.96,2442.96,0,0,3,2
2026-02-20,ELEC-WATCH-200,Pulse Pro Smart Fitness Watch,Electronics,149.5,68.0,0.0,38,5681.0,3097.0,0,0,4,2
2026-02-21,ELEC-WATCH-200,Pulse Pro Smart Fitness Watch,Electronics,148.15,68.0,0.0,45,6666.75,3606.75,1,0,5,2
2026-02-22,ELEC-WATCH-200,Pulse Pro Smart Fitness Watch,Electronics,149.78,68.0,0.0,34,5092.52,2780.52,1,0,6,2
2026-02-23,ELEC-WATCH-200,Pulse Pro Smart Fitness Watch,Electronics,147.5,68.0,0.0,27,3982.5,2146.5,0,0,0,2
2026-02-24,ELEC-WATCH-200,Pulse Pro Smart Fitness Watch,Electronics,146.81,68.0,0.0,23,3376.63,1812.63,0,0,1,2
2026-02-25,ELEC-WATCH-200,Pulse Pro Smart Fitness Watch,Electronics,150.06,68.0,0.0,18,2701.08,1477.08,0,0,2,2
2026-02-26,ELEC-WATCH-200,Pulse Pro Smart Fitness Watch,Electronics,152.38,68.0,0.0,23,3504.74,1940.74,0,0,3,2
2026-02-27,ELEC-WATCH-200,Pulse Pro Smart Fitness Watch,Electronics,151.94,68.0,0.0,38,5773.72,3189.72,0,0,4,2
2026-02-28,ELEC-WATCH-200,Pulse Pro Smart Fitness Watch,Electronics,149.36,68.0,0.0,43,6422.48,3498.48,1,0,5,2
2026-03-01,ELEC-WATCH-200,Pulse Pro Smart Fitness Watch,Electronics,150.34,68.0,0.0,40,6013.6,3293.6,1,0,6,3
2026-03-02,ELEC-WATCH-200,Pulse Pro Smart Fitness Watch,Electronics,149.89,68.0,0.0,33,4946.37,2702.37,0,0,0,3
2026-03-03,ELEC-WATCH-200,Pulse Pro Smart Fitness Watch,Electronics,146.58,68.0,0.0,39,5716.62,3064.62,0,0,1,3
2026-03-04,ELEC-WATCH-200,Pulse Pro Smart Fitness Watch,Electronics,150.3,68.0,0.0,24,3607.2,1975.2,0,0,2,3
2026-03-05,ELEC-WATCH-200,Pulse Pro Smart Fitness Watch,Electronics,151.58,68.0,0.0,35,5305.3,2925.3,0,0,3,3
2026-03-06,ELEC-WATCH-200,Pulse Pro Smart Fitness Watch,Electronics,149.07,68.0,0.0,40,5962.8,3242.8,0,0,4,3
2026-03-07,ELEC-WATCH-200,Pulse Pro Smart Fitness Watch,Electronics,148.24,68.0,0.0,40,5929.6,3209.6,1,0,5,3
2026-03-08,ELEC-WATCH-200,Pulse Pro Smart Fitness Watch,Electronics,152.45,68.0,0.0,34,5183.3,2871.3,1,0,6,3
2026-03-09,ELEC-WATCH-200,Pulse Pro Smart Fitness Watch,Electronics,151.02,68.0,0.0,29,4379.58,2407.58,0,0,0,3
2026-03-10,ELEC-WATCH-200,Pulse Pro Smart Fitness Watch,Electronics,151.22,68.0,0.0,23,3478.06,1914.06,0,0,1,3
2026-03-11,ELEC-WATCH-200,Pulse Pro Smart Fitness Watch,Electronics,148.65,68.0,0.0,32,4756.8,2580.8,0,0,2,3
2026-03-12,ELEC-WATCH-200,Pulse Pro Smart Fitness Watch,Electronics,147.66,68.0,0.0,42,6201.72,3345.72,0,0,3,3
2026-03-13,ELEC-WATCH-200,Pulse Pro Smart Fitness Watch,Electronics,149.54,68.0,0.0,31,4635.74,2527.74,0,0,4,3
2026-03-14,ELEC-WATCH-200,Pulse Pro Smart Fitness Watch,Electronics,146.73,68.0,0.0,44,6456.12,3464.12,1,0,5,3
2026-03-15,ELEC-WATCH-200,Pulse Pro Smart Fitness Watch,Electronics,149.98,68.0,0.0,38,5699.24,3115.24,1,0,6,3
2026-03-16,ELEC-WATCH-200,Pulse Pro Smart Fitness Watch,Electronics,148.2,68.0,0.0,27,4001.4,2165.4,0,0,0,3
2026-03-17,ELEC-WATCH-200,Pulse Pro Smart Fitness Watch,Electronics,152.17,68.0,0.0,35,5325.95,2945.95,0,0,1,3
2026-03-18,ELEC-WATCH-200,Pulse Pro Smart Fitness Watch,Electronics,151.18,68.0,0.0,28,4233.04,2329.04,0,0,2,3
2026-03-19,ELEC-WATCH-200,Pulse Pro Smart Fitness Watch,Electronics,147.73,68.0,0.0,33,4875.09,2631.09,0,0,3,3
2026-03-20,ELEC-WATCH-200,Pulse Pro Smart Fitness Watch,Electronics,148.49,68.0,0.0,45,6682.05,3622.05,0,0,4,3
2026-03-21,ELEC-WATCH-200,Pulse Pro Smart Fitness Watch,Electronics,146.94,68.0,0.0,42,6171.48,3315.48,1,0,5,3
2026-03-22,ELEC-WATCH-200,Pulse Pro Smart Fitness Watch,Electronics,151.36,68.0,0.0,44,6659.84,3667.84,1,0,6,3
2026-03-23,ELEC-WATCH-200,Pulse Pro Smart Fitness Watch,Electronics,150.66,68.0,0.0,33,4971.78,2727.78,0,0,0,3
2026-03-24,ELEC-WATCH-200,Pulse Pro Smart Fitness Watch,Electronics,147.42,68.0,0.0,36,5307.12,2859.12,0,0,1,3
2026-03-25,ELEC-WATCH-200,Pulse Pro Smart Fitness Watch,Electronics,148.2,68.0,0.0,29,4297.8,2325.8,0,0,2,3
2026-03-26,ELEC-WATCH-200,Pulse Pro Smart Fitness Watch,Electronics,147.27,68.0,0.0,37,5448.99,2932.99,0,0,3,3
2026-03-27,ELEC-WATCH-200,Pulse Pro Smart Fitness Watch,Electronics,149.0,68.0,0.0,37,5513.0,2997.0,0,0,4,3
2026-03-28,ELEC-WATCH-200,Pulse Pro Smart Fitness Watch,Electronics,152.33,68.0,0.0,34,5179.22,2867.22,1,0,5,3
2026-03-29,ELEC-WATCH-200,Pulse Pro Smart Fitness Watch,Electronics,148.33,68.0,0.0,33,4894.89,2650.89,1,0,6,3
2026-03-30,ELEC-WATCH-200,Pulse Pro Smart Fitness Watch,Electronics,150.87,68.0,0.0,43,6487.41,3563.41,0,0,0,3
2026-03-31,ELEC-WATCH-200,Pulse Pro Smart Fitness Watch,Electronics,150.48,68.0,0.0,27,4062.96,2226.96,0,0,1,3
2026-04-01,ELEC-WATCH-200,Pulse Pro Smart Fitness Watch,Electronics,148.46,68.0,0.0,35,5196.1,2816.1,0,0,2,4
2026-04-02,ELEC-WATCH-200,Pulse Pro Smart Fitness Watch,Electronics,147.6,68.0,0.0,32,4723.2,2547.2,0,0,3,4
2026-04-03,ELEC-WATCH-200,Pulse Pro Smart Fitness Watch,Electronics,151.33,68.0,0.0,36,5447.88,2999.88,0,0,4,4
2026-04-04,ELEC-WATCH-200,Pulse Pro Smart Fitness Watch,Electronics,150.46,68.0,0.0,31,4664.26,2556.26,1,0,5,4
2026-04-05,ELEC-WATCH-200,Pulse Pro Smart Fitness Watch,Electronics,150.75,68.0,0.0,32,4824.0,2648.0,1,0,6,4
2026-04-06,ELEC-WATCH-200,Pulse Pro Smart Fitness Watch,Electronics,150.0,68.0,0.0,43,6450.0,3526.0,0,0,0,4
2026-04-07,ELEC-WATCH-200,Pulse Pro Smart Fitness Watch,Electronics,112.12,68.0,25.0,43,4821.16,1897.16,0,0,1,4
2026-04-08,ELEC-WATCH-200,Pulse Pro Smart Fitness Watch,Electronics,148.28,68.0,0.0,35,5189.8,2809.8,0,0,2,4
2026-04-09,ELEC-WATCH-200,Pulse Pro Smart Fitness Watch,Electronics,147.12,68.0,0.0,34,5002.08,2690.08,0,0,3,4
2026-04-10,ELEC-WATCH-200,Pulse Pro Smart Fitness Watch,Electronics,148.72,68.0,0.0,51,7584.72,4116.72,0,0,4,4
2026-04-11,ELEC-WATCH-200,Pulse Pro Smart Fitness Watch,Electronics,150.68,68.0,0.0,47,7081.96,3885.96,1,0,5,4
2026-04-12,ELEC-WATCH-200,Pulse Pro Smart Fitness Watch,Electronics,152.02,68.0,0.0,43,6536.86,3612.86,1,0,6,4
2026-04-13,ELEC-WATCH-200,Pulse Pro Smart Fitness Watch,Electronics,151.66,68.0,0.0,26,3943.16,2175.16,0,0,0,4
2026-04-14,ELEC-WATCH-200,Pulse Pro Smart Fitness Watch,Electronics,147.68,68.0,0.0,34,5021.12,2709.12,0,1,1,4
2026-04-15,ELEC-WATCH-200,Pulse Pro Smart Fitness Watch,Electronics,152.36,68.0,0.0,44,6703.84,3711.84,0,1,2,4
2026-04-16,ELEC-WATCH-200,Pulse Pro Smart Fitness Watch,Electronics,150.86,68.0,0.0,40,6034.4,3314.4,0,1,3,4
2026-04-17,ELEC-WATCH-200,Pulse Pro Smart Fitness Watch,Electronics,149.48,68.0,0.0,37,5530.76,3014.76,0,0,4,4
2026-04-18,ELEC-WATCH-200,Pulse Pro Smart Fitness Watch,Electronics,151.21,68.0,0.0,47,7106.87,3910.87,1,0,5,4
2026-04-19,ELEC-WATCH-200,Pulse Pro Smart Fitness Watch,Electronics,146.66,68.0,0.0,49,7186.34,3854.34,1,0,6,4
2026-04-20,ELEC-WATCH-200,Pulse Pro Smart Fitness Watch,Electronics,150.72,68.0,0.0,25,3768.0,2068.0,0,0,0,4
2026-04-21,ELEC-WATCH-200,Pulse Pro Smart Fitness Watch,Electronics,151.4,68.0,0.0,30,4542.0,2502.0,0,0,1,4
2026-04-22,ELEC-WATCH-200,Pulse Pro Smart Fitness Watch,Electronics,147.3,68.0,0.0,39,5744.7,3092.7,0,0,2,4
2026-04-23,ELEC-WATCH-200,Pulse Pro Smart Fitness Watch,Electronics,148.36,68.0,0.0,30,4450.8,2410.8,0,0,3,4
2026-04-24,ELEC-WATCH-200,Pulse Pro Smart Fitness Watch,Electronics,150.53,68.0,0.0,44,6623.32,3631.32,0,0,4,4
2026-04-25,ELEC-WATCH-200,Pulse Pro Smart Fitness Watch,Electronics,150.25,68.0,0.0,44,6611.0,3619.0,1,0,5,4
2026-04-26,ELEC-WATCH-200,Pulse Pro Smart Fitness Watch,Electronics,112.12,68.0,25.0,77,8633.24,3397.24,1,0,6,4
2026-04-27,ELEC-WATCH-200,Pulse Pro Smart Fitness Watch,Electronics,150.54,68.0,0.0,18,2709.72,1485.72,0,0,0,4
2026-04-28,ELEC-WATCH-200,Pulse Pro Smart Fitness Watch,Electronics,148.23,68.0,0.0,27,4002.21,2166.21,0,0,1,4
2026-04-29,ELEC-WATCH-200,Pulse Pro Smart Fitness Watch,Electronics,127.08,68.0,15.0,43,5464.44,2540.44,0,0,2,4
2026-04-30,ELEC-WATCH-200,Pulse Pro Smart Fitness Watch,Electronics,150.89,68.0,0.0,31,4677.59,2569.59,0,0,3,4
2026-05-01,ELEC-WATCH-200,Pulse Pro Smart Fitness Watch,Electronics,151.2,68.0,0.0,36,5443.2,2995.2,0,0,4,5
2026-05-02,ELEC-WATCH-200,Pulse Pro Smart Fitness Watch,Electronics,119.6,68.0,20.0,70,8372.0,3612.0,1,0,5,5
2026-05-03,ELEC-WATCH-200,Pulse Pro Smart Fitness Watch,Electronics,146.85,68.0,0.0,40,5874.0,3154.0,1,0,6,5
2026-05-04,ELEC-WATCH-200,Pulse Pro Smart Fitness Watch,Electronics,150.35,68.0,0.0,34,5111.9,2799.9,0,0,0,5
2026-05-05,ELEC-WATCH-200,Pulse Pro Smart Fitness Watch,Electronics,147.7,68.0,0.0,30,4431.0,2391.0,0,0,1,5
2026-05-06,ELEC-WATCH-200,Pulse Pro Smart Fitness Watch,Electronics,147.12,68.0,0.0,29,4266.48,2294.48,0,0,2,5
2026-05-07,ELEC-WATCH-200,Pulse Pro Smart Fitness Watch,Electronics,149.09,68.0,0.0,35,5218.15,2838.15,0,0,3,5
2026-05-08,ELEC-WATCH-200,Pulse Pro Smart Fitness Watch,Electronics,112.12,68.0,25.0,90,10090.8,3970.8,0,0,4,5
2026-05-09,ELEC-WATCH-200,Pulse Pro Smart Fitness Watch,Electronics,148.92,68.0,0.0,50,7446.0,4046.0,1,0,5,5
2026-05-10,ELEC-WATCH-200,Pulse Pro Smart Fitness Watch,Electronics,149.04,68.0,0.0,39,5812.56,3160.56,1,0,6,5
2026-05-11,ELEC-WATCH-200,Pulse Pro Smart Fitness Watch,Electronics,148.09,68.0,0.0,27,3998.43,2162.43,0,0,0,5
2026-05-12,ELEC-WATCH-200,Pulse Pro Smart Fitness Watch,Electronics,148.12,68.0,0.0,28,4147.36,2243.36,0,0,1,5
2026-05-13,ELEC-WATCH-200,Pulse Pro Smart Fitness Watch,Electronics,152.3,68.0,0.0,33,5025.9,2781.9,0,0,2,5
2026-05-14,ELEC-WATCH-200,Pulse Pro Smart Fitness Watch,Electronics,146.96,68.0,0.0,49,7201.04,3869.04,0,0,3,5
2026-05-15,ELEC-WATCH-200,Pulse Pro Smart Fitness Watch,Electronics,147.06,68.0,0.0,44,6470.64,3478.64,0,0,4,5
2026-05-16,ELEC-WATCH-200,Pulse Pro Smart Fitness Watch,Electronics,150.39,68.0,0.0,40,6015.6,3295.6,1,0,5,5
2026-05-17,ELEC-WATCH-200,Pulse Pro Smart Fitness Watch,Electronics,127.08,68.0,15.0,75,9531.0,4431.0,1,0,6,5
2026-05-18,ELEC-WATCH-200,Pulse Pro Smart Fitness Watch,Electronics,150.55,68.0,0.0,35,5269.25,2889.25,0,0,0,5
2026-05-19,ELEC-WATCH-200,Pulse Pro Smart Fitness Watch,Electronics,148.38,68.0,0.0,27,4006.26,2170.26,0,0,1,5
2026-05-20,ELEC-WATCH-200,Pulse Pro Smart Fitness Watch,Electronics,151.69,68.0,0.0,44,6674.36,3682.36,0,0,2,5
2026-05-21,ELEC-WATCH-200,Pulse Pro Smart Fitness Watch,Electronics,147.44,68.0,0.0,48,7077.12,3813.12,0,0,3,5
2026-05-22,ELEC-WATCH-200,Pulse Pro Smart Fitness Watch,Electronics,151.79,68.0,0.0,33,5009.07,2765.07,0,0,4,5
2026-05-23,ELEC-WATCH-200,Pulse Pro Smart Fitness Watch,Electronics,150.7,68.0,0.0,48,7233.6,3969.6,1,0,5,5
2026-05-24,ELEC-WATCH-200,Pulse Pro Smart Fitness Watch,Electronics,146.6,68.0,0.0,45,6597.0,3537.0,1,0,6,5
2026-05-25,ELEC-WATCH-200,Pulse Pro Smart Fitness Watch,Electronics,149.2,68.0,0.0,46,6863.2,3735.2,0,0,0,5
2026-05-26,ELEC-WATCH-200,Pulse Pro Smart Fitness Watch,Electronics,151.53,68.0,0.0,25,3788.25,2088.25,0,0,1,5
2026-05-27,ELEC-WATCH-200,Pulse Pro Smart Fitness Watch,Electronics,152.35,68.0,0.0,34,5179.9,2867.9,0,1,2,5
2026-05-28,ELEC-WATCH-200,Pulse Pro Smart Fitness Watch,Electronics,149.1,68.0,0.0,38,5665.8,3081.8,0,1,3,5
2026-05-29,ELEC-WATCH-200,Pulse Pro Smart Fitness Watch,Electronics,112.12,68.0,25.0,107,11996.84,4720.84,0,1,4,5
2026-05-30,ELEC-WATCH-200,Pulse Pro Smart Fitness Watch,Electronics,148.06,68.0,0.0,45,6662.7,3602.7,1,0,5,5
2026-05-31,ELEC-WATCH-200,Pulse Pro Smart Fitness Watch,Electronics,146.56,68.0,0.0,45,6595.2,3535.2,1,0,6,5
2026-06-01,ELEC-WATCH-200,Pulse Pro Smart Fitness Watch,Electronics,150.32,68.0,0.0,27,4058.64,2222.64,0,0,0,6
2026-06-02,ELEC-WATCH-200,Pulse Pro Smart Fitness Watch,Electronics,147.06,68.0,0.0,27,3970.62,2134.62,0,0,1,6
2026-06-03,ELEC-WATCH-200,Pulse Pro Smart Fitness Watch,Electronics,150.93,68.0,0.0,27,4075.11,2239.11,0,0,2,6
2026-06-04,ELEC-WATCH-200,Pulse Pro Smart Fitness Watch,Electronics,147.99,68.0,0.0,24,3551.76,1919.76,0,0,3,6
2026-06-05,ELEC-WATCH-200,Pulse Pro Smart Fitness Watch,Electronics,150.89,68.0,0.0,43,6488.27,3564.27,0,0,4,6
2026-06-06,ELEC-WATCH-200,Pulse Pro Smart Fitness Watch,Electronics,147.0,68.0,0.0,60,8820.0,4740.0,1,0,5,6
2026-06-07,ELEC-WATCH-200,Pulse Pro Smart Fitness Watch,Electronics,134.55,68.0,10.0,43,5785.65,2861.65,1,0,6,6
2026-06-08,ELEC-WATCH-200,Pulse Pro Smart Fitness Watch,Electronics,150.95,68.0,0.0,36,5434.2,2986.2,0,0,0,6
2026-06-09,ELEC-WATCH-200,Pulse Pro Smart Fitness Watch,Electronics,146.92,68.0,0.0,30,4407.6,2367.6,0,0,1,6
2026-06-10,ELEC-WATCH-200,Pulse Pro Smart Fitness Watch,Electronics,150.01,68.0,0.0,33,4950.33,2706.33,0,0,2,6
2026-06-11,ELEC-WATCH-200,Pulse Pro Smart Fitness Watch,Electronics,148.71,68.0,0.0,44,6543.24,3551.24,0,0,3,6
2026-06-12,ELEC-WATCH-200,Pulse Pro Smart Fitness Watch,Electronics,151.22,68.0,0.0,40,6048.8,3328.8,0,0,4,6
2026-06-13,ELEC-WATCH-200,Pulse Pro Smart Fitness Watch,Electronics,148.0,68.0,0.0,51,7548.0,4080.0,1,0,5,6
2026-06-14,ELEC-WATCH-200,Pulse Pro Smart Fitness Watch,Electronics,149.16,68.0,0.0,30,4474.8,2434.8,1,0,6,6
2026-06-15,ELEC-WATCH-200,Pulse Pro Smart Fitness Watch,Electronics,148.26,68.0,0.0,32,4744.32,2568.32,0,0,0,6
2026-06-16,ELEC-WATCH-200,Pulse Pro Smart Fitness Watch,Electronics,148.31,68.0,0.0,32,4745.92,2569.92,0,0,1,6
2026-06-17,ELEC-WATCH-200,Pulse Pro Smart Fitness Watch,Electronics,149.45,68.0,0.0,43,6426.35,3502.35,0,0,2,6
2026-06-18,ELEC-WATCH-200,Pulse Pro Smart Fitness Watch,Electronics,151.08,68.0,0.0,33,4985.64,2741.64,0,0,3,6
2026-06-19,ELEC-WATCH-200,Pulse Pro Smart Fitness Watch,Electronics,148.07,68.0,0.0,34,5034.38,2722.38,0,0,4,6
2026-06-20,ELEC-WATCH-200,Pulse Pro Smart Fitness Watch,Electronics,146.93,68.0,0.0,40,5877.2,3157.2,1,0,5,6
2026-06-21,ELEC-WATCH-200,Pulse Pro Smart Fitness Watch,Electronics,151.78,68.0,0.0,48,7285.44,4021.44,1,0,6,6
2026-06-22,ELEC-WATCH-200,Pulse Pro Smart Fitness Watch,Electronics,147.17,68.0,0.0,29,4267.93,2295.93,0,0,0,6
2026-06-23,ELEC-WATCH-200,Pulse Pro Smart Fitness Watch,Electronics,148.0,68.0,0.0,32,4736.0,2560.0,0,0,1,6
2026-06-24,ELEC-WATCH-200,Pulse Pro Smart Fitness Watch,Electronics,148.64,68.0,0.0,31,4607.84,2499.84,0,0,2,6
2026-06-25,ELEC-WATCH-200,Pulse Pro Smart Fitness Watch,Electronics,151.23,68.0,0.0,31,4688.13,2580.13,0,0,3,6
2026-06-26,ELEC-WATCH-200,Pulse Pro Smart Fitness Watch,Electronics,152.21,68.0,0.0,37,5631.77,3115.77,0,0,4,6
2026-06-27,ELEC-WATCH-200,Pulse Pro Smart Fitness Watch,Electronics,149.53,68.0,0.0,36,5383.08,2935.08,1,0,5,6
2026-06-28,ELEC-WATCH-200,Pulse Pro Smart Fitness Watch,Electronics,149.82,68.0,0.0,42,6292.44,3436.44,1,0,6,6
2026-06-29,ELEC-WATCH-200,Pulse Pro Smart Fitness Watch,Electronics,151.65,68.0,0.0,34,5156.1,2844.1,0,0,0,6
2026-06-30,ELEC-WATCH-200,Pulse Pro Smart Fitness Watch,Electronics,151.65,68.0,0.0,35,5307.75,2927.75,0,0,1,6
2026-07-01,ELEC-WATCH-200,Pulse Pro Smart Fitness Watch,Electronics,112.12,68.0,25.0,55,6166.6,2426.6,0,0,2,7
2026-07-02,ELEC-WATCH-200,Pulse Pro Smart Fitness Watch,Electronics,150.54,68.0,0.0,28,4215.12,2311.12,0,0,3,7
2026-07-03,ELEC-WATCH-200,Pulse Pro Smart Fitness Watch,Electronics,147.88,68.0,0.0,32,4732.16,2556.16,0,0,4,7
2026-07-04,ELEC-WATCH-200,Pulse Pro Smart Fitness Watch,Electronics,146.52,68.0,0.0,51,7472.52,4004.52,1,0,5,7
2026-07-05,ELEC-WATCH-200,Pulse Pro Smart Fitness Watch,Electronics,149.59,68.0,0.0,34,5086.06,2774.06,1,0,6,7
2026-07-06,ELEC-WATCH-200,Pulse Pro Smart Fitness Watch,Electronics,146.62,68.0,0.0,28,4105.36,2201.36,0,0,0,7
2026-07-07,ELEC-WATCH-200,Pulse Pro Smart Fitness Watch,Electronics,134.55,68.0,10.0,28,3767.4,1863.4,0,0,1,7
2026-07-08,ELEC-WATCH-200,Pulse Pro Smart Fitness Watch,Electronics,119.6,68.0,20.0,47,5621.2,2425.2,0,0,2,7
2026-07-09,ELEC-WATCH-200,Pulse Pro Smart Fitness Watch,Electronics,147.98,68.0,0.0,23,3403.54,1839.54,0,0,3,7
2026-07-10,ELEC-WATCH-200,Pulse Pro Smart Fitness Watch,Electronics,147.91,68.0,0.0,44,6508.04,3516.04,0,0,4,7
2026-07-11,ELEC-WATCH-200,Pulse Pro Smart Fitness Watch,Electronics,149.0,68.0,0.0,75,11175.0,6075.0,1,1,5,7
2026-07-12,ELEC-WATCH-200,Pulse Pro Smart Fitness Watch,Electronics,150.67,68.0,0.0,75,11300.25,6200.25,1,1,6,7
2026-07-13,ELEC-WATCH-200,Pulse Pro Smart Fitness Watch,Electronics,149.5,68.0,0.0,52,7774.0,4238.0,0,1,0,7
2026-07-14,ELEC-WATCH-200,Pulse Pro Smart Fitness Watch,Electronics,150.29,68.0,0.0,31,4658.99,2550.99,0,0,1,7
2026-07-15,ELEC-WATCH-200,Pulse Pro Smart Fitness Watch,Electronics,150.13,68.0,0.0,24,3603.12,1971.12,0,0,2,7
2026-07-16,ELEC-WATCH-200,Pulse Pro Smart Fitness Watch,Electronics,127.08,68.0,15.0,37,4701.96,2185.96,0,0,3,7
2026-07-17,ELEC-WATCH-200,Pulse Pro Smart Fitness Watch,Electronics,147.74,68.0,0.0,39,5761.86,3109.86,0,0,4,7
2026-07-18,ELEC-WATCH-200,Pulse Pro Smart Fitness Watch,Electronics,147.73,68.0,0.0,46,6795.58,3667.58,1,0,5,7
2026-07-19,ELEC-WATCH-200,Pulse Pro Smart Fitness Watch,Electronics,146.62,68.0,0.0,49,7184.38,3852.38,1,0,6,7
2026-07-20,ELEC-WATCH-200,Pulse Pro Smart Fitness Watch,Electronics,149.35,68.0,0.0,33,4928.55,2684.55,0,0,0,7
2026-07-21,ELEC-WATCH-200,Pulse Pro Smart Fitness Watch,Electronics,150.63,68.0,0.0,26,3916.38,2148.38,0,0,1,7
2026-07-22,ELEC-WATCH-200,Pulse Pro Smart Fitness Watch,Electronics,150.84,68.0,0.0,33,4977.72,2733.72,0,0,2,7
2026-07-23,ELEC-WATCH-200,Pulse Pro Smart Fitness Watch,Electronics,151.42,68.0,0.0,41,6208.22,3420.22,0,0,3,7
2026-07-24,ELEC-WATCH-200,Pulse Pro Smart Fitness Watch,Electronics,148.51,68.0,0.0,47,6979.97,3783.97,0,0,4,7
2026-07-25,ELEC-WATCH-200,Pulse Pro Smart Fitness Watch,Electronics,147.61,68.0,0.0,54,7970.94,4298.94,1,0,5,7
2026-07-26,ELEC-WATCH-200,Pulse Pro Smart Fitness Watch,Electronics,149.3,68.0,0.0,30,4479.0,2439.0,1,0,6,7
2026-07-27,ELEC-WATCH-200,Pulse Pro Smart Fitness Watch,Electronics,151.32,68.0,0.0,40,6052.8,3332.8,0,0,0,7
2026-07-28,ELEC-WATCH-200,Pulse Pro Smart Fitness Watch,Electronics,146.91,68.0,0.0,40,5876.4,3156.4,0,0,1,7
2026-07-29,ELEC-WATCH-200,Pulse Pro Smart Fitness Watch,Electronics,149.75,68.0,0.0,49,7337.75,4005.75,0,0,2,7
2026-07-30,ELEC-WATCH-200,Pulse Pro Smart Fitness Watch,Electronics,150.39,68.0,0.0,24,3609.36,1977.36,0,0,3,7
2026-07-31,ELEC-WATCH-200,Pulse Pro Smart Fitness Watch,Electronics,151.32,68.0,0.0,41,6204.12,3416.12,0,0,4,7
2026-08-01,ELEC-WATCH-200,Pulse Pro Smart Fitness Watch,Electronics,147.83,68.0,0.0,41,6061.03,3273.03,1,0,5,8
2026-08-02,ELEC-WATCH-200,Pulse Pro Smart Fitness Watch,Electronics,146.92,68.0,0.0,39,5729.88,3077.88,1,0,6,8
2026-08-03,ELEC-WATCH-200,Pulse Pro Smart Fitness Watch,Electronics,150.83,68.0,0.0,33,4977.39,2733.39,0,0,0,8
2026-08-04,ELEC-WATCH-200,Pulse Pro Smart Fitness Watch,Electronics,146.56,68.0,0.0,26,3810.56,2042.56,0,0,1,8
2026-08-05,ELEC-WATCH-200,Pulse Pro Smart Fitness Watch,Electronics,149.4,68.0,0.0,36,5378.4,2930.4,0,0,2,8
2026-08-06,ELEC-WATCH-200,Pulse Pro Smart Fitness Watch,Electronics,119.6,68.0,20.0,35,4186.0,1806.0,0,0,3,8
2026-08-07,ELEC-WATCH-200,Pulse Pro Smart Fitness Watch,Electronics,150.0,68.0,0.0,44,6600.0,3608.0,0,0,4,8
2026-08-08,ELEC-WATCH-200,Pulse Pro Smart Fitness Watch,Electronics,151.31,68.0,0.0,43,6506.33,3582.33,1,0,5,8
2026-08-09,ELEC-WATCH-200,Pulse Pro Smart Fitness Watch,Electronics,150.52,68.0,0.0,42,6321.84,3465.84,1,0,6,8
2026-08-10,ELEC-WATCH-200,Pulse Pro Smart Fitness Watch,Electronics,147.53,68.0,0.0,26,3835.78,2067.78,0,0,0,8
2026-08-11,ELEC-WATCH-200,Pulse Pro Smart Fitness Watch,Electronics,150.99,68.0,0.0,38,5737.62,3153.62,0,0,1,8
2026-08-12,ELEC-WATCH-200,Pulse Pro Smart Fitness Watch,Electronics,150.08,68.0,0.0,32,4802.56,2626.56,0,0,2,8
2026-08-13,ELEC-WATCH-200,Pulse Pro Smart Fitness Watch,Electronics,147.45,68.0,0.0,33,4865.85,2621.85,0,0,3,8
2026-08-14,ELEC-WATCH-200,Pulse Pro Smart Fitness Watch,Electronics,148.13,68.0,0.0,33,4888.29,2644.29,0,0,4,8
2026-08-15,ELEC-WATCH-200,Pulse Pro Smart Fitness Watch,Electronics,147.95,68.0,0.0,38,5622.1,3038.1,1,0,5,8
2026-08-16,ELEC-WATCH-200,Pulse Pro Smart Fitness Watch,Electronics,151.94,68.0,0.0,39,5925.66,3273.66,1,0,6,8
2026-08-17,ELEC-WATCH-200,Pulse Pro Smart Fitness Watch,Electronics,146.97,68.0,0.0,35,5143.95,2763.95,0,0,0,8
2026-08-18,ELEC-WATCH-200,Pulse Pro Smart Fitness Watch,Electronics,151.42,68.0,0.0,32,4845.44,2669.44,0,0,1,8
2026-08-19,ELEC-WATCH-200,Pulse Pro Smart Fitness Watch,Electronics,127.08,68.0,15.0,36,4574.88,2126.88,0,0,2,8
2026-08-20,ELEC-WATCH-200,Pulse Pro Smart Fitness Watch,Electronics,148.09,68.0,0.0,45,6664.05,3604.05,0,0,3,8
2026-08-21,ELEC-WATCH-200,Pulse Pro Smart Fitness Watch,Electronics,148.45,68.0,0.0,35,5195.75,2815.75,0,0,4,8
2026-08-22,ELEC-WATCH-200,Pulse Pro Smart Fitness Watch,Electronics,150.66,68.0,0.0,37,5574.42,3058.42,1,0,5,8
2026-08-23,ELEC-WATCH-200,Pulse Pro Smart Fitness Watch,Electronics,148.09,68.0,0.0,44,6515.96,3523.96,1,0,6,8
2026-08-24,ELEC-WATCH-200,Pulse Pro Smart Fitness Watch,Electronics,151.16,68.0,0.0,34,5139.44,2827.44,0,0,0,8
2026-08-25,ELEC-WATCH-200,Pulse Pro Smart Fitness Watch,Electronics,147.04,68.0,0.0,34,4999.36,2687.36,0,0,1,8
2026-08-26,ELEC-WATCH-200,Pulse Pro Smart Fitness Watch,Electronics,149.1,68.0,0.0,27,4025.7,2189.7,0,0,2,8
2026-08-27,ELEC-WATCH-200,Pulse Pro Smart Fitness Watch,Electronics,146.74,68.0,0.0,37,5429.38,2913.38,0,0,3,8
2026-08-28,ELEC-WATCH-200,Pulse Pro Smart Fitness Watch,Electronics,151.88,68.0,0.0,47,7138.36,3942.36,0,0,4,8
2026-08-29,ELEC-WATCH-200,Pulse Pro Smart Fitness Watch,Electronics,151.9,68.0,0.0,50,7595.0,4195.0,1,0,5,8
2026-08-30,ELEC-WATCH-200,Pulse Pro Smart Fitness Watch,Electronics,149.96,68.0,0.0,28,4198.88,2294.88,1,0,6,8
2026-08-31,ELEC-WATCH-200,Pulse Pro Smart Fitness Watch,Electronics,152.48,68.0,0.0,27,4116.96,2280.96,0,0,0,8
2026-09-01,ELEC-WATCH-200,Pulse Pro Smart Fitness Watch,Electronics,151.33,68.0,0.0,23,3480.59,1916.59,0,0,1,9
2026-09-02,ELEC-WATCH-200,Pulse Pro Smart Fitness Watch,Electronics,148.97,68.0,0.0,22,3277.34,1781.34,0,0,2,9
2026-09-03,ELEC-WATCH-200,Pulse Pro Smart Fitness Watch,Electronics,148.67,68.0,0.0,47,6987.49,3791.49,0,1,3,9
2026-09-04,ELEC-WATCH-200,Pulse Pro Smart Fitness Watch,Electronics,148.38,68.0,0.0,52,7715.76,4179.76,0,1,4,9
2026-09-05,ELEC-WATCH-200,Pulse Pro Smart Fitness Watch,Electronics,146.6,68.0,0.0,61,8942.6,4794.6,1,1,5,9
2026-09-06,ELEC-WATCH-200,Pulse Pro Smart Fitness Watch,Electronics,151.07,68.0,0.0,39,5891.73,3239.73,1,0,6,9
2026-09-07,ELEC-WATCH-200,Pulse Pro Smart Fitness Watch,Electronics,150.25,68.0,0.0,35,5258.75,2878.75,0,0,0,9
2026-09-08,ELEC-WATCH-200,Pulse Pro Smart Fitness Watch,Electronics,149.98,68.0,0.0,27,4049.46,2213.46,0,0,1,9
2026-09-09,ELEC-WATCH-200,Pulse Pro Smart Fitness Watch,Electronics,148.84,68.0,0.0,25,3721.0,2021.0,0,0,2,9
2026-09-10,ELEC-WATCH-200,Pulse Pro Smart Fitness Watch,Electronics,152.06,68.0,0.0,41,6234.46,3446.46,0,0,3,9
2026-09-11,ELEC-WATCH-200,Pulse Pro Smart Fitness Watch,Electronics,149.67,68.0,0.0,43,6435.81,3511.81,0,0,4,9
2026-09-12,ELEC-WATCH-200,Pulse Pro Smart Fitness Watch,Electronics,150.06,68.0,0.0,27,4051.62,2215.62,1,0,5,9
2026-09-13,ELEC-WATCH-200,Pulse Pro Smart Fitness Watch,Electronics,150.55,68.0,0.0,41,6172.55,3384.55,1,0,6,9
2026-09-14,ELEC-WATCH-200,Pulse Pro Smart Fitness Watch,Electronics,152.14,68.0,0.0,22,3347.08,1851.08,0,0,0,9
2026-09-15,ELEC-WATCH-200,Pulse Pro Smart Fitness Watch,Electronics,150.64,68.0,0.0,31,4669.84,2561.84,0,0,1,9
2026-09-16,ELEC-WATCH-200,Pulse Pro Smart Fitness Watch,Electronics,148.16,68.0,0.0,23,3407.68,1843.68,0,0,2,9
2026-09-17,ELEC-WATCH-200,Pulse Pro Smart Fitness Watch,Electronics,150.09,68.0,0.0,25,3752.25,2052.25,0,0,3,9
2026-09-18,ELEC-WATCH-200,Pulse Pro Smart Fitness Watch,Electronics,149.23,68.0,0.0,40,5969.2,3249.2,0,0,4,9
2026-09-19,ELEC-WATCH-200,Pulse Pro Smart Fitness Watch,Electronics,147.52,68.0,0.0,44,6490.88,3498.88,1,0,5,9
2026-09-20,ELEC-WATCH-200,Pulse Pro Smart Fitness Watch,Electronics,151.52,68.0,0.0,38,5757.76,3173.76,1,0,6,9
2026-09-21,ELEC-WATCH-200,Pulse Pro Smart Fitness Watch,Electronics,148.91,68.0,0.0,23,3424.93,1860.93,0,0,0,9
2026-09-22,ELEC-WATCH-200,Pulse Pro Smart Fitness Watch,Electronics,148.17,68.0,0.0,38,5630.46,3046.46,0,0,1,9
2026-09-23,ELEC-WATCH-200,Pulse Pro Smart Fitness Watch,Electronics,150.06,68.0,0.0,27,4051.62,2215.62,0,0,2,9
2026-09-24,ELEC-WATCH-200,Pulse Pro Smart Fitness Watch,Electronics,146.7,68.0,0.0,31,4547.7,2439.7,0,0,3,9
2026-09-25,ELEC-WATCH-200,Pulse Pro Smart Fitness Watch,Electronics,150.14,68.0,0.0,39,5855.46,3203.46,0,0,4,9
2026-09-26,ELEC-WATCH-200,Pulse Pro Smart Fitness Watch,Electronics,151.67,68.0,0.0,49,7431.83,4099.83,1,0,5,9
2026-09-27,ELEC-WATCH-200,Pulse Pro Smart Fitness Watch,Electronics,150.92,68.0,0.0,33,4980.36,2736.36,1,0,6,9
2026-09-28,ELEC-WATCH-200,Pulse Pro Smart Fitness Watch,Electronics,152.47,68.0,0.0,27,4116.69,2280.69,0,0,0,9
2026-09-29,ELEC-WATCH-200,Pulse Pro Smart Fitness Watch,Electronics,119.6,68.0,20.0,28,3348.8,1444.8,0,0,1,9
2026-09-30,ELEC-WATCH-200,Pulse Pro Smart Fitness Watch,Electronics,146.91,68.0,0.0,21,3085.11,1657.11,0,0,2,9
2026-10-01,ELEC-WATCH-200,Pulse Pro Smart Fitness Watch,Electronics,146.93,68.0,0.0,25,3673.25,1973.25,0,0,3,10
2026-10-02,ELEC-WATCH-200,Pulse Pro Smart Fitness Watch,Electronics,149.32,68.0,0.0,30,4479.6,2439.6,0,0,4,10
2026-10-03,ELEC-WATCH-200,Pulse Pro Smart Fitness Watch,Electronics,147.51,68.0,0.0,38,5605.38,3021.38,1,0,5,10
2026-10-04,ELEC-WATCH-200,Pulse Pro Smart Fitness Watch,Electronics,112.12,68.0,25.0,64,7175.68,2823.68,1,0,6,10
2025-10-05,ELEC-KEYB-300,Vortex Pro Mechanical Gaming Keyboard,Electronics,121.11,48.0,0.0,18,2179.98,1315.98,1,0,6,10
2025-10-06,ELEC-KEYB-300,Vortex Pro Mechanical Gaming Keyboard,Electronics,119.72,48.0,0.0,13,1556.36,932.36,0,0,0,10
2025-10-07,ELEC-KEYB-300,Vortex Pro Mechanical Gaming Keyboard,Electronics,117.63,48.0,0.0,12,1411.56,835.56,0,0,1,10
2025-10-08,ELEC-KEYB-300,Vortex Pro Mechanical Gaming Keyboard,Electronics,118.58,48.0,0.0,11,1304.38,776.38,0,0,2,10
2025-10-09,ELEC-KEYB-300,Vortex Pro Mechanical Gaming Keyboard,Electronics,119.58,48.0,0.0,17,2032.86,1216.86,0,0,3,10
2025-10-10,ELEC-KEYB-300,Vortex Pro Mechanical Gaming Keyboard,Electronics,119.82,48.0,0.0,23,2755.86,1651.86,0,0,4,10
2025-10-11,ELEC-KEYB-300,Vortex Pro Mechanical Gaming Keyboard,Electronics,119.64,48.0,0.0,27,3230.28,1934.28,1,0,5,10
2025-10-12,ELEC-KEYB-300,Vortex Pro Mechanical Gaming Keyboard,Electronics,120.46,48.0,0.0,22,2650.12,1594.12,1,0,6,10
2025-10-13,ELEC-KEYB-300,Vortex Pro Mechanical Gaming Keyboard,Electronics,116.74,48.0,0.0,15,1751.1,1031.1,0,0,0,10
2025-10-14,ELEC-KEYB-300,Vortex Pro Mechanical Gaming Keyboard,Electronics,120.62,48.0,0.0,20,2412.4,1452.4,0,0,1,10
2025-10-15,ELEC-KEYB-300,Vortex Pro Mechanical Gaming Keyboard,Electronics,120.67,48.0,0.0,17,2051.39,1235.39,0,0,2,10
2025-10-16,ELEC-KEYB-300,Vortex Pro Mechanical Gaming Keyboard,Electronics,120.61,48.0,0.0,19,2291.59,1379.59,0,0,3,10
2025-10-17,ELEC-KEYB-300,Vortex Pro Mechanical Gaming Keyboard,Electronics,117.83,48.0,0.0,24,2827.92,1675.92,0,0,4,10
2025-10-18,ELEC-KEYB-300,Vortex Pro Mechanical Gaming Keyboard,Electronics,121.02,48.0,0.0,20,2420.4,1460.4,1,0,5,10
2025-10-19,ELEC-KEYB-300,Vortex Pro Mechanical Gaming Keyboard,Electronics,118.73,48.0,0.0,28,3324.44,1980.44,1,0,6,10
2025-10-20,ELEC-KEYB-300,Vortex Pro Mechanical Gaming Keyboard,Electronics,117.23,48.0,0.0,11,1289.53,761.53,0,0,0,10
2025-10-21,ELEC-KEYB-300,Vortex Pro Mechanical Gaming Keyboard,Electronics,121.02,48.0,0.0,15,1815.3,1095.3,0,0,1,10
2025-10-22,ELEC-KEYB-300,Vortex Pro Mechanical Gaming Keyboard,Electronics,118.13,48.0,0.0,23,2716.99,1612.99,0,0,2,10
2025-10-23,ELEC-KEYB-300,Vortex Pro Mechanical Gaming Keyboard,Electronics,117.99,48.0,0.0,15,1769.85,1049.85,0,0,3,10
2025-10-24,ELEC-KEYB-300,Vortex Pro Mechanical Gaming Keyboard,Electronics,116.68,48.0,0.0,19,2216.92,1304.92,0,0,4,10
2025-10-25,ELEC-KEYB-300,Vortex Pro Mechanical Gaming Keyboard,Electronics,117.33,48.0,0.0,16,1877.28,1109.28,1,0,5,10
2025-10-26,ELEC-KEYB-300,Vortex Pro Mechanical Gaming Keyboard,Electronics,120.88,48.0,0.0,21,2538.48,1530.48,1,0,6,10
2025-10-27,ELEC-KEYB-300,Vortex Pro Mechanical Gaming Keyboard,Electronics,118.45,48.0,0.0,13,1539.85,915.85,0,0,0,10
2025-10-28,ELEC-KEYB-300,Vortex Pro Mechanical Gaming Keyboard,Electronics,118.91,48.0,0.0,11,1308.01,780.01,0,0,1,10
2025-10-29,ELEC-KEYB-300,Vortex Pro Mechanical Gaming Keyboard,Electronics,120.57,48.0,0.0,9,1085.13,653.13,0,0,2,10
2025-10-30,ELEC-KEYB-300,Vortex Pro Mechanical Gaming Keyboard,Electronics,120.86,48.0,0.0,19,2296.34,1384.34,0,1,3,10
2025-10-31,ELEC-KEYB-300,Vortex Pro Mechanical Gaming Keyboard,Electronics,118.89,48.0,0.0,21,2496.69,1488.69,0,1,4,10
2025-11-01,ELEC-KEYB-300,Vortex Pro Mechanical Gaming Keyboard,Electronics,120.71,48.0,0.0,23,2776.33,1672.33,1,0,5,11
2025-11-02,ELEC-KEYB-300,Vortex Pro Mechanical Gaming Keyboard,Electronics,118.36,48.0,0.0,24,2840.64,1688.64,1,0,6,11
2025-11-03,ELEC-KEYB-300,Vortex Pro Mechanical Gaming Keyboard,Electronics,117.19,48.0,0.0,16,1875.04,1107.04,0,0,0,11
2025-11-04,ELEC-KEYB-300,Vortex Pro Mechanical Gaming Keyboard,Electronics,120.45,48.0,0.0,9,1084.05,652.05,0,0,1,11
2025-11-05,ELEC-KEYB-300,Vortex Pro Mechanical Gaming Keyboard,Electronics,119.83,48.0,0.0,19,2276.77,1364.77,0,0,2,11
2025-11-06,ELEC-KEYB-300,Vortex Pro Mechanical Gaming Keyboard,Electronics,118.96,48.0,0.0,21,2498.16,1490.16,0,0,3,11
2025-11-07,ELEC-KEYB-300,Vortex Pro Mechanical Gaming Keyboard,Electronics,117.7,48.0,0.0,21,2471.7,1463.7,0,0,4,11
2025-11-08,ELEC-KEYB-300,Vortex Pro Mechanical Gaming Keyboard,Electronics,117.96,48.0,0.0,19,2241.24,1329.24,1,0,5,11
2025-11-09,ELEC-KEYB-300,Vortex Pro Mechanical Gaming Keyboard,Electronics,120.29,48.0,0.0,22,2646.38,1590.38,1,0,6,11
2025-11-10,ELEC-KEYB-300,Vortex Pro Mechanical Gaming Keyboard,Electronics,121.26,48.0,0.0,15,1818.9,1098.9,0,0,0,11
2025-11-11,ELEC-KEYB-300,Vortex Pro Mechanical Gaming Keyboard,Electronics,116.85,48.0,0.0,13,1519.05,895.05,0,0,1,11
2025-11-12,ELEC-KEYB-300,Vortex Pro Mechanical Gaming Keyboard,Electronics,119.11,48.0,0.0,13,1548.43,924.43,0,0,2,11
2025-11-13,ELEC-KEYB-300,Vortex Pro Mechanical Gaming Keyboard,Electronics,119.47,48.0,0.0,18,2150.46,1286.46,0,0,3,11
2025-11-14,ELEC-KEYB-300,Vortex Pro Mechanical Gaming Keyboard,Electronics,101.15,48.0,15.0,29,2933.35,1541.35,0,0,4,11
2025-11-15,ELEC-KEYB-300,Vortex Pro Mechanical Gaming Keyboard,Electronics,121.1,48.0,0.0,22,2664.2,1608.2,1,0,5,11
2025-11-16,ELEC-KEYB-300,Vortex Pro Mechanical Gaming Keyboard,Electronics,121.02,48.0,0.0,22,2662.44,1606.44,1,0,6,11
2025-11-17,ELEC-KEYB-300,Vortex Pro Mechanical Gaming Keyboard,Electronics,118.38,48.0,0.0,16,1894.08,1126.08,0,0,0,11
2025-11-18,ELEC-KEYB-300,Vortex Pro Mechanical Gaming Keyboard,Electronics,118.13,48.0,0.0,16,1890.08,1122.08,0,0,1,11
2025-11-19,ELEC-KEYB-300,Vortex Pro Mechanical Gaming Keyboard,Electronics,120.5,48.0,0.0,15,1807.5,1087.5,0,0,2,11
2025-11-20,ELEC-KEYB-300,Vortex Pro Mechanical Gaming Keyboard,Electronics,117.41,48.0,0.0,9,1056.69,624.69,0,0,3,11
2025-11-21,ELEC-KEYB-300,Vortex Pro Mechanical Gaming Keyboard,Electronics,117.13,48.0,0.0,14,1639.82,967.82,0,0,4,11
2025-11-22,ELEC-KEYB-300,Vortex Pro Mechanical Gaming Keyboard,Electronics,120.77,48.0,0.0,23,2777.71,1673.71,1,0,5,11
2025-11-23,ELEC-KEYB-300,Vortex Pro Mechanical Gaming Keyboard,Electronics,118.51,48.0,0.0,20,2370.2,1410.2,1,0,6,11
2025-11-24,ELEC-KEYB-300,Vortex Pro Mechanical Gaming Keyboard,Electronics,120.1,48.0,0.0,10,1201.0,721.0,0,0,0,11
2025-11-25,ELEC-KEYB-300,Vortex Pro Mechanical Gaming Keyboard,Electronics,117.48,48.0,0.0,12,1409.76,833.76,0,0,1,11
2025-11-26,ELEC-KEYB-300,Vortex Pro Mechanical Gaming Keyboard,Electronics,117.15,48.0,0.0,51,5974.65,3526.65,0,1,2,11
2025-11-27,ELEC-KEYB-300,Vortex Pro Mechanical Gaming Keyboard,Electronics,117.39,48.0,0.0,49,5752.11,3400.11,0,1,3,11
2025-11-28,ELEC-KEYB-300,Vortex Pro Mechanical Gaming Keyboard,Electronics,119.57,48.0,0.0,56,6695.92,4007.92,0,1,4,11
2025-11-29,ELEC-KEYB-300,Vortex Pro Mechanical Gaming Keyboard,Electronics,116.82,48.0,0.0,49,5724.18,3372.18,1,1,5,11
2025-11-30,ELEC-KEYB-300,Vortex Pro Mechanical Gaming Keyboard,Electronics,117.17,48.0,0.0,42,4921.14,2905.14,1,1,6,11
2025-12-01,ELEC-KEYB-300,Vortex Pro Mechanical Gaming Keyboard,Electronics,89.25,48.0,25.0,23,2052.75,948.75,0,0,0,12
2025-12-02,ELEC-KEYB-300,Vortex Pro Mechanical Gaming Keyboard,Electronics,119.44,48.0,0.0,10,1194.4,714.4,0,0,1,12
2025-12-03,ELEC-KEYB-300,Vortex Pro Mechanical Gaming Keyboard,Electronics,120.8,48.0,0.0,16,1932.8,1164.8,0,0,2,12
2025-12-04,ELEC-KEYB-300,Vortex Pro Mechanical Gaming Keyboard,Electronics,118.39,48.0,0.0,18,2131.02,1267.02,0,0,3,12
2025-12-05,ELEC-KEYB-300,Vortex Pro Mechanical Gaming Keyboard,Electronics,118.14,48.0,0.0,19,2244.66,1332.66,0,0,4,12
2025-12-06,ELEC-KEYB-300,Vortex Pro Mechanical Gaming Keyboard,Electronics,117.58,48.0,0.0,19,2234.02,1322.02,1,0,5,12
2025-12-07,ELEC-KEYB-300,Vortex Pro Mechanical Gaming Keyboard,Electronics,120.98,48.0,0.0,17,2056.66,1240.66,1,0,6,12
2025-12-08,ELEC-KEYB-300,Vortex Pro Mechanical Gaming Keyboard,Electronics,117.55,48.0,0.0,17,1998.35,1182.35,0,0,0,12
2025-12-09,ELEC-KEYB-300,Vortex Pro Mechanical Gaming Keyboard,Electronics,121.32,48.0,0.0,12,1455.84,879.84,0,0,1,12
2025-12-10,ELEC-KEYB-300,Vortex Pro Mechanical Gaming Keyboard,Electronics,119.49,48.0,0.0,19,2270.31,1358.31,0,0,2,12
2025-12-11,ELEC-KEYB-300,Vortex Pro Mechanical Gaming Keyboard,Electronics,118.63,48.0,0.0,22,2609.86,1553.86,0,0,3,12
2025-12-12,ELEC-KEYB-300,Vortex Pro Mechanical Gaming Keyboard,Electronics,120.36,48.0,0.0,20,2407.2,1447.2,0,0,4,12
2025-12-13,ELEC-KEYB-300,Vortex Pro Mechanical Gaming Keyboard,Electronics,120.78,48.0,0.0,22,2657.16,1601.16,1,0,5,12
2025-12-14,ELEC-KEYB-300,Vortex Pro Mechanical Gaming Keyboard,Electronics,119.53,48.0,0.0,14,1673.42,1001.42,1,0,6,12
2025-12-15,ELEC-KEYB-300,Vortex Pro Mechanical Gaming Keyboard,Electronics,118.81,48.0,0.0,19,2257.39,1345.39,0,0,0,12
2025-12-16,ELEC-KEYB-300,Vortex Pro Mechanical Gaming Keyboard,Electronics,118.72,48.0,0.0,11,1305.92,777.92,0,0,1,12
2025-12-17,ELEC-KEYB-300,Vortex Pro Mechanical Gaming Keyboard,Electronics,119.02,48.0,0.0,19,2261.38,1349.38,0,1,2,12
2025-12-18,ELEC-KEYB-300,Vortex Pro Mechanical Gaming Keyboard,Electronics,121.07,48.0,0.0,30,3632.1,2192.1,0,1,3,12
2025-12-19,ELEC-KEYB-300,Vortex Pro Mechanical Gaming Keyboard,Electronics,95.2,48.0,20.0,60,5712.0,2832.0,0,1,4,12
2025-12-20,ELEC-KEYB-300,Vortex Pro Mechanical Gaming Keyboard,Electronics,101.15,48.0,15.0,26,2629.9,1381.9,1,0,5,12
2025-12-21,ELEC-KEYB-300,Vortex Pro Mechanical Gaming Keyboard,Electronics,118.9,48.0,0.0,17,2021.3,1205.3,1,0,6,12
2025-12-22,ELEC-KEYB-300,Vortex Pro Mechanical Gaming Keyboard,Electronics,119.2,48.0,0.0,13,1549.6,925.6,0,0,0,12
2025-12-23,ELEC-KEYB-300,Vortex Pro Mechanical Gaming Keyboard,Electronics,116.68,48.0,0.0,17,1983.56,1167.56,0,1,1,12
2025-12-24,ELEC-KEYB-300,Vortex Pro Mechanical Gaming Keyboard,Electronics,117.78,48.0,0.0,25,2944.5,1744.5,0,1,2,12
2025-12-25,ELEC-KEYB-300,Vortex Pro Mechanical Gaming Keyboard,Electronics,120.69,48.0,0.0,20,2413.8,1453.8,0,1,3,12
2025-12-26,ELEC-KEYB-300,Vortex Pro Mechanical Gaming Keyboard,Electronics,118.88,48.0,0.0,29,3447.52,2055.52,0,1,4,12
2025-12-27,ELEC-KEYB-300,Vortex Pro Mechanical Gaming Keyboard,Electronics,121.35,48.0,0.0,25,3033.75,1833.75,1,1,5,12
2025-12-28,ELEC-KEYB-300,Vortex Pro Mechanical Gaming Keyboard,Electronics,117.16,48.0,0.0,20,2343.2,1383.2,1,0,6,12
2025-12-29,ELEC-KEYB-300,Vortex Pro Mechanical Gaming Keyboard,Electronics,118.19,48.0,0.0,16,1891.04,1123.04,0,0,0,12
2025-12-30,ELEC-KEYB-300,Vortex Pro Mechanical Gaming Keyboard,Electronics,118.77,48.0,0.0,18,2137.86,1273.86,0,0,1,12
2025-12-31,ELEC-KEYB-300,Vortex Pro Mechanical Gaming Keyboard,Electronics,119.86,48.0,0.0,11,1318.46,790.46,0,0,2,12
2026-01-01,ELEC-KEYB-300,Vortex Pro Mechanical Gaming Keyboard,Electronics,119.91,48.0,0.0,24,2877.84,1725.84,0,1,3,1
2026-01-02,ELEC-KEYB-300,Vortex Pro Mechanical Gaming Keyboard,Electronics,121.04,48.0,0.0,16,1936.64,1168.64,0,1,4,1
2026-01-03,ELEC-KEYB-300,Vortex Pro Mechanical Gaming Keyboard,Electronics,119.82,48.0,0.0,16,1917.12,1149.12,1,0,5,1
2026-01-04,ELEC-KEYB-300,Vortex Pro Mechanical Gaming Keyboard,Electronics,118.2,48.0,0.0,24,2836.8,1684.8,1,0,6,1
2026-01-05,ELEC-KEYB-300,Vortex Pro Mechanical Gaming Keyboard,Electronics,119.73,48.0,0.0,16,1915.68,1147.68,0,0,0,1
2026-01-06,ELEC-KEYB-300,Vortex Pro Mechanical Gaming Keyboard,Electronics,121.33,48.0,0.0,9,1091.97,659.97,0,0,1,1
2026-01-07,ELEC-KEYB-300,Vortex Pro Mechanical Gaming Keyboard,Electronics,117.43,48.0,0.0,12,1409.16,833.16,0,0,2,1
2026-01-08,ELEC-KEYB-300,Vortex Pro Mechanical Gaming Keyboard,Electronics,117.15,48.0,0.0,15,1757.25,1037.25,0,0,3,1
2026-01-09,ELEC-KEYB-300,Vortex Pro Mechanical Gaming Keyboard,Electronics,118.7,48.0,0.0,21,2492.7,1484.7,0,0,4,1
2026-01-10,ELEC-KEYB-300,Vortex Pro Mechanical Gaming Keyboard,Electronics,120.64,48.0,0.0,19,2292.16,1380.16,1,0,5,1
2026-01-11,ELEC-KEYB-300,Vortex Pro Mechanical Gaming Keyboard,Electronics,121.2,48.0,0.0,23,2787.6,1683.6,1,0,6,1
2026-01-12,ELEC-KEYB-300,Vortex Pro Mechanical Gaming Keyboard,Electronics,119.62,48.0,0.0,18,2153.16,1289.16,0,0,0,1
2026-01-13,ELEC-KEYB-300,Vortex Pro Mechanical Gaming Keyboard,Electronics,116.7,48.0,0.0,13,1517.1,893.1,0,0,1,1
2026-01-14,ELEC-KEYB-300,Vortex Pro Mechanical Gaming Keyboard,Electronics,118.39,48.0,0.0,16,1894.24,1126.24,0,0,2,1
2026-01-15,ELEC-KEYB-300,Vortex Pro Mechanical Gaming Keyboard,Electronics,117.48,48.0,0.0,19,2232.12,1320.12,0,0,3,1
2026-01-16,ELEC-KEYB-300,Vortex Pro Mechanical Gaming Keyboard,Electronics,95.2,48.0,20.0,30,2856.0,1416.0,0,0,4,1
2026-01-17,ELEC-KEYB-300,Vortex Pro Mechanical Gaming Keyboard,Electronics,119.33,48.0,0.0,23,2744.59,1640.59,1,0,5,1
2026-01-18,ELEC-KEYB-300,Vortex Pro Mechanical Gaming Keyboard,Electronics,117.23,48.0,0.0,19,2227.37,1315.37,1,0,6,1
2026-01-19,ELEC-KEYB-300,Vortex Pro Mechanical Gaming Keyboard,Electronics,118.06,48.0,0.0,18,2125.08,1261.08,0,0,0,1
2026-01-20,ELEC-KEYB-300,Vortex Pro Mechanical Gaming Keyboard,Electronics,119.42,48.0,0.0,22,2627.24,1571.24,0,0,1,1
2026-01-21,ELEC-KEYB-300,Vortex Pro Mechanical Gaming Keyboard,Electronics,117.78,48.0,0.0,18,2120.04,1256.04,0,0,2,1
2026-01-22,ELEC-KEYB-300,Vortex Pro Mechanical Gaming Keyboard,Electronics,118.12,48.0,0.0,13,1535.56,911.56,0,0,3,1
2026-01-23,ELEC-KEYB-300,Vortex Pro Mechanical Gaming Keyboard,Electronics,120.56,48.0,0.0,16,1928.96,1160.96,0,0,4,1
2026-01-24,ELEC-KEYB-300,Vortex Pro Mechanical Gaming Keyboard,Electronics,116.83,48.0,0.0,25,2920.75,1720.75,1,0,5,1
2026-01-25,ELEC-KEYB-300,Vortex Pro Mechanical Gaming Keyboard,Electronics,120.16,48.0,0.0,19,2283.04,1371.04,1,0,6,1
2026-01-26,ELEC-KEYB-300,Vortex Pro Mechanical Gaming Keyboard,Electronics,119.06,48.0,0.0,10,1190.6,710.6,0,0,0,1
2026-01-27,ELEC-KEYB-300,Vortex Pro Mechanical Gaming Keyboard,Electronics,118.13,48.0,0.0,21,2480.73,1472.73,0,0,1,1
2026-01-28,ELEC-KEYB-300,Vortex Pro Mechanical Gaming Keyboard,Electronics,119.92,48.0,0.0,11,1319.12,791.12,0,0,2,1
2026-01-29,ELEC-KEYB-300,Vortex Pro Mechanical Gaming Keyboard,Electronics,89.25,48.0,25.0,24,2142.0,990.0,0,0,3,1
2026-01-30,ELEC-KEYB-300,Vortex Pro Mechanical Gaming Keyboard,Electronics,117.77,48.0,0.0,13,1531.01,907.01,0,0,4,1
2026-01-31,ELEC-KEYB-300,Vortex Pro Mechanical Gaming Keyboard,Electronics,117.12,48.0,0.0,16,1873.92,1105.92,1,0,5,1
2026-02-01,ELEC-KEYB-300,Vortex Pro Mechanical Gaming Keyboard,Electronics,116.91,48.0,0.0,20,2338.2,1378.2,1,0,6,2
2026-02-02,ELEC-KEYB-300,Vortex Pro Mechanical Gaming Keyboard,Electronics,117.83,48.0,0.0,18,2120.94,1256.94,0,0,0,2
2026-02-03,ELEC-KEYB-300,Vortex Pro Mechanical Gaming Keyboard,Electronics,118.97,48.0,0.0,10,1189.7,709.7,0,0,1,2
2026-02-04,ELEC-KEYB-300,Vortex Pro Mechanical Gaming Keyboard,Electronics,118.12,48.0,0.0,18,2126.16,1262.16,0,0,2,2
2026-02-05,ELEC-KEYB-300,Vortex Pro Mechanical Gaming Keyboard,Electronics,119.53,48.0,0.0,15,1792.95,1072.95,0,0,3,2
2026-02-06,ELEC-KEYB-300,Vortex Pro Mechanical Gaming Keyboard,Electronics,118.18,48.0,0.0,15,1772.7,1052.7,0,0,4,2
2026-02-07,ELEC-KEYB-300,Vortex Pro Mechanical Gaming Keyboard,Electronics,120.38,48.0,0.0,21,2527.98,1519.98,1,0,5,2
2026-02-08,ELEC-KEYB-300,Vortex Pro Mechanical Gaming Keyboard,Electronics,119.45,48.0,0.0,22,2627.9,1571.9,1,0,6,2
2026-02-09,ELEC-KEYB-300,Vortex Pro Mechanical Gaming Keyboard,Electronics,120.58,48.0,0.0,11,1326.38,798.38,0,0,0,2
2026-02-10,ELEC-KEYB-300,Vortex Pro Mechanical Gaming Keyboard,Electronics,120.3,48.0,0.0,18,2165.4,1301.4,0,0,1,2
2026-02-11,ELEC-KEYB-300,Vortex Pro Mechanical Gaming Keyboard,Electronics,116.69,48.0,0.0,15,1750.35,1030.35,0,0,2,2
2026-02-12,ELEC-KEYB-300,Vortex Pro Mechanical Gaming Keyboard,Electronics,118.46,48.0,0.0,23,2724.58,1620.58,0,0,3,2
2026-02-13,ELEC-KEYB-300,Vortex Pro Mechanical Gaming Keyboard,Electronics,118.02,48.0,0.0,24,2832.48,1680.48,0,1,4,2
2026-02-14,ELEC-KEYB-300,Vortex Pro Mechanical Gaming Keyboard,Electronics,119.27,48.0,0.0,34,4055.18,2423.18,1,1,5,2
2026-02-15,ELEC-KEYB-300,Vortex Pro Mechanical Gaming Keyboard,Electronics,120.46,48.0,0.0,35,4216.1,2536.1,1,1,6,2
2026-02-16,ELEC-KEYB-300,Vortex Pro Mechanical Gaming Keyboard,Electronics,116.71,48.0,0.0,20,2334.2,1374.2,0,0,0,2
2026-02-17,ELEC-KEYB-300,Vortex Pro Mechanical Gaming Keyboard,Electronics,117.25,48.0,0.0,18,2110.5,1246.5,0,0,1,2
2026-02-18,ELEC-KEYB-300,Vortex Pro Mechanical Gaming Keyboard,Electronics,116.89,48.0,0.0,12,1402.68,826.68,0,0,2,2
2026-02-19,ELEC-KEYB-300,Vortex Pro Mechanical Gaming Keyboard,Electronics,120.92,48.0,0.0,16,1934.72,1166.72,0,0,3,2
2026-02-20,ELEC-KEYB-300,Vortex Pro Mechanical Gaming Keyboard,Electronics,120.96,48.0,0.0,22,2661.12,1605.12,0,0,4,2
2026-02-21,ELEC-KEYB-300,Vortex Pro Mechanical Gaming Keyboard,Electronics,117.02,48.0,0.0,22,2574.44,1518.44,1,0,5,2
2026-02-22,ELEC-KEYB-300,Vortex Pro Mechanical Gaming Keyboard,Electronics,120.84,48.0,0.0,15,1812.6,1092.6,1,0,6,2
2026-02-23,ELEC-KEYB-300,Vortex Pro Mechanical Gaming Keyboard,Electronics,118.18,48.0,0.0,8,945.44,561.44,0,0,0,2
2026-02-24,ELEC-KEYB-300,Vortex Pro Mechanical Gaming Keyboard,Electronics,121.21,48.0,0.0,14,1696.94,1024.94,0,0,1,2
2026-02-25,ELEC-KEYB-300,Vortex Pro Mechanical Gaming Keyboard,Electronics,120.08,48.0,0.0,15,1801.2,1081.2,0,0,2,2
2026-02-26,ELEC-KEYB-300,Vortex Pro Mechanical Gaming Keyboard,Electronics,117.6,48.0,0.0,15,1764.0,1044.0,0,0,3,2
2026-02-27,ELEC-KEYB-300,Vortex Pro Mechanical Gaming Keyboard,Electronics,118.52,48.0,0.0,18,2133.36,1269.36,0,0,4,2
2026-02-28,ELEC-KEYB-300,Vortex Pro Mechanical Gaming Keyboard,Electronics,117.3,48.0,0.0,26,3049.8,1801.8,1,0,5,2
2026-03-01,ELEC-KEYB-300,Vortex Pro Mechanical Gaming Keyboard,Electronics,116.74,48.0,0.0,19,2218.06,1306.06,1,0,6,3
2026-03-02,ELEC-KEYB-300,Vortex Pro Mechanical Gaming Keyboard,Electronics,117.01,48.0,0.0,19,2223.19,1311.19,0,0,0,3
2026-03-03,ELEC-KEYB-300,Vortex Pro Mechanical Gaming Keyboard,Electronics,119.22,48.0,0.0,20,2384.4,1424.4,0,0,1,3
2026-03-04,ELEC-KEYB-300,Vortex Pro Mechanical Gaming Keyboard,Electronics,120.96,48.0,0.0,11,1330.56,802.56,0,0,2,3
2026-03-05,ELEC-KEYB-300,Vortex Pro Mechanical Gaming Keyboard,Electronics,118.18,48.0,0.0,10,1181.8,701.8,0,0,3,3
2026-03-06,ELEC-KEYB-300,Vortex Pro Mechanical Gaming Keyboard,Electronics,117.72,48.0,0.0,18,2118.96,1254.96,0,0,4,3
2026-03-07,ELEC-KEYB-300,Vortex Pro Mechanical Gaming Keyboard,Electronics,89.25,48.0,25.0,25,2231.25,1031.25,1,0,5,3
2026-03-08,ELEC-KEYB-300,Vortex Pro Mechanical Gaming Keyboard,Electronics,116.64,48.0,0.0,22,2566.08,1510.08,1,0,6,3
2026-03-09,ELEC-KEYB-300,Vortex Pro Mechanical Gaming Keyboard,Electronics,119.87,48.0,0.0,22,2637.14,1581.14,0,0,0,3
2026-03-10,ELEC-KEYB-300,Vortex Pro Mechanical Gaming Keyboard,Electronics,120.35,48.0,0.0,18,2166.3,1302.3,0,0,1,3
2026-03-11,ELEC-KEYB-300,Vortex Pro Mechanical Gaming Keyboard,Electronics,119.7,48.0,0.0,19,2274.3,1362.3,0,0,2,3
2026-03-12,ELEC-KEYB-300,Vortex Pro Mechanical Gaming Keyboard,Electronics,118.08,48.0,0.0,15,1771.2,1051.2,0,0,3,3
2026-03-13,ELEC-KEYB-300,Vortex Pro Mechanical Gaming Keyboard,Electronics,117.55,48.0,0.0,27,3173.85,1877.85,0,0,4,3
2026-03-14,ELEC-KEYB-300,Vortex Pro Mechanical Gaming Keyboard,Electronics,119.65,48.0,0.0,23,2751.95,1647.95,1,0,5,3
2026-03-15,ELEC-KEYB-300,Vortex Pro Mechanical Gaming Keyboard,Electronics,118.09,48.0,0.0,22,2597.98,1541.98,1,0,6,3
2026-03-16,ELEC-KEYB-300,Vortex Pro Mechanical Gaming Keyboard,Electronics,121.29,48.0,0.0,15,1819.35,1099.35,0,0,0,3
2026-03-17,ELEC-KEYB-300,Vortex Pro Mechanical Gaming Keyboard,Electronics,107.1,48.0,10.0,14,1499.4,827.4,0,0,1,3
2026-03-18,ELEC-KEYB-300,Vortex Pro Mechanical Gaming Keyboard,Electronics,117.28,48.0,0.0,19,2228.32,1316.32,0,0,2,3
2026-03-19,ELEC-KEYB-300,Vortex Pro Mechanical Gaming Keyboard,Electronics,95.2,48.0,20.0,23,2189.6,1085.6,0,0,3,3
2026-03-20,ELEC-KEYB-300,Vortex Pro Mechanical Gaming Keyboard,Electronics,118.29,48.0,0.0,28,3312.12,1968.12,0,0,4,3
2026-03-21,ELEC-KEYB-300,Vortex Pro Mechanical Gaming Keyboard,Electronics,119.93,48.0,0.0,26,3118.18,1870.18,1,0,5,3
2026-03-22,ELEC-KEYB-300,Vortex Pro Mechanical Gaming Keyboard,Electronics,117.25,48.0,0.0,19,2227.75,1315.75,1,0,6,3
2026-03-23,ELEC-KEYB-300,Vortex Pro Mechanical Gaming Keyboard,Electronics,117.84,48.0,0.0,18,2121.12,1257.12,0,0,0,3
2026-03-24,ELEC-KEYB-300,Vortex Pro Mechanical Gaming Keyboard,Electronics,117.42,48.0,0.0,17,1996.14,1180.14,0,0,1,3
2026-03-25,ELEC-KEYB-300,Vortex Pro Mechanical Gaming Keyboard,Electronics,89.25,48.0,25.0,19,1695.75,783.75,0,0,2,3
2026-03-26,ELEC-KEYB-300,Vortex Pro Mechanical Gaming Keyboard,Electronics,116.92,48.0,0.0,18,2104.56,1240.56,0,0,3,3
2026-03-27,ELEC-KEYB-300,Vortex Pro Mechanical Gaming Keyboard,Electronics,118.77,48.0,0.0,28,3325.56,1981.56,0,0,4,3
2026-03-28,ELEC-KEYB-300,Vortex Pro Mechanical Gaming Keyboard,Electronics,118.85,48.0,0.0,23,2733.55,1629.55,1,0,5,3
2026-03-29,ELEC-KEYB-300,Vortex Pro Mechanical Gaming Keyboard,Electronics,120.88,48.0,0.0,28,3384.64,2040.64,1,0,6,3
2026-03-30,ELEC-KEYB-300,Vortex Pro Mechanical Gaming Keyboard,Electronics,89.25,48.0,25.0,19,1695.75,783.75,0,0,0,3
2026-03-31,ELEC-KEYB-300,Vortex Pro Mechanical Gaming Keyboard,Electronics,116.84,48.0,0.0,25,2921.0,1721.0,0,0,1,3
2026-04-01,ELEC-KEYB-300,Vortex Pro Mechanical Gaming Keyboard,Electronics,120.17,48.0,0.0,16,1922.72,1154.72,0,0,2,4
2026-04-02,ELEC-KEYB-300,Vortex Pro Mechanical Gaming Keyboard,Electronics,117.86,48.0,0.0,21,2475.06,1467.06,0,0,3,4
2026-04-03,ELEC-KEYB-300,Vortex Pro Mechanical Gaming Keyboard,Electronics,120.72,48.0,0.0,16,1931.52,1163.52,0,0,4,4
2026-04-04,ELEC-KEYB-300,Vortex Pro Mechanical Gaming Keyboard,Electronics,95.2,48.0,20.0,36,3427.2,1699.2,1,0,5,4
2026-04-05,ELEC-KEYB-300,Vortex Pro Mechanical Gaming Keyboard,Electronics,120.53,48.0,0.0,27,3254.31,1958.31,1,0,6,4
2026-04-06,ELEC-KEYB-300,Vortex Pro Mechanical Gaming Keyboard,Electronics,120.79,48.0,0.0,21,2536.59,1528.59,0,0,0,4
2026-04-07,ELEC-KEYB-300,Vortex Pro Mechanical Gaming Keyboard,Electronics,119.98,48.0,0.0,15,1799.7,1079.7,0,0,1,4
2026-04-08,ELEC-KEYB-300,Vortex Pro Mechanical Gaming Keyboard,Electronics,116.97,48.0,0.0,22,2573.34,1517.34,0,0,2,4
2026-04-09,ELEC-KEYB-300,Vortex Pro Mechanical Gaming Keyboard,Electronics,117.74,48.0,0.0,13,1530.62,906.62,0,0,3,4
2026-04-10,ELEC-KEYB-300,Vortex Pro Mechanical Gaming Keyboard,Electronics,120.19,48.0,0.0,19,2283.61,1371.61,0,0,4,4
2026-04-11,ELEC-KEYB-300,Vortex Pro Mechanical Gaming Keyboard,Electronics,117.01,48.0,0.0,26,3042.26,1794.26,1,0,5,4
2026-04-12,ELEC-KEYB-300,Vortex Pro Mechanical Gaming Keyboard,Electronics,95.2,48.0,20.0,36,3427.2,1699.2,1,0,6,4
2026-04-13,ELEC-KEYB-300,Vortex Pro Mechanical Gaming Keyboard,Electronics,120.8,48.0,0.0,21,2536.8,1528.8,0,0,0,4
2026-04-14,ELEC-KEYB-300,Vortex Pro Mechanical Gaming Keyboard,Electronics,116.77,48.0,0.0,22,2568.94,1512.94,0,1,1,4
2026-04-15,ELEC-KEYB-300,Vortex Pro Mechanical Gaming Keyboard,Electronics,89.25,48.0,25.0,40,3570.0,1650.0,0,1,2,4
2026-04-16,ELEC-KEYB-300,Vortex Pro Mechanical Gaming Keyboard,Electronics,119.3,48.0,0.0,20,2386.0,1426.0,0,1,3,4
2026-04-17,ELEC-KEYB-300,Vortex Pro Mechanical Gaming Keyboard,Electronics,120.84,48.0,0.0,21,2537.64,1529.64,0,0,4,4
2026-04-18,ELEC-KEYB-300,Vortex Pro Mechanical Gaming Keyboard,Electronics,117.89,48.0,0.0,27,3183.03,1887.03,1,0,5,4
2026-04-19,ELEC-KEYB-300,Vortex Pro Mechanical Gaming Keyboard,Electronics,118.17,48.0,0.0,35,4135.95,2455.95,1,0,6,4
2026-04-20,ELEC-KEYB-300,Vortex Pro Mechanical Gaming Keyboard,Electronics,116.71,48.0,0.0,25,2917.75,1717.75,0,0,0,4
2026-04-21,ELEC-KEYB-300,Vortex Pro Mechanical Gaming Keyboard,Electronics,89.25,48.0,25.0,20,1785.0,825.0,0,0,1,4
2026-04-22,ELEC-KEYB-300,Vortex Pro Mechanical Gaming Keyboard,Electronics,117.5,48.0,0.0,18,2115.0,1251.0,0,0,2,4
2026-04-23,ELEC-KEYB-300,Vortex Pro Mechanical Gaming Keyboard,Electronics,117.69,48.0,0.0,18,2118.42,1254.42,0,0,3,4
2026-04-24,ELEC-KEYB-300,Vortex Pro Mechanical Gaming Keyboard,Electronics,121.27,48.0,0.0,27,3274.29,1978.29,0,0,4,4
2026-04-25,ELEC-KEYB-300,Vortex Pro Mechanical Gaming Keyboard,Electronics,119.18,48.0,0.0,32,3813.76,2277.76,1,0,5,4
2026-04-26,ELEC-KEYB-300,Vortex Pro Mechanical Gaming Keyboard,Electronics,119.99,48.0,0.0,26,3119.74,1871.74,1,0,6,4
2026-04-27,ELEC-KEYB-300,Vortex Pro Mechanical Gaming Keyboard,Electronics,120.98,48.0,0.0,21,2540.58,1532.58,0,0,0,4
2026-04-28,ELEC-KEYB-300,Vortex Pro Mechanical Gaming Keyboard,Electronics,118.17,48.0,0.0,12,1418.04,842.04,0,0,1,4
2026-04-29,ELEC-KEYB-300,Vortex Pro Mechanical Gaming Keyboard,Electronics,118.89,48.0,0.0,22,2615.58,1559.58,0,0,2,4
2026-04-30,ELEC-KEYB-300,Vortex Pro Mechanical Gaming Keyboard,Electronics,118.71,48.0,0.0,20,2374.2,1414.2,0,0,3,4
2026-05-01,ELEC-KEYB-300,Vortex Pro Mechanical Gaming Keyboard,Electronics,117.17,48.0,0.0,30,3515.1,2075.1,0,0,4,5
2026-05-02,ELEC-KEYB-300,Vortex Pro Mechanical Gaming Keyboard,Electronics,116.69,48.0,0.0,29,3384.01,1992.01,1,0,5,5
2026-05-03,ELEC-KEYB-300,Vortex Pro Mechanical Gaming Keyboard,Electronics,120.8,48.0,0.0,35,4228.0,2548.0,1,0,6,5
2026-05-04,ELEC-KEYB-300,Vortex Pro Mechanical Gaming Keyboard,Electronics,118.74,48.0,0.0,20,2374.8,1414.8,0,0,0,5
2026-05-05,ELEC-KEYB-300,Vortex Pro Mechanical Gaming Keyboard,Electronics,117.54,48.0,0.0,18,2115.72,1251.72,0,0,1,5
2026-05-06,ELEC-KEYB-300,Vortex Pro Mechanical Gaming Keyboard,Electronics,119.74,48.0,0.0,18,2155.32,1291.32,0,0,2,5
2026-05-07,ELEC-KEYB-300,Vortex Pro Mechanical Gaming Keyboard,Electronics,117.18,48.0,0.0,20,2343.6,1383.6,0,0,3,5
2026-05-08,ELEC-KEYB-300,Vortex Pro Mechanical Gaming Keyboard,Electronics,117.67,48.0,0.0,20,2353.4,1393.4,0,0,4,5
2026-05-09,ELEC-KEYB-300,Vortex Pro Mechanical Gaming Keyboard,Electronics,121.24,48.0,0.0,30,3637.2,2197.2,1,0,5,5
2026-05-10,ELEC-KEYB-300,Vortex Pro Mechanical Gaming Keyboard,Electronics,120.68,48.0,0.0,17,2051.56,1235.56,1,0,6,5
2026-05-11,ELEC-KEYB-300,Vortex Pro Mechanical Gaming Keyboard,Electronics,119.02,48.0,0.0,24,2856.48,1704.48,0,0,0,5
2026-05-12,ELEC-KEYB-300,Vortex Pro Mechanical Gaming Keyboard,Electronics,119.57,48.0,0.0,18,2152.26,1288.26,0,0,1,5
2026-05-13,ELEC-KEYB-300,Vortex Pro Mechanical Gaming Keyboard,Electronics,120.28,48.0,0.0,21,2525.88,1517.88,0,0,2,5
2026-05-14,ELEC-KEYB-300,Vortex Pro Mechanical Gaming Keyboard,Electronics,118.76,48.0,0.0,21,2493.96,1485.96,0,0,3,5
2026-05-15,ELEC-KEYB-300,Vortex Pro Mechanical Gaming Keyboard,Electronics,120.55,48.0,0.0,29,3495.95,2103.95,0,0,4,5
2026-05-16,ELEC-KEYB-300,Vortex Pro Mechanical Gaming Keyboard,Electronics,119.82,48.0,0.0,36,4313.52,2585.52,1,0,5,5
2026-05-17,ELEC-KEYB-300,Vortex Pro Mechanical Gaming Keyboard,Electronics,120.55,48.0,0.0,27,3254.85,1958.85,1,0,6,5
2026-05-18,ELEC-KEYB-300,Vortex Pro Mechanical Gaming Keyboard,Electronics,117.77,48.0,0.0,21,2473.17,1465.17,0,0,0,5
2026-05-19,ELEC-KEYB-300,Vortex Pro Mechanical Gaming Keyboard,Electronics,121.06,48.0,0.0,19,2300.14,1388.14,0,0,1,5
2026-05-20,ELEC-KEYB-300,Vortex Pro Mechanical Gaming Keyboard,Electronics,120.23,48.0,0.0,22,2645.06,1589.06,0,0,2,5
2026-05-21,ELEC-KEYB-300,Vortex Pro Mechanical Gaming Keyboard,Electronics,118.86,48.0,0.0,20,2377.2,1417.2,0,0,3,5
2026-05-22,ELEC-KEYB-300,Vortex Pro Mechanical Gaming Keyboard,Electronics,119.08,48.0,0.0,23,2738.84,1634.84,0,0,4,5
2026-05-23,ELEC-KEYB-300,Vortex Pro Mechanical Gaming Keyboard,Electronics,118.58,48.0,0.0,17,2015.86,1199.86,1,0,5,5
2026-05-24,ELEC-KEYB-300,Vortex Pro Mechanical Gaming Keyboard,Electronics,120.68,48.0,0.0,28,3379.04,2035.04,1,0,6,5
2026-05-25,ELEC-KEYB-300,Vortex Pro Mechanical Gaming Keyboard,Electronics,117.03,48.0,0.0,15,1755.45,1035.45,0,0,0,5
2026-05-26,ELEC-KEYB-300,Vortex Pro Mechanical Gaming Keyboard,Electronics,117.61,48.0,0.0,19,2234.59,1322.59,0,0,1,5
2026-05-27,ELEC-KEYB-300,Vortex Pro Mechanical Gaming Keyboard,Electronics,120.66,48.0,0.0,25,3016.5,1816.5,0,1,2,5
2026-05-28,ELEC-KEYB-300,Vortex Pro Mechanical Gaming Keyboard,Electronics,120.49,48.0,0.0,26,3132.74,1884.74,0,1,3,5
2026-05-29,ELEC-KEYB-300,Vortex Pro Mechanical Gaming Keyboard,Electronics,119.34,48.0,0.0,35,4176.9,2496.9,0,1,4,5
2026-05-30,ELEC-KEYB-300,Vortex Pro Mechanical Gaming Keyboard,Electronics,117.76,48.0,0.0,26,3061.76,1813.76,1,0,5,5
2026-05-31,ELEC-KEYB-300,Vortex Pro Mechanical Gaming Keyboard,Electronics,117.01,48.0,0.0,32,3744.32,2208.32,1,0,6,5
2026-06-01,ELEC-KEYB-300,Vortex Pro Mechanical Gaming Keyboard,Electronics,118.05,48.0,0.0,21,2479.05,1471.05,0,0,0,6
2026-06-02,ELEC-KEYB-300,Vortex Pro Mechanical Gaming Keyboard,Electronics,120.86,48.0,0.0,12,1450.32,874.32,0,0,1,6
2026-06-03,ELEC-KEYB-300,Vortex Pro Mechanical Gaming Keyboard,Electronics,119.01,48.0,0.0,21,2499.21,1491.21,0,0,2,6
2026-06-04,ELEC-KEYB-300,Vortex Pro Mechanical Gaming Keyboard,Electronics,95.2,48.0,20.0,17,1618.4,802.4,0,0,3,6
2026-06-05,ELEC-KEYB-300,Vortex Pro Mechanical Gaming Keyboard,Electronics,119.0,48.0,0.0,20,2380.0,1420.0,0,0,4,6
2026-06-06,ELEC-KEYB-300,Vortex Pro Mechanical Gaming Keyboard,Electronics,117.03,48.0,0.0,28,3276.84,1932.84,1,0,5,6
2026-06-07,ELEC-KEYB-300,Vortex Pro Mechanical Gaming Keyboard,Electronics,117.87,48.0,0.0,27,3182.49,1886.49,1,0,6,6
2026-06-08,ELEC-KEYB-300,Vortex Pro Mechanical Gaming Keyboard,Electronics,117.53,48.0,0.0,27,3173.31,1877.31,0,0,0,6
2026-06-09,ELEC-KEYB-300,Vortex Pro Mechanical Gaming Keyboard,Electronics,118.04,48.0,0.0,18,2124.72,1260.72,0,0,1,6
2026-06-10,ELEC-KEYB-300,Vortex Pro Mechanical Gaming Keyboard,Electronics,120.07,48.0,0.0,21,2521.47,1513.47,0,0,2,6
2026-06-11,ELEC-KEYB-300,Vortex Pro Mechanical Gaming Keyboard,Electronics,119.21,48.0,0.0,20,2384.2,1424.2,0,0,3,6
2026-06-12,ELEC-KEYB-300,Vortex Pro Mechanical Gaming Keyboard,Electronics,116.92,48.0,0.0,23,2689.16,1585.16,0,0,4,6
2026-06-13,ELEC-KEYB-300,Vortex Pro Mechanical Gaming Keyboard,Electronics,118.83,48.0,0.0,29,3446.07,2054.07,1,0,5,6
2026-06-14,ELEC-KEYB-300,Vortex Pro Mechanical Gaming Keyboard,Electronics,119.77,48.0,0.0,20,2395.4,1435.4,1,0,6,6
2026-06-15,ELEC-KEYB-300,Vortex Pro Mechanical Gaming Keyboard,Electronics,119.46,48.0,0.0,19,2269.74,1357.74,0,0,0,6
2026-06-16,ELEC-KEYB-300,Vortex Pro Mechanical Gaming Keyboard,Electronics,118.43,48.0,0.0,12,1421.16,845.16,0,0,1,6
2026-06-17,ELEC-KEYB-300,Vortex Pro Mechanical Gaming Keyboard,Electronics,118.5,48.0,0.0,21,2488.5,1480.5,0,0,2,6
2026-06-18,ELEC-KEYB-300,Vortex Pro Mechanical Gaming Keyboard,Electronics,101.15,48.0,15.0,27,2731.05,1435.05,0,0,3,6
2026-06-19,ELEC-KEYB-300,Vortex Pro Mechanical Gaming Keyboard,Electronics,119.86,48.0,0.0,27,3236.22,1940.22,0,0,4,6
2026-06-20,ELEC-KEYB-300,Vortex Pro Mechanical Gaming Keyboard,Electronics,118.66,48.0,0.0,16,1898.56,1130.56,1,0,5,6
2026-06-21,ELEC-KEYB-300,Vortex Pro Mechanical Gaming Keyboard,Electronics,118.32,48.0,0.0,23,2721.36,1617.36,1,0,6,6
2026-06-22,ELEC-KEYB-300,Vortex Pro Mechanical Gaming Keyboard,Electronics,117.28,48.0,0.0,28,3283.84,1939.84,0,0,0,6
2026-06-23,ELEC-KEYB-300,Vortex Pro Mechanical Gaming Keyboard,Electronics,119.96,48.0,0.0,24,2879.04,1727.04,0,0,1,6
2026-06-24,ELEC-KEYB-300,Vortex Pro Mechanical Gaming Keyboard,Electronics,118.09,48.0,0.0,28,3306.52,1962.52,0,0,2,6
2026-06-25,ELEC-KEYB-300,Vortex Pro Mechanical Gaming Keyboard,Electronics,118.99,48.0,0.0,16,1903.84,1135.84,0,0,3,6
2026-06-26,ELEC-KEYB-300,Vortex Pro Mechanical Gaming Keyboard,Electronics,120.63,48.0,0.0,26,3136.38,1888.38,0,0,4,6
2026-06-27,ELEC-KEYB-300,Vortex Pro Mechanical Gaming Keyboard,Electronics,117.53,48.0,0.0,29,3408.37,2016.37,1,0,5,6
2026-06-28,ELEC-KEYB-300,Vortex Pro Mechanical Gaming Keyboard,Electronics,117.61,48.0,0.0,32,3763.52,2227.52,1,0,6,6
2026-06-29,ELEC-KEYB-300,Vortex Pro Mechanical Gaming Keyboard,Electronics,118.32,48.0,0.0,22,2603.04,1547.04,0,0,0,6
2026-06-30,ELEC-KEYB-300,Vortex Pro Mechanical Gaming Keyboard,Electronics,101.15,48.0,15.0,29,2933.35,1541.35,0,0,1,6
2026-07-01,ELEC-KEYB-300,Vortex Pro Mechanical Gaming Keyboard,Electronics,120.38,48.0,0.0,13,1564.94,940.94,0,0,2,7
2026-07-02,ELEC-KEYB-300,Vortex Pro Mechanical Gaming Keyboard,Electronics,101.15,48.0,15.0,23,2326.45,1222.45,0,0,3,7
2026-07-03,ELEC-KEYB-300,Vortex Pro Mechanical Gaming Keyboard,Electronics,120.18,48.0,0.0,29,3485.22,2093.22,0,0,4,7
2026-07-04,ELEC-KEYB-300,Vortex Pro Mechanical Gaming Keyboard,Electronics,101.15,48.0,15.0,45,4551.75,2391.75,1,0,5,7
2026-07-05,ELEC-KEYB-300,Vortex Pro Mechanical Gaming Keyboard,Electronics,118.08,48.0,0.0,21,2479.68,1471.68,1,0,6,7
2026-07-06,ELEC-KEYB-300,Vortex Pro Mechanical Gaming Keyboard,Electronics,117.54,48.0,0.0,12,1410.48,834.48,0,0,0,7
2026-07-07,ELEC-KEYB-300,Vortex Pro Mechanical Gaming Keyboard,Electronics,120.53,48.0,0.0,12,1446.36,870.36,0,0,1,7
2026-07-08,ELEC-KEYB-300,Vortex Pro Mechanical Gaming Keyboard,Electronics,120.48,48.0,0.0,19,2289.12,1377.12,0,0,2,7
2026-07-09,ELEC-KEYB-300,Vortex Pro Mechanical Gaming Keyboard,Electronics,117.45,48.0,0.0,24,2818.8,1666.8,0,0,3,7
2026-07-10,ELEC-KEYB-300,Vortex Pro Mechanical Gaming Keyboard,Electronics,120.9,48.0,0.0,25,3022.5,1822.5,0,0,4,7
2026-07-11,ELEC-KEYB-300,Vortex Pro Mechanical Gaming Keyboard,Electronics,117.2,48.0,0.0,51,5977.2,3529.2,1,1,5,7
2026-07-12,ELEC-KEYB-300,Vortex Pro Mechanical Gaming Keyboard,Electronics,118.18,48.0,0.0,42,4963.56,2947.56,1,1,6,7
2026-07-13,ELEC-KEYB-300,Vortex Pro Mechanical Gaming Keyboard,Electronics,117.8,48.0,0.0,31,3651.8,2163.8,0,1,0,7
2026-07-14,ELEC-KEYB-300,Vortex Pro Mechanical Gaming Keyboard,Electronics,117.27,48.0,0.0,15,1759.05,1039.05,0,0,1,7
2026-07-15,ELEC-KEYB-300,Vortex Pro Mechanical Gaming Keyboard,Electronics,118.46,48.0,0.0,19,2250.74,1338.74,0,0,2,7
2026-07-16,ELEC-KEYB-300,Vortex Pro Mechanical Gaming Keyboard,Electronics,120.19,48.0,0.0,25,3004.75,1804.75,0,0,3,7
2026-07-17,ELEC-KEYB-300,Vortex Pro Mechanical Gaming Keyboard,Electronics,116.95,48.0,0.0,32,3742.4,2206.4,0,0,4,7
2026-07-18,ELEC-KEYB-300,Vortex Pro Mechanical Gaming Keyboard,Electronics,117.99,48.0,0.0,34,4011.66,2379.66,1,0,5,7
2026-07-19,ELEC-KEYB-300,Vortex Pro Mechanical Gaming Keyboard,Electronics,120.68,48.0,0.0,12,1448.16,872.16,1,0,6,7
2026-07-20,ELEC-KEYB-300,Vortex Pro Mechanical Gaming Keyboard,Electronics,119.59,48.0,0.0,10,1195.9,715.9,0,0,0,7
2026-07-21,ELEC-KEYB-300,Vortex Pro Mechanical Gaming Keyboard,Electronics,119.82,48.0,0.0,16,1917.12,1149.12,0,0,1,7
2026-07-22,ELEC-KEYB-300,Vortex Pro Mechanical Gaming Keyboard,Electronics,117.96,48.0,0.0,19,2241.24,1329.24,0,0,2,7
2026-07-23,ELEC-KEYB-300,Vortex Pro Mechanical Gaming Keyboard,Electronics,120.35,48.0,0.0,24,2888.4,1736.4,0,0,3,7
2026-07-24,ELEC-KEYB-300,Vortex Pro Mechanical Gaming Keyboard,Electronics,120.65,48.0,0.0,17,2051.05,1235.05,0,0,4,7
2026-07-25,ELEC-KEYB-300,Vortex Pro Mechanical Gaming Keyboard,Electronics,120.56,48.0,0.0,26,3134.56,1886.56,1,0,5,7
2026-07-26,ELEC-KEYB-300,Vortex Pro Mechanical Gaming Keyboard,Electronics,118.53,48.0,0.0,24,2844.72,1692.72,1,0,6,7
2026-07-27,ELEC-KEYB-300,Vortex Pro Mechanical Gaming Keyboard,Electronics,120.04,48.0,0.0,15,1800.6,1080.6,0,0,0,7
2026-07-28,ELEC-KEYB-300,Vortex Pro Mechanical Gaming Keyboard,Electronics,118.49,48.0,0.0,20,2369.8,1409.8,0,0,1,7
2026-07-29,ELEC-KEYB-300,Vortex Pro Mechanical Gaming Keyboard,Electronics,118.27,48.0,0.0,21,2483.67,1475.67,0,0,2,7
2026-07-30,ELEC-KEYB-300,Vortex Pro Mechanical Gaming Keyboard,Electronics,119.56,48.0,0.0,27,3228.12,1932.12,0,0,3,7
2026-07-31,ELEC-KEYB-300,Vortex Pro Mechanical Gaming Keyboard,Electronics,118.54,48.0,0.0,25,2963.5,1763.5,0,0,4,7
2026-08-01,ELEC-KEYB-300,Vortex Pro Mechanical Gaming Keyboard,Electronics,117.97,48.0,0.0,26,3067.22,1819.22,1,0,5,8
2026-08-02,ELEC-KEYB-300,Vortex Pro Mechanical Gaming Keyboard,Electronics,119.88,48.0,0.0,20,2397.6,1437.6,1,0,6,8
2026-08-03,ELEC-KEYB-300,Vortex Pro Mechanical Gaming Keyboard,Electronics,117.88,48.0,0.0,14,1650.32,978.32,0,0,0,8
2026-08-04,ELEC-KEYB-300,Vortex Pro Mechanical Gaming Keyboard,Electronics,95.2,48.0,20.0,23,2189.6,1085.6,0,0,1,8
2026-08-05,ELEC-KEYB-300,Vortex Pro Mechanical Gaming Keyboard,Electronics,117.44,48.0,0.0,19,2231.36,1319.36,0,0,2,8
2026-08-06,ELEC-KEYB-300,Vortex Pro Mechanical Gaming Keyboard,Electronics,95.2,48.0,20.0,17,1618.4,802.4,0,0,3,8
2026-08-07,ELEC-KEYB-300,Vortex Pro Mechanical Gaming Keyboard,Electronics,117.67,48.0,0.0,24,2824.08,1672.08,0,0,4,8
2026-08-08,ELEC-KEYB-300,Vortex Pro Mechanical Gaming Keyboard,Electronics,120.2,48.0,0.0,33,3966.6,2382.6,1,0,5,8
2026-08-09,ELEC-KEYB-300,Vortex Pro Mechanical Gaming Keyboard,Electronics,119.16,48.0,0.0,30,3574.8,2134.8,1,0,6,8
2026-08-10,ELEC-KEYB-300,Vortex Pro Mechanical Gaming Keyboard,Electronics,116.67,48.0,0.0,17,1983.39,1167.39,0,0,0,8
2026-08-11,ELEC-KEYB-300,Vortex Pro Mechanical Gaming Keyboard,Electronics,118.27,48.0,0.0,22,2601.94,1545.94,0,0,1,8
2026-08-12,ELEC-KEYB-300,Vortex Pro Mechanical Gaming Keyboard,Electronics,119.18,48.0,0.0,14,1668.52,996.52,0,0,2,8
2026-08-13,ELEC-KEYB-300,Vortex Pro Mechanical Gaming Keyboard,Electronics,117.91,48.0,0.0,17,2004.47,1188.47,0,0,3,8
2026-08-14,ELEC-KEYB-300,Vortex Pro Mechanical Gaming Keyboard,Electronics,95.2,48.0,20.0,32,3046.4,1510.4,0,0,4,8
2026-08-15,ELEC-KEYB-300,Vortex Pro Mechanical Gaming Keyboard,Electronics,118.54,48.0,0.0,23,2726.42,1622.42,1,0,5,8
2026-08-16,ELEC-KEYB-300,Vortex Pro Mechanical Gaming Keyboard,Electronics,117.36,48.0,0.0,22,2581.92,1525.92,1,0,6,8
2026-08-17,ELEC-KEYB-300,Vortex Pro Mechanical Gaming Keyboard,Electronics,119.93,48.0,0.0,17,2038.81,1222.81,0,0,0,8
2026-08-18,ELEC-KEYB-300,Vortex Pro Mechanical Gaming Keyboard,Electronics,118.73,48.0,0.0,23,2730.79,1626.79,0,0,1,8
2026-08-19,ELEC-KEYB-300,Vortex Pro Mechanical Gaming Keyboard,Electronics,121.15,48.0,0.0,16,1938.4,1170.4,0,0,2,8
2026-08-20,ELEC-KEYB-300,Vortex Pro Mechanical Gaming Keyboard,Electronics,118.44,48.0,0.0,17,2013.48,1197.48,0,0,3,8
2026-08-21,ELEC-KEYB-300,Vortex Pro Mechanical Gaming Keyboard,Electronics,107.1,48.0,10.0,27,2891.7,1595.7,0,0,4,8
2026-08-22,ELEC-KEYB-300,Vortex Pro Mechanical Gaming Keyboard,Electronics,119.64,48.0,0.0,27,3230.28,1934.28,1,0,5,8
2026-08-23,ELEC-KEYB-300,Vortex Pro Mechanical Gaming Keyboard,Electronics,121.27,48.0,0.0,18,2182.86,1318.86,1,0,6,8
2026-08-24,ELEC-KEYB-300,Vortex Pro Mechanical Gaming Keyboard,Electronics,118.94,48.0,0.0,23,2735.62,1631.62,0,0,0,8
2026-08-25,ELEC-KEYB-300,Vortex Pro Mechanical Gaming Keyboard,Electronics,118.66,48.0,0.0,19,2254.54,1342.54,0,0,1,8
2026-08-26,ELEC-KEYB-300,Vortex Pro Mechanical Gaming Keyboard,Electronics,119.61,48.0,0.0,16,1913.76,1145.76,0,0,2,8
2026-08-27,ELEC-KEYB-300,Vortex Pro Mechanical Gaming Keyboard,Electronics,117.77,48.0,0.0,28,3297.56,1953.56,0,0,3,8
2026-08-28,ELEC-KEYB-300,Vortex Pro Mechanical Gaming Keyboard,Electronics,118.23,48.0,0.0,22,2601.06,1545.06,0,0,4,8
2026-08-29,ELEC-KEYB-300,Vortex Pro Mechanical Gaming Keyboard,Electronics,119.61,48.0,0.0,28,3349.08,2005.08,1,0,5,8
2026-08-30,ELEC-KEYB-300,Vortex Pro Mechanical Gaming Keyboard,Electronics,120.15,48.0,0.0,24,2883.6,1731.6,1,0,6,8
2026-08-31,ELEC-KEYB-300,Vortex Pro Mechanical Gaming Keyboard,Electronics,117.92,48.0,0.0,19,2240.48,1328.48,0,0,0,8
2026-09-01,ELEC-KEYB-300,Vortex Pro Mechanical Gaming Keyboard,Electronics,117.25,48.0,0.0,14,1641.5,969.5,0,0,1,9
2026-09-02,ELEC-KEYB-300,Vortex Pro Mechanical Gaming Keyboard,Electronics,121.02,48.0,0.0,13,1573.26,949.26,0,0,2,9
2026-09-03,ELEC-KEYB-300,Vortex Pro Mechanical Gaming Keyboard,Electronics,118.38,48.0,0.0,27,3196.26,1900.26,0,1,3,9
2026-09-04,ELEC-KEYB-300,Vortex Pro Mechanical Gaming Keyboard,Electronics,121.16,48.0,0.0,34,4119.44,2487.44,0,1,4,9
2026-09-05,ELEC-KEYB-300,Vortex Pro Mechanical Gaming Keyboard,Electronics,119.83,48.0,0.0,37,4433.71,2657.71,1,1,5,9
2026-09-06,ELEC-KEYB-300,Vortex Pro Mechanical Gaming Keyboard,Electronics,117.96,48.0,0.0,24,2831.04,1679.04,1,0,6,9
2026-09-07,ELEC-KEYB-300,Vortex Pro Mechanical Gaming Keyboard,Electronics,121.07,48.0,0.0,17,2058.19,1242.19,0,0,0,9
2026-09-08,ELEC-KEYB-300,Vortex Pro Mechanical Gaming Keyboard,Electronics,118.1,48.0,0.0,17,2007.7,1191.7,0,0,1,9
2026-09-09,ELEC-KEYB-300,Vortex Pro Mechanical Gaming Keyboard,Electronics,118.84,48.0,0.0,16,1901.44,1133.44,0,0,2,9
2026-09-10,ELEC-KEYB-300,Vortex Pro Mechanical Gaming Keyboard,Electronics,120.03,48.0,0.0,18,2160.54,1296.54,0,0,3,9
2026-09-11,ELEC-KEYB-300,Vortex Pro Mechanical Gaming Keyboard,Electronics,118.02,48.0,0.0,22,2596.44,1540.44,0,0,4,9
2026-09-12,ELEC-KEYB-300,Vortex Pro Mechanical Gaming Keyboard,Electronics,119.9,48.0,0.0,23,2757.7,1653.7,1,0,5,9
2026-09-13,ELEC-KEYB-300,Vortex Pro Mechanical Gaming Keyboard,Electronics,116.76,48.0,0.0,19,2218.44,1306.44,1,0,6,9
2026-09-14,ELEC-KEYB-300,Vortex Pro Mechanical Gaming Keyboard,Electronics,116.92,48.0,0.0,22,2572.24,1516.24,0,0,0,9
2026-09-15,ELEC-KEYB-300,Vortex Pro Mechanical Gaming Keyboard,Electronics,118.53,48.0,0.0,17,2015.01,1199.01,0,0,1,9
2026-09-16,ELEC-KEYB-300,Vortex Pro Mechanical Gaming Keyboard,Electronics,119.72,48.0,0.0,19,2274.68,1362.68,0,0,2,9
2026-09-17,ELEC-KEYB-300,Vortex Pro Mechanical Gaming Keyboard,Electronics,119.06,48.0,0.0,14,1666.84,994.84,0,0,3,9
2026-09-18,ELEC-KEYB-300,Vortex Pro Mechanical Gaming Keyboard,Electronics,116.98,48.0,0.0,21,2456.58,1448.58,0,0,4,9
2026-09-19,ELEC-KEYB-300,Vortex Pro Mechanical Gaming Keyboard,Electronics,101.15,48.0,15.0,28,2832.2,1488.2,1,0,5,9
2026-09-20,ELEC-KEYB-300,Vortex Pro Mechanical Gaming Keyboard,Electronics,118.76,48.0,0.0,19,2256.44,1344.44,1,0,6,9
2026-09-21,ELEC-KEYB-300,Vortex Pro Mechanical Gaming Keyboard,Electronics,119.98,48.0,0.0,17,2039.66,1223.66,0,0,0,9
2026-09-22,ELEC-KEYB-300,Vortex Pro Mechanical Gaming Keyboard,Electronics,89.25,48.0,25.0,38,3391.5,1567.5,0,0,1,9
2026-09-23,ELEC-KEYB-300,Vortex Pro Mechanical Gaming Keyboard,Electronics,120.27,48.0,0.0,10,1202.7,722.7,0,0,2,9
2026-09-24,ELEC-KEYB-300,Vortex Pro Mechanical Gaming Keyboard,Electronics,116.71,48.0,0.0,15,1750.65,1030.65,0,0,3,9
2026-09-25,ELEC-KEYB-300,Vortex Pro Mechanical Gaming Keyboard,Electronics,121.07,48.0,0.0,21,2542.47,1534.47,0,0,4,9
2026-09-26,ELEC-KEYB-300,Vortex Pro Mechanical Gaming Keyboard,Electronics,119.29,48.0,0.0,17,2027.93,1211.93,1,0,5,9
2026-09-27,ELEC-KEYB-300,Vortex Pro Mechanical Gaming Keyboard,Electronics,119.33,48.0,0.0,19,2267.27,1355.27,1,0,6,9
2026-09-28,ELEC-KEYB-300,Vortex Pro Mechanical Gaming Keyboard,Electronics,120.95,48.0,0.0,20,2419.0,1459.0,0,0,0,9
2026-09-29,ELEC-KEYB-300,Vortex Pro Mechanical Gaming Keyboard,Electronics,121.12,48.0,0.0,22,2664.64,1608.64,0,0,1,9
2026-09-30,ELEC-KEYB-300,Vortex Pro Mechanical Gaming Keyboard,Electronics,118.87,48.0,0.0,22,2615.14,1559.14,0,0,2,9
2026-10-01,ELEC-KEYB-300,Vortex Pro Mechanical Gaming Keyboard,Electronics,119.42,48.0,0.0,22,2627.24,1571.24,0,0,3,10
2026-10-02,ELEC-KEYB-300,Vortex Pro Mechanical Gaming Keyboard,Electronics,118.75,48.0,0.0,24,2850.0,1698.0,0,0,4,10
2026-10-03,ELEC-KEYB-300,Vortex Pro Mechanical Gaming Keyboard,Electronics,116.92,48.0,0.0,15,1753.8,1033.8,1,0,5,10
2026-10-04,ELEC-KEYB-300,Vortex Pro Mechanical Gaming Keyboard,Electronics,120.76,48.0,0.0,20,2415.2,1455.2,1,0,6,10
2025-10-05,APPR-HOOD-400,Highland Heavyweight Cotton Hoodie,Apparel,79.55,28.0,0.0,47,3738.85,2422.85,1,0,6,10
2025-10-06,APPR-HOOD-400,Highland Heavyweight Cotton Hoodie,Apparel,78.21,28.0,0.0,48,3754.08,2410.08,0,0,0,10
2025-10-07,APPR-HOOD-400,Highland Heavyweight Cotton Hoodie,Apparel,77.85,28.0,0.0,41,3191.85,2043.85,0,0,1,10
2025-10-08,APPR-HOOD-400,Highland Heavyweight Cotton Hoodie,Apparel,77.98,28.0,0.0,33,2573.34,1649.34,0,0,2,10
2025-10-09,APPR-HOOD-400,Highland Heavyweight Cotton Hoodie,Apparel,77.21,28.0,0.0,53,4092.13,2608.13,0,0,3,10
2025-10-10,APPR-HOOD-400,Highland Heavyweight Cotton Hoodie,Apparel,62.4,28.0,20.0,98,6115.2,3371.2,0,0,4,10
2025-10-11,APPR-HOOD-400,Highland Heavyweight Cotton Hoodie,Apparel,78.41,28.0,0.0,54,4234.14,2722.14,1,0,5,10
2025-10-12,APPR-HOOD-400,Highland Heavyweight Cotton Hoodie,Apparel,77.61,28.0,0.0,39,3026.79,1934.79,1,0,6,10
2025-10-13,APPR-HOOD-400,Highland Heavyweight Cotton Hoodie,Apparel,77.83,28.0,0.0,44,3424.52,2192.52,0,0,0,10
2025-10-14,APPR-HOOD-400,Highland Heavyweight Cotton Hoodie,Apparel,62.4,28.0,20.0,51,3182.4,1754.4,0,0,1,10
2025-10-15,APPR-HOOD-400,Highland Heavyweight Cotton Hoodie,Apparel,79.33,28.0,0.0,41,3252.53,2104.53,0,0,2,10
2025-10-16,APPR-HOOD-400,Highland Heavyweight Cotton Hoodie,Apparel,78.05,28.0,0.0,45,3512.25,2252.25,0,0,3,10
2025-10-17,APPR-HOOD-400,Highland Heavyweight Cotton Hoodie,Apparel,78.27,28.0,0.0,41,3209.07,2061.07,0,0,4,10
2025-10-18,APPR-HOOD-400,Highland Heavyweight Cotton Hoodie,Apparel,77.21,28.0,0.0,60,4632.6,2952.6,1,0,5,10
2025-10-19,APPR-HOOD-400,Highland Heavyweight Cotton Hoodie,Apparel,78.54,28.0,0.0,52,4084.08,2628.08,1,0,6,10
2025-10-20,APPR-HOOD-400,Highland Heavyweight Cotton Hoodie,Apparel,76.69,28.0,0.0,36,2760.84,1752.84,0,0,0,10
2025-10-21,APPR-HOOD-400,Highland Heavyweight Cotton Hoodie,Apparel,79.52,28.0,0.0,34,2703.68,1751.68,0,0,1,10
2025-10-22,APPR-HOOD-400,Highland Heavyweight Cotton Hoodie,Apparel,70.2,28.0,10.0,52,3650.4,2194.4,0,0,2,10
2025-10-23,APPR-HOOD-400,Highland Heavyweight Cotton Hoodie,Apparel,77.19,28.0,0.0,38,2933.22,1869.22,0,0,3,10
2025-10-24,APPR-HOOD-400,Highland Heavyweight Cotton Hoodie,Apparel,77.17,28.0,0.0,69,5324.73,3392.73,0,0,4,10
2025-10-25,APPR-HOOD-400,Highland Heavyweight Cotton Hoodie,Apparel,77.5,28.0,0.0,63,4882.5,3118.5,1,0,5,10
2025-10-26,APPR-HOOD-400,Highland Heavyweight Cotton Hoodie,Apparel,76.94,28.0,0.0,58,4462.52,2838.52,1,0,6,10
2025-10-27,APPR-HOOD-400,Highland Heavyweight Cotton Hoodie,Apparel,76.58,28.0,0.0,42,3216.36,2040.36,0,0,0,10
2025-10-28,APPR-HOOD-400,Highland Heavyweight Cotton Hoodie,Apparel,77.59,28.0,0.0,36,2793.24,1785.24,0,0,1,10
2025-10-29,APPR-HOOD-400,Highland Heavyweight Cotton Hoodie,Apparel,77.71,28.0,0.0,45,3496.95,2236.95,0,0,2,10
2025-10-30,APPR-HOOD-400,Highland Heavyweight Cotton Hoodie,Apparel,79.24,28.0,0.0,57,4516.68,2920.68,0,1,3,10
2025-10-31,APPR-HOOD-400,Highland Heavyweight Cotton Hoodie,Apparel,79.36,28.0,0.0,62,4920.32,3184.32,0,1,4,10
2025-11-01,APPR-HOOD-400,Highland Heavyweight Cotton Hoodie,Apparel,77.07,28.0,0.0,37,2851.59,1815.59,1,0,5,11
2025-11-02,APPR-HOOD-400,Highland Heavyweight Cotton Hoodie,Apparel,78.12,28.0,0.0,49,3827.88,2455.88,1,0,6,11
2025-11-03,APPR-HOOD-400,Highland Heavyweight Cotton Hoodie,Apparel,76.49,28.0,0.0,53,4053.97,2569.97,0,0,0,11
2025-11-04,APPR-HOOD-400,Highland Heavyweight Cotton Hoodie,Apparel,76.89,28.0,0.0,48,3690.72,2346.72,0,0,1,11
2025-11-05,APPR-HOOD-400,Highland Heavyweight Cotton Hoodie,Apparel,79.01,28.0,0.0,35,2765.35,1785.35,0,0,2,11
2025-11-06,APPR-HOOD-400,Highland Heavyweight Cotton Hoodie,Apparel,76.67,28.0,0.0,44,3373.48,2141.48,0,0,3,11
2025-11-07,APPR-HOOD-400,Highland Heavyweight Cotton Hoodie,Apparel,78.83,28.0,0.0,45,3547.35,2287.35,0,0,4,11
2025-11-08,APPR-HOOD-400,Highland Heavyweight Cotton Hoodie,Apparel,78.46,28.0,0.0,53,4158.38,2674.38,1,0,5,11
2025-11-09,APPR-HOOD-400,Highland Heavyweight Cotton Hoodie,Apparel,79.44,28.0,0.0,46,3654.24,2366.24,1,0,6,11
2025-11-10,APPR-HOOD-400,Highland Heavyweight Cotton Hoodie,Apparel,78.4,28.0,0.0,31,2430.4,1562.4,0,0,0,11
2025-11-11,APPR-HOOD-400,Highland Heavyweight Cotton Hoodie,Apparel,78.99,28.0,0.0,34,2685.66,1733.66,0,0,1,11
2025-11-12,APPR-HOOD-400,Highland Heavyweight Cotton Hoodie,Apparel,76.85,28.0,0.0,39,2997.15,1905.15,0,0,2,11
2025-11-13,APPR-HOOD-400,Highland Heavyweight Cotton Hoodie,Apparel,76.72,28.0,0.0,39,2992.08,1900.08,0,0,3,11
2025-11-14,APPR-HOOD-400,Highland Heavyweight Cotton Hoodie,Apparel,79.11,28.0,0.0,35,2768.85,1788.85,0,0,4,11
2025-11-15,APPR-HOOD-400,Highland Heavyweight Cotton Hoodie,Apparel,77.26,28.0,0.0,62,4790.12,3054.12,1,0,5,11
2025-11-16,APPR-HOOD-400,Highland Heavyweight Cotton Hoodie,Apparel,78.69,28.0,0.0,36,2832.84,1824.84,1,0,6,11
2025-11-17,APPR-HOOD-400,Highland Heavyweight Cotton Hoodie,Apparel,77.55,28.0,0.0,42,3257.1,2081.1,0,0,0,11
2025-11-18,APPR-HOOD-400,Highland Heavyweight Cotton Hoodie,Apparel,78.43,28.0,0.0,30,2352.9,1512.9,0,0,1,11
2025-11-19,APPR-HOOD-400,Highland Heavyweight Cotton Hoodie,Apparel,79.17,28.0,0.0,28,2216.76,1432.76,0,0,2,11
2025-11-20,APPR-HOOD-400,Highland Heavyweight Cotton Hoodie,Apparel,78.29,28.0,0.0,31,2426.99,1558.99,0,0,3,11
2025-11-21,APPR-HOOD-400,Highland Heavyweight Cotton Hoodie,Apparel,76.94,28.0,0.0,52,4000.88,2544.88,0,0,4,11
2025-11-22,APPR-HOOD-400,Highland Heavyweight Cotton Hoodie,Apparel,76.77,28.0,0.0,53,4068.81,2584.81,1,0,5,11
2025-11-23,APPR-HOOD-400,Highland Heavyweight Cotton Hoodie,Apparel,79.36,28.0,0.0,46,3650.56,2362.56,1,0,6,11
2025-11-24,APPR-HOOD-400,Highland Heavyweight Cotton Hoodie,Apparel,78.11,28.0,0.0,34,2655.74,1703.74,0,0,0,11
2025-11-25,APPR-HOOD-400,Highland Heavyweight Cotton Hoodie,Apparel,77.98,28.0,0.0,35,2729.3,1749.3,0,0,1,11
2025-11-26,APPR-HOOD-400,Highland Heavyweight Cotton Hoodie,Apparel,79.08,28.0,0.0,106,8382.48,5414.48,0,1,2,11
2025-11-27,APPR-HOOD-400,Highland Heavyweight Cotton Hoodie,Apparel,77.48,28.0,0.0,106,8212.88,5244.88,0,1,3,11
2025-11-28,APPR-HOOD-400,Highland Heavyweight Cotton Hoodie,Apparel,77.18,28.0,0.0,136,10496.48,6688.48,0,1,4,11
2025-11-29,APPR-HOOD-400,Highland Heavyweight Cotton Hoodie,Apparel,77.48,28.0,0.0,104,8057.92,5145.92,1,1,5,11
2025-11-30,APPR-HOOD-400,Highland Heavyweight Cotton Hoodie,Apparel,79.4,28.0,0.0,99,7860.6,5088.6,1,1,6,11
2025-12-01,APPR-HOOD-400,Highland Heavyweight Cotton Hoodie,Apparel,77.88,28.0,0.0,32,2492.16,1596.16,0,0,0,12
2025-12-02,APPR-HOOD-400,Highland Heavyweight Cotton Hoodie,Apparel,58.5,28.0,25.0,59,3451.5,1799.5,0,0,1,12
2025-12-03,APPR-HOOD-400,Highland Heavyweight Cotton Hoodie,Apparel,78.16,28.0,0.0,34,2657.44,1705.44,0,0,2,12
2025-12-04,APPR-HOOD-400,Highland Heavyweight Cotton Hoodie,Apparel,79.45,28.0,0.0,35,2780.75,1800.75,0,0,3,12
2025-12-05,APPR-HOOD-400,Highland Heavyweight Cotton Hoodie,Apparel,77.2,28.0,0.0,46,3551.2,2263.2,0,0,4,12
2025-12-06,APPR-HOOD-400,Highland Heavyweight Cotton Hoodie,Apparel,77.08,28.0,0.0,57,4393.56,2797.56,1,0,5,12
2025-12-07,APPR-HOOD-400,Highland Heavyweight Cotton Hoodie,Apparel,77.75,28.0,0.0,53,4120.75,2636.75,1,0,6,12
2025-12-08,APPR-HOOD-400,Highland Heavyweight Cotton Hoodie,Apparel,78.2,28.0,0.0,30,2346.0,1506.0,0,0,0,12
2025-12-09,APPR-HOOD-400,Highland Heavyweight Cotton Hoodie,Apparel,76.6,28.0,0.0,43,3293.8,2089.8,0,0,1,12
2025-12-10,APPR-HOOD-400,Highland Heavyweight Cotton Hoodie,Apparel,79.17,28.0,0.0,33,2612.61,1688.61,0,0,2,12
2025-12-11,APPR-HOOD-400,Highland Heavyweight Cotton Hoodie,Apparel,77.44,28.0,0.0,49,3794.56,2422.56,0,0,3,12
2025-12-12,APPR-HOOD-400,Highland Heavyweight Cotton Hoodie,Apparel,77.0,28.0,0.0,47,3619.0,2303.0,0,0,4,12
2025-12-13,APPR-HOOD-400,Highland Heavyweight Cotton Hoodie,Apparel,77.05,28.0,0.0,49,3775.45,2403.45,1,0,5,12
2025-12-14,APPR-HOOD-400,Highland Heavyweight Cotton Hoodie,Apparel,78.14,28.0,0.0,42,3281.88,2105.88,1,0,6,12
2025-12-15,APPR-HOOD-400,Highland Heavyweight Cotton Hoodie,Apparel,78.5,28.0,0.0,38,2983.0,1919.0,0,0,0,12
2025-12-16,APPR-HOOD-400,Highland Heavyweight Cotton Hoodie,Apparel,76.79,28.0,0.0,36,2764.44,1756.44,0,0,1,12
2025-12-17,APPR-HOOD-400,Highland Heavyweight Cotton Hoodie,Apparel,76.91,28.0,0.0,66,5076.06,3228.06,0,1,2,12
2025-12-18,APPR-HOOD-400,Highland Heavyweight Cotton Hoodie,Apparel,78.8,28.0,0.0,73,5752.4,3708.4,0,1,3,12
2025-12-19,APPR-HOOD-400,Highland Heavyweight Cotton Hoodie,Apparel,76.5,28.0,0.0,76,5814.0,3686.0,0,1,4,12
2025-12-20,APPR-HOOD-400,Highland Heavyweight Cotton Hoodie,Apparel,79.35,28.0,0.0,52,4126.2,2670.2,1,0,5,12
2025-12-21,APPR-HOOD-400,Highland Heavyweight Cotton Hoodie,Apparel,77.9,28.0,0.0,44,3427.6,2195.6,1,0,6,12
2025-12-22,APPR-HOOD-400,Highland Heavyweight Cotton Hoodie,Apparel,79.17,28.0,0.0,40,3166.8,2046.8,0,0,0,12
2025-12-23,APPR-HOOD-400,Highland Heavyweight Cotton Hoodie,Apparel,78.04,28.0,0.0,52,4058.08,2602.08,0,1,1,12
2025-12-24,APPR-HOOD-400,Highland Heavyweight Cotton Hoodie,Apparel,79.39,28.0,0.0,54,4287.06,2775.06,0,1,2,12
2025-12-25,APPR-HOOD-400,Highland Heavyweight Cotton Hoodie,Apparel,76.6,28.0,0.0,45,3447.0,2187.0,0,1,3,12
2025-12-26,APPR-HOOD-400,Highland Heavyweight Cotton Hoodie,Apparel,76.54,28.0,0.0,75,5740.5,3640.5,0,1,4,12
2025-12-27,APPR-HOOD-400,Highland Heavyweight Cotton Hoodie,Apparel,70.2,28.0,10.0,79,5545.8,3333.8,1,1,5,12
2025-12-28,APPR-HOOD-400,Highland Heavyweight Cotton Hoodie,Apparel,76.92,28.0,0.0,44,3384.48,2152.48,1,0,6,12
2025-12-29,APPR-HOOD-400,Highland Heavyweight Cotton Hoodie,Apparel,77.6,28.0,0.0,31,2405.6,1537.6,0,0,0,12
2025-12-30,APPR-HOOD-400,Highland Heavyweight Cotton Hoodie,Apparel,77.71,28.0,0.0,28,2175.88,1391.88,0,0,1,12
2025-12-31,APPR-HOOD-400,Highland Heavyweight Cotton Hoodie,Apparel,78.39,28.0,0.0,36,2822.04,1814.04,0,0,2,12
2026-01-01,APPR-HOOD-400,Highland Heavyweight Cotton Hoodie,Apparel,78.19,28.0,0.0,41,3205.79,2057.79,0,1,3,1
2026-01-02,APPR-HOOD-400,Highland Heavyweight Cotton Hoodie,Apparel,77.43,28.0,0.0,61,4723.23,3015.23,0,1,4,1
2026-01-03,APPR-HOOD-400,Highland Heavyweight Cotton Hoodie,Apparel,76.8,28.0,0.0,76,5836.8,3708.8,1,0,5,1
2026-01-04,APPR-HOOD-400,Highland Heavyweight Cotton Hoodie,Apparel,78.94,28.0,0.0,53,4183.82,2699.82,1,0,6,1
2026-01-05,APPR-HOOD-400,Highland Heavyweight Cotton Hoodie,Apparel,76.86,28.0,0.0,30,2305.8,1465.8,0,0,0,1
2026-01-06,APPR-HOOD-400,Highland Heavyweight Cotton Hoodie,Apparel,78.45,28.0,0.0,38,2981.1,1917.1,0,0,1,1
2026-01-07,APPR-HOOD-400,Highland Heavyweight Cotton Hoodie,Apparel,77.2,28.0,0.0,45,3474.0,2214.0,0,0,2,1
2026-01-08,APPR-HOOD-400,Highland Heavyweight Cotton Hoodie,Apparel,76.67,28.0,0.0,45,3450.15,2190.15,0,0,3,1
2026-01-09,APPR-HOOD-400,Highland Heavyweight Cotton Hoodie,Apparel,79.31,28.0,0.0,48,3806.88,2462.88,0,0,4,1
2026-01-10,APPR-HOOD-400,Highland Heavyweight Cotton Hoodie,Apparel,79.4,28.0,0.0,44,3493.6,2261.6,1,0,5,1
2026-01-11,APPR-HOOD-400,Highland Heavyweight Cotton Hoodie,Apparel,77.7,28.0,0.0,33,2564.1,1640.1,1,0,6,1
2026-01-12,APPR-HOOD-400,Highland Heavyweight Cotton Hoodie,Apparel,62.4,28.0,20.0,48,2995.2,1651.2,0,0,0,1
2026-01-13,APPR-HOOD-400,Highland Heavyweight Cotton Hoodie,Apparel,77.53,28.0,0.0,41,3178.73,2030.73,0,0,1,1
2026-01-14,APPR-HOOD-400,Highland Heavyweight Cotton Hoodie,Apparel,76.92,28.0,0.0,36,2769.12,1761.12,0,0,2,1
2026-01-15,APPR-HOOD-400,Highland Heavyweight Cotton Hoodie,Apparel,76.91,28.0,0.0,47,3614.77,2298.77,0,0,3,1
2026-01-16,APPR-HOOD-400,Highland Heavyweight Cotton Hoodie,Apparel,77.03,28.0,0.0,45,3466.35,2206.35,0,0,4,1
2026-01-17,APPR-HOOD-400,Highland Heavyweight Cotton Hoodie,Apparel,78.4,28.0,0.0,57,4468.8,2872.8,1,0,5,1
2026-01-18,APPR-HOOD-400,Highland Heavyweight Cotton Hoodie,Apparel,78.25,28.0,0.0,58,4538.5,2914.5,1,0,6,1
2026-01-19,APPR-HOOD-400,Highland Heavyweight Cotton Hoodie,Apparel,62.4,28.0,20.0,50,3120.0,1720.0,0,0,0,1
2026-01-20,APPR-HOOD-400,Highland Heavyweight Cotton Hoodie,Apparel,79.07,28.0,0.0,37,2925.59,1889.59,0,0,1,1
2026-01-21,APPR-HOOD-400,Highland Heavyweight Cotton Hoodie,Apparel,79.14,28.0,0.0,26,2057.64,1329.64,0,0,2,1
2026-01-22,APPR-HOOD-400,Highland Heavyweight Cotton Hoodie,Apparel,78.75,28.0,0.0,44,3465.0,2233.0,0,0,3,1
2026-01-23,APPR-HOOD-400,Highland Heavyweight Cotton Hoodie,Apparel,76.96,28.0,0.0,54,4155.84,2643.84,0,0,4,1
2026-01-24,APPR-HOOD-400,Highland Heavyweight Cotton Hoodie,Apparel,76.71,28.0,0.0,53,4065.63,2581.63,1,0,5,1
2026-01-25,APPR-HOOD-400,Highland Heavyweight Cotton Hoodie,Apparel,77.49,28.0,0.0,49,3797.01,2425.01,1,0,6,1
2026-01-26,APPR-HOOD-400,Highland Heavyweight Cotton Hoodie,Apparel,78.51,28.0,0.0,43,3375.93,2171.93,0,0,0,1
2026-01-27,APPR-HOOD-400,Highland Heavyweight Cotton Hoodie,Apparel,76.82,28.0,0.0,44,3380.08,2148.08,0,0,1,1
2026-01-28,APPR-HOOD-400,Highland Heavyweight Cotton Hoodie,Apparel,79.48,28.0,0.0,43,3417.64,2213.64,0,0,2,1
2026-01-29,APPR-HOOD-400,Highland Heavyweight Cotton Hoodie,Apparel,79.5,28.0,0.0,28,2226.0,1442.0,0,0,3,1
2026-01-30,APPR-HOOD-400,Highland Heavyweight Cotton Hoodie,Apparel,78.43,28.0,0.0,43,3372.49,2168.49,0,0,4,1
2026-01-31,APPR-HOOD-400,Highland Heavyweight Cotton Hoodie,Apparel,76.64,28.0,0.0,55,4215.2,2675.2,1,0,5,1
2026-02-01,APPR-HOOD-400,Highland Heavyweight Cotton Hoodie,Apparel,78.48,28.0,0.0,44,3453.12,2221.12,1,0,6,2
2026-02-02,APPR-HOOD-400,Highland Heavyweight Cotton Hoodie,Apparel,79.07,28.0,0.0,31,2451.17,1583.17,0,0,0,2
2026-02-03,APPR-HOOD-400,Highland Heavyweight Cotton Hoodie,Apparel,78.2,28.0,0.0,42,3284.4,2108.4,0,0,1,2
2026-02-04,APPR-HOOD-400,Highland Heavyweight Cotton Hoodie,Apparel,77.09,28.0,0.0,41,3160.69,2012.69,0,0,2,2
2026-02-05,APPR-HOOD-400,Highland Heavyweight Cotton Hoodie,Apparel,77.79,28.0,0.0,34,2644.86,1692.86,0,0,3,2
2026-02-06,APPR-HOOD-400,Highland Heavyweight Cotton Hoodie,Apparel,79.41,28.0,0.0,43,3414.63,2210.63,0,0,4,2
2026-02-07,APPR-HOOD-400,Highland Heavyweight Cotton Hoodie,Apparel,79.19,28.0,0.0,49,3880.31,2508.31,1,0,5,2
2026-02-08,APPR-HOOD-400,Highland Heavyweight Cotton Hoodie,Apparel,78.7,28.0,0.0,45,3541.5,2281.5,1,0,6,2
2026-02-09,APPR-HOOD-400,Highland Heavyweight Cotton Hoodie,Apparel,77.82,28.0,0.0,38,2957.16,1893.16,0,0,0,2
2026-02-10,APPR-HOOD-400,Highland Heavyweight Cotton Hoodie,Apparel,77.63,28.0,0.0,37,2872.31,1836.31,0,0,1,2
2026-02-11,APPR-HOOD-400,Highland Heavyweight Cotton Hoodie,Apparel,77.59,28.0,0.0,40,3103.6,1983.6,0,0,2,2
2026-02-12,APPR-HOOD-400,Highland Heavyweight Cotton Hoodie,Apparel,77.57,28.0,0.0,42,3257.94,2081.94,0,0,3,2
2026-02-13,APPR-HOOD-400,Highland Heavyweight Cotton Hoodie,Apparel,77.28,28.0,0.0,73,5641.44,3597.44,0,1,4,2
2026-02-14,APPR-HOOD-400,Highland Heavyweight Cotton Hoodie,Apparel,78.46,28.0,0.0,72,5649.12,3633.12,1,1,5,2
2026-02-15,APPR-HOOD-400,Highland Heavyweight Cotton Hoodie,Apparel,77.56,28.0,0.0,54,4188.24,2676.24,1,1,6,2
2026-02-16,APPR-HOOD-400,Highland Heavyweight Cotton Hoodie,Apparel,79.41,28.0,0.0,35,2779.35,1799.35,0,0,0,2
2026-02-17,APPR-HOOD-400,Highland Heavyweight Cotton Hoodie,Apparel,76.6,28.0,0.0,39,2987.4,1895.4,0,0,1,2
2026-02-18,APPR-HOOD-400,Highland Heavyweight Cotton Hoodie,Apparel,77.2,28.0,0.0,45,3474.0,2214.0,0,0,2,2
2026-02-19,APPR-HOOD-400,Highland Heavyweight Cotton Hoodie,Apparel,77.03,28.0,0.0,42,3235.26,2059.26,0,0,3,2
2026-02-20,APPR-HOOD-400,Highland Heavyweight Cotton Hoodie,Apparel,70.2,28.0,10.0,54,3790.8,2278.8,0,0,4,2
2026-02-21,APPR-HOOD-400,Highland Heavyweight Cotton Hoodie,Apparel,78.47,28.0,0.0,61,4786.67,3078.67,1,0,5,2
2026-02-22,APPR-HOOD-400,Highland Heavyweight Cotton Hoodie,Apparel,76.67,28.0,0.0,54,4140.18,2628.18,1,0,6,2
2026-02-23,APPR-HOOD-400,Highland Heavyweight Cotton Hoodie,Apparel,76.46,28.0,0.0,40,3058.4,1938.4,0,0,0,2
2026-02-24,APPR-HOOD-400,Highland Heavyweight Cotton Hoodie,Apparel,78.22,28.0,0.0,47,3676.34,2360.34,0,0,1,2
2026-02-25,APPR-HOOD-400,Highland Heavyweight Cotton Hoodie,Apparel,78.13,28.0,0.0,38,2968.94,1904.94,0,0,2,2
2026-02-26,APPR-HOOD-400,Highland Heavyweight Cotton Hoodie,Apparel,78.54,28.0,0.0,28,2199.12,1415.12,0,0,3,2
2026-02-27,APPR-HOOD-400,Highland Heavyweight Cotton Hoodie,Apparel,77.19,28.0,0.0,49,3782.31,2410.31,0,0,4,2
2026-02-28,APPR-HOOD-400,Highland Heavyweight Cotton Hoodie,Apparel,78.26,28.0,0.0,51,3991.26,2563.26,1,0,5,2
2026-03-01,APPR-HOOD-400,Highland Heavyweight Cotton Hoodie,Apparel,70.2,28.0,10.0,66,4633.2,2785.2,1,0,6,3
2026-03-02,APPR-HOOD-400,Highland Heavyweight Cotton Hoodie,Apparel,78.51,28.0,0.0,37,2904.87,1868.87,0,0,0,3
2026-03-03,APPR-HOOD-400,Highland Heavyweight Cotton Hoodie,Apparel,79.29,28.0,0.0,32,2537.28,1641.28,0,0,1,3
2026-03-04,APPR-HOOD-400,Highland Heavyweight Cotton Hoodie,Apparel,78.75,28.0,0.0,50,3937.5,2537.5,0,0,2,3
2026-03-05,APPR-HOOD-400,Highland Heavyweight Cotton Hoodie,Apparel,78.09,28.0,0.0,43,3357.87,2153.87,0,0,3,3
2026-03-06,APPR-HOOD-400,Highland Heavyweight Cotton Hoodie,Apparel,78.18,28.0,0.0,57,4456.26,2860.26,0,0,4,3
2026-03-07,APPR-HOOD-400,Highland Heavyweight Cotton Hoodie,Apparel,78.2,28.0,0.0,45,3519.0,2259.0,1,0,5,3
2026-03-08,APPR-HOOD-400,Highland Heavyweight Cotton Hoodie,Apparel,78.78,28.0,0.0,47,3702.66,2386.66,1,0,6,3
2026-03-09,APPR-HOOD-400,Highland Heavyweight Cotton Hoodie,Apparel,77.47,28.0,0.0,40,3098.8,1978.8,0,0,0,3
2026-03-10,APPR-HOOD-400,Highland Heavyweight Cotton Hoodie,Apparel,78.57,28.0,0.0,48,3771.36,2427.36,0,0,1,3
2026-03-11,APPR-HOOD-400,Highland Heavyweight Cotton Hoodie,Apparel,79.16,28.0,0.0,37,2928.92,1892.92,0,0,2,3
2026-03-12,APPR-HOOD-400,Highland Heavyweight Cotton Hoodie,Apparel,78.04,28.0,0.0,57,4448.28,2852.28,0,0,3,3
2026-03-13,APPR-HOOD-400,Highland Heavyweight Cotton Hoodie,Apparel,77.54,28.0,0.0,61,4729.94,3021.94,0,0,4,3
2026-03-14,APPR-HOOD-400,Highland Heavyweight Cotton Hoodie,Apparel,77.06,28.0,0.0,57,4392.42,2796.42,1,0,5,3
2026-03-15,APPR-HOOD-400,Highland Heavyweight Cotton Hoodie,Apparel,79.3,28.0,0.0,57,4520.1,2924.1,1,0,6,3
2026-03-16,APPR-HOOD-400,Highland Heavyweight Cotton Hoodie,Apparel,79.52,28.0,0.0,38,3021.76,1957.76,0,0,0,3
2026-03-17,APPR-HOOD-400,Highland Heavyweight Cotton Hoodie,Apparel,77.26,28.0,0.0,39,3013.14,1921.14,0,0,1,3
2026-03-18,APPR-HOOD-400,Highland Heavyweight Cotton Hoodie,Apparel,79.4,28.0,0.0,45,3573.0,2313.0,0,0,2,3
2026-03-19,APPR-HOOD-400,Highland Heavyweight Cotton Hoodie,Apparel,78.28,28.0,0.0,53,4148.84,2664.84,0,0,3,3
2026-03-20,APPR-HOOD-400,Highland Heavyweight Cotton Hoodie,Apparel,78.86,28.0,0.0,52,4100.72,2644.72,0,0,4,3
2026-03-21,APPR-HOOD-400,Highland Heavyweight Cotton Hoodie,Apparel,76.8,28.0,0.0,49,3763.2,2391.2,1,0,5,3
2026-03-22,APPR-HOOD-400,Highland Heavyweight Cotton Hoodie,Apparel,77.28,28.0,0.0,54,4173.12,2661.12,1,0,6,3
2026-03-23,APPR-HOOD-400,Highland Heavyweight Cotton Hoodie,Apparel,66.3,28.0,15.0,58,3845.4,2221.4,0,0,0,3
2026-03-24,APPR-HOOD-400,Highland Heavyweight Cotton Hoodie,Apparel,79.55,28.0,0.0,37,2943.35,1907.35,0,0,1,3
2026-03-25,APPR-HOOD-400,Highland Heavyweight Cotton Hoodie,Apparel,79.27,28.0,0.0,34,2695.18,1743.18,0,0,2,3
2026-03-26,APPR-HOOD-400,Highland Heavyweight Cotton Hoodie,Apparel,77.71,28.0,0.0,28,2175.88,1391.88,0,0,3,3
2026-03-27,APPR-HOOD-400,Highland Heavyweight Cotton Hoodie,Apparel,77.27,28.0,0.0,48,3708.96,2364.96,0,0,4,3
2026-03-28,APPR-HOOD-400,Highland Heavyweight Cotton Hoodie,Apparel,76.61,28.0,0.0,61,4673.21,2965.21,1,0,5,3
2026-03-29,APPR-HOOD-400,Highland Heavyweight Cotton Hoodie,Apparel,79.35,28.0,0.0,57,4522.95,2926.95,1,0,6,3
2026-03-30,APPR-HOOD-400,Highland Heavyweight Cotton Hoodie,Apparel,79.01,28.0,0.0,40,3160.4,2040.4,0,0,0,3
2026-03-31,APPR-HOOD-400,Highland Heavyweight Cotton Hoodie,Apparel,78.09,28.0,0.0,31,2420.79,1552.79,0,0,1,3
2026-04-01,APPR-HOOD-400,Highland Heavyweight Cotton Hoodie,Apparel,77.95,28.0,0.0,46,3585.7,2297.7,0,0,2,4
2026-04-02,APPR-HOOD-400,Highland Heavyweight Cotton Hoodie,Apparel,77.05,28.0,0.0,48,3698.4,2354.4,0,0,3,4
2026-04-03,APPR-HOOD-400,Highland Heavyweight Cotton Hoodie,Apparel,77.64,28.0,0.0,54,4192.56,2680.56,0,0,4,4
2026-04-04,APPR-HOOD-400,Highland Heavyweight Cotton Hoodie,Apparel,78.32,28.0,0.0,56,4385.92,2817.92,1,0,5,4
2026-04-05,APPR-HOOD-400,Highland Heavyweight Cotton Hoodie,Apparel,77.12,28.0,0.0,79,6092.48,3880.48,1,0,6,4
2026-04-06,APPR-HOOD-400,Highland Heavyweight Cotton Hoodie,Apparel,77.6,28.0,0.0,49,3802.4,2430.4,0,0,0,4
2026-04-07,APPR-HOOD-400,Highland Heavyweight Cotton Hoodie,Apparel,76.69,28.0,0.0,43,3297.67,2093.67,0,0,1,4
2026-04-08,APPR-HOOD-400,Highland Heavyweight Cotton Hoodie,Apparel,76.7,28.0,0.0,52,3988.4,2532.4,0,0,2,4
2026-04-09,APPR-HOOD-400,Highland Heavyweight Cotton Hoodie,Apparel,79.3,28.0,0.0,53,4202.9,2718.9,0,0,3,4
2026-04-10,APPR-HOOD-400,Highland Heavyweight Cotton Hoodie,Apparel,76.6,28.0,0.0,64,4902.4,3110.4,0,0,4,4
2026-04-11,APPR-HOOD-400,Highland Heavyweight Cotton Hoodie,Apparel,77.17,28.0,0.0,72,5556.24,3540.24,1,0,5,4
2026-04-12,APPR-HOOD-400,Highland Heavyweight Cotton Hoodie,Apparel,79.5,28.0,0.0,45,3577.5,2317.5,1,0,6,4
2026-04-13,APPR-HOOD-400,Highland Heavyweight Cotton Hoodie,Apparel,77.1,28.0,0.0,50,3855.0,2455.0,0,0,0,4
2026-04-14,APPR-HOOD-400,Highland Heavyweight Cotton Hoodie,Apparel,76.65,28.0,0.0,60,4599.0,2919.0,0,1,1,4
2026-04-15,APPR-HOOD-400,Highland Heavyweight Cotton Hoodie,Apparel,79.07,28.0,0.0,52,4111.64,2655.64,0,1,2,4
2026-04-16,APPR-HOOD-400,Highland Heavyweight Cotton Hoodie,Apparel,79.33,28.0,0.0,48,3807.84,2463.84,0,1,3,4
2026-04-17,APPR-HOOD-400,Highland Heavyweight Cotton Hoodie,Apparel,79.21,28.0,0.0,52,4118.92,2662.92,0,0,4,4
2026-04-18,APPR-HOOD-400,Highland Heavyweight Cotton Hoodie,Apparel,77.03,28.0,0.0,57,4390.71,2794.71,1,0,5,4
2026-04-19,APPR-HOOD-400,Highland Heavyweight Cotton Hoodie,Apparel,76.71,28.0,0.0,60,4602.6,2922.6,1,0,6,4
2026-04-20,APPR-HOOD-400,Highland Heavyweight Cotton Hoodie,Apparel,58.5,28.0,25.0,68,3978.0,2074.0,0,0,0,4
2026-04-21,APPR-HOOD-400,Highland Heavyweight Cotton Hoodie,Apparel,77.48,28.0,0.0,43,3331.64,2127.64,0,0,1,4
2026-04-22,APPR-HOOD-400,Highland Heavyweight Cotton Hoodie,Apparel,76.47,28.0,0.0,51,3899.97,2471.97,0,0,2,4
2026-04-23,APPR-HOOD-400,Highland Heavyweight Cotton Hoodie,Apparel,77.58,28.0,0.0,64,4965.12,3173.12,0,0,3,4
2026-04-24,APPR-HOOD-400,Highland Heavyweight Cotton Hoodie,Apparel,77.45,28.0,0.0,48,3717.6,2373.6,0,0,4,4
2026-04-25,APPR-HOOD-400,Highland Heavyweight Cotton Hoodie,Apparel,76.92,28.0,0.0,59,4538.28,2886.28,1,0,5,4
2026-04-26,APPR-HOOD-400,Highland Heavyweight Cotton Hoodie,Apparel,78.19,28.0,0.0,53,4144.07,2660.07,1,0,6,4
2026-04-27,APPR-HOOD-400,Highland Heavyweight Cotton Hoodie,Apparel,78.19,28.0,0.0,52,4065.88,2609.88,0,0,0,4
2026-04-28,APPR-HOOD-400,Highland Heavyweight Cotton Hoodie,Apparel,78.65,28.0,0.0,52,4089.8,2633.8,0,0,1,4
2026-04-29,APPR-HOOD-400,Highland Heavyweight Cotton Hoodie,Apparel,77.6,28.0,0.0,46,3569.6,2281.6,0,0,2,4
2026-04-30,APPR-HOOD-400,Highland Heavyweight Cotton Hoodie,Apparel,79.38,28.0,0.0,50,3969.0,2569.0,0,0,3,4
2026-05-01,APPR-HOOD-400,Highland Heavyweight Cotton Hoodie,Apparel,78.53,28.0,0.0,54,4240.62,2728.62,0,0,4,5
2026-05-02,APPR-HOOD-400,Highland Heavyweight Cotton Hoodie,Apparel,76.59,28.0,0.0,58,4442.22,2818.22,1,0,5,5
2026-05-03,APPR-HOOD-400,Highland Heavyweight Cotton Hoodie,Apparel,77.86,28.0,0.0,54,4204.44,2692.44,1,0,6,5
2026-05-04,APPR-HOOD-400,Highland Heavyweight Cotton Hoodie,Apparel,79.11,28.0,0.0,48,3797.28,2453.28,0,0,0,5
2026-05-05,APPR-HOOD-400,Highland Heavyweight Cotton Hoodie,Apparel,76.81,28.0,0.0,40,3072.4,1952.4,0,0,1,5
2026-05-06,APPR-HOOD-400,Highland Heavyweight Cotton Hoodie,Apparel,78.25,28.0,0.0,46,3599.5,2311.5,0,0,2,5
2026-05-07,APPR-HOOD-400,Highland Heavyweight Cotton Hoodie,Apparel,77.58,28.0,0.0,56,4344.48,2776.48,0,0,3,5
2026-05-08,APPR-HOOD-400,Highland Heavyweight Cotton Hoodie,Apparel,76.8,28.0,0.0,49,3763.2,2391.2,0,0,4,5
2026-05-09,APPR-HOOD-400,Highland Heavyweight Cotton Hoodie,Apparel,79.36,28.0,0.0,57,4523.52,2927.52,1,0,5,5
2026-05-10,APPR-HOOD-400,Highland Heavyweight Cotton Hoodie,Apparel,78.82,28.0,0.0,51,4019.82,2591.82,1,0,6,5
2026-05-11,APPR-HOOD-400,Highland Heavyweight Cotton Hoodie,Apparel,62.4,28.0,20.0,59,3681.6,2029.6,0,0,0,5
2026-05-12,APPR-HOOD-400,Highland Heavyweight Cotton Hoodie,Apparel,77.06,28.0,0.0,42,3236.52,2060.52,0,0,1,5
2026-05-13,APPR-HOOD-400,Highland Heavyweight Cotton Hoodie,Apparel,78.7,28.0,0.0,35,2754.5,1774.5,0,0,2,5
2026-05-14,APPR-HOOD-400,Highland Heavyweight Cotton Hoodie,Apparel,77.95,28.0,0.0,50,3897.5,2497.5,0,0,3,5
2026-05-15,APPR-HOOD-400,Highland Heavyweight Cotton Hoodie,Apparel,62.4,28.0,20.0,81,5054.4,2786.4,0,0,4,5
2026-05-16,APPR-HOOD-400,Highland Heavyweight Cotton Hoodie,Apparel,78.6,28.0,0.0,64,5030.4,3238.4,1,0,5,5
2026-05-17,APPR-HOOD-400,Highland Heavyweight Cotton Hoodie,Apparel,77.73,28.0,0.0,49,3808.77,2436.77,1,0,6,5
2026-05-18,APPR-HOOD-400,Highland Heavyweight Cotton Hoodie,Apparel,78.08,28.0,0.0,47,3669.76,2353.76,0,0,0,5
2026-05-19,APPR-HOOD-400,Highland Heavyweight Cotton Hoodie,Apparel,79.27,28.0,0.0,44,3487.88,2255.88,0,0,1,5
2026-05-20,APPR-HOOD-400,Highland Heavyweight Cotton Hoodie,Apparel,77.84,28.0,0.0,51,3969.84,2541.84,0,0,2,5
2026-05-21,APPR-HOOD-400,Highland Heavyweight Cotton Hoodie,Apparel,77.98,28.0,0.0,59,4600.82,2948.82,0,0,3,5
2026-05-22,APPR-HOOD-400,Highland Heavyweight Cotton Hoodie,Apparel,77.72,28.0,0.0,62,4818.64,3082.64,0,0,4,5
2026-05-23,APPR-HOOD-400,Highland Heavyweight Cotton Hoodie,Apparel,58.5,28.0,25.0,99,5791.5,3019.5,1,0,5,5
2026-05-24,APPR-HOOD-400,Highland Heavyweight Cotton Hoodie,Apparel,77.44,28.0,0.0,51,3949.44,2521.44,1,0,6,5
2026-05-25,APPR-HOOD-400,Highland Heavyweight Cotton Hoodie,Apparel,77.74,28.0,0.0,40,3109.6,1989.6,0,0,0,5
2026-05-26,APPR-HOOD-400,Highland Heavyweight Cotton Hoodie,Apparel,76.86,28.0,0.0,41,3151.26,2003.26,0,0,1,5
2026-05-27,APPR-HOOD-400,Highland Heavyweight Cotton Hoodie,Apparel,77.82,28.0,0.0,61,4747.02,3039.02,0,1,2,5
2026-05-28,APPR-HOOD-400,Highland Heavyweight Cotton Hoodie,Apparel,79.23,28.0,0.0,72,5704.56,3688.56,0,1,3,5
2026-05-29,APPR-HOOD-400,Highland Heavyweight Cotton Hoodie,Apparel,78.76,28.0,0.0,68,5355.68,3451.68,0,1,4,5
2026-05-30,APPR-HOOD-400,Highland Heavyweight Cotton Hoodie,Apparel,77.52,28.0,0.0,72,5581.44,3565.44,1,0,5,5
2026-05-31,APPR-HOOD-400,Highland Heavyweight Cotton Hoodie,Apparel,76.64,28.0,0.0,51,3908.64,2480.64,1,0,6,5
2026-06-01,APPR-HOOD-400,Highland Heavyweight Cotton Hoodie,Apparel,78.42,28.0,0.0,40,3136.8,2016.8,0,0,0,6
2026-06-02,APPR-HOOD-400,Highland Heavyweight Cotton Hoodie,Apparel,78.09,28.0,0.0,47,3670.23,2354.23,0,0,1,6
2026-06-03,APPR-HOOD-400,Highland Heavyweight Cotton Hoodie,Apparel,79.14,28.0,0.0,41,3244.74,2096.74,0,0,2,6
2026-06-04,APPR-HOOD-400,Highland Heavyweight Cotton Hoodie,Apparel,76.49,28.0,0.0,49,3748.01,2376.01,0,0,3,6
2026-06-05,APPR-HOOD-400,Highland Heavyweight Cotton Hoodie,Apparel,78.14,28.0,0.0,44,3438.16,2206.16,0,0,4,6
2026-06-06,APPR-HOOD-400,Highland Heavyweight Cotton Hoodie,Apparel,77.12,28.0,0.0,70,5398.4,3438.4,1,0,5,6
2026-06-07,APPR-HOOD-400,Highland Heavyweight Cotton Hoodie,Apparel,78.19,28.0,0.0,65,5082.35,3262.35,1,0,6,6
2026-06-08,APPR-HOOD-400,Highland Heavyweight Cotton Hoodie,Apparel,77.55,28.0,0.0,53,4110.15,2626.15,0,0,0,6
2026-06-09,APPR-HOOD-400,Highland Heavyweight Cotton Hoodie,Apparel,78.22,28.0,0.0,49,3832.78,2460.78,0,0,1,6
2026-06-10,APPR-HOOD-400,Highland Heavyweight Cotton Hoodie,Apparel,77.38,28.0,0.0,46,3559.48,2271.48,0,0,2,6
2026-06-11,APPR-HOOD-400,Highland Heavyweight Cotton Hoodie,Apparel,79.34,28.0,0.0,48,3808.32,2464.32,0,0,3,6
2026-06-12,APPR-HOOD-400,Highland Heavyweight Cotton Hoodie,Apparel,79.26,28.0,0.0,44,3487.44,2255.44,0,0,4,6
2026-06-13,APPR-HOOD-400,Highland Heavyweight Cotton Hoodie,Apparel,78.65,28.0,0.0,61,4797.65,3089.65,1,0,5,6
2026-06-14,APPR-HOOD-400,Highland Heavyweight Cotton Hoodie,Apparel,77.81,28.0,0.0,53,4123.93,2639.93,1,0,6,6
2026-06-15,APPR-HOOD-400,Highland Heavyweight Cotton Hoodie,Apparel,62.4,28.0,20.0,80,4992.0,2752.0,0,0,0,6
2026-06-16,APPR-HOOD-400,Highland Heavyweight Cotton Hoodie,Apparel,79.02,28.0,0.0,42,3318.84,2142.84,0,0,1,6
2026-06-17,APPR-HOOD-400,Highland Heavyweight Cotton Hoodie,Apparel,76.72,28.0,0.0,45,3452.4,2192.4,0,0,2,6
2026-06-18,APPR-HOOD-400,Highland Heavyweight Cotton Hoodie,Apparel,66.3,28.0,15.0,68,4508.4,2604.4,0,0,3,6
2026-06-19,APPR-HOOD-400,Highland Heavyweight Cotton Hoodie,Apparel,79.35,28.0,0.0,52,4126.2,2670.2,0,0,4,6
2026-06-20,APPR-HOOD-400,Highland Heavyweight Cotton Hoodie,Apparel,78.2,28.0,0.0,81,6334.2,4066.2,1,0,5,6
2026-06-21,APPR-HOOD-400,Highland Heavyweight Cotton Hoodie,Apparel,70.2,28.0,10.0,65,4563.0,2743.0,1,0,6,6
2026-06-22,APPR-HOOD-400,Highland Heavyweight Cotton Hoodie,Apparel,78.22,28.0,0.0,54,4223.88,2711.88,0,0,0,6
2026-06-23,APPR-HOOD-400,Highland Heavyweight Cotton Hoodie,Apparel,79.54,28.0,0.0,46,3658.84,2370.84,0,0,1,6
2026-06-24,APPR-HOOD-400,Highland Heavyweight Cotton Hoodie,Apparel,79.54,28.0,0.0,43,3420.22,2216.22,0,0,2,6
2026-06-25,APPR-HOOD-400,Highland Heavyweight Cotton Hoodie,Apparel,78.18,28.0,0.0,45,3518.1,2258.1,0,0,3,6
2026-06-26,APPR-HOOD-400,Highland Heavyweight Cotton Hoodie,Apparel,76.44,28.0,0.0,59,4509.96,2857.96,0,0,4,6
2026-06-27,APPR-HOOD-400,Highland Heavyweight Cotton Hoodie,Apparel,78.23,28.0,0.0,59,4615.57,2963.57,1,0,5,6
2026-06-28,APPR-HOOD-400,Highland Heavyweight Cotton Hoodie,Apparel,76.95,28.0,0.0,56,4309.2,2741.2,1,0,6,6
2026-06-29,APPR-HOOD-400,Highland Heavyweight Cotton Hoodie,Apparel,79.27,28.0,0.0,53,4201.31,2717.31,0,0,0,6
2026-06-30,APPR-HOOD-400,Highland Heavyweight Cotton Hoodie,Apparel,76.79,28.0,0.0,55,4223.45,2683.45,0,0,1,6
2026-07-01,APPR-HOOD-400,Highland Heavyweight Cotton Hoodie,Apparel,76.95,28.0,0.0,46,3539.7,2251.7,0,0,2,7
2026-07-02,APPR-HOOD-400,Highland Heavyweight Cotton Hoodie,Apparel,78.74,28.0,0.0,33,2598.42,1674.42,0,0,3,7
2026-07-03,APPR-HOOD-400,Highland Heavyweight Cotton Hoodie,Apparel,77.94,28.0,0.0,57,4442.58,2846.58,0,0,4,7
2026-07-04,APPR-HOOD-400,Highland Heavyweight Cotton Hoodie,Apparel,58.5,28.0,25.0,124,7254.0,3782.0,1,0,5,7
2026-07-05,APPR-HOOD-400,Highland Heavyweight Cotton Hoodie,Apparel,70.2,28.0,10.0,90,6318.0,3798.0,1,0,6,7
2026-07-06,APPR-HOOD-400,Highland Heavyweight Cotton Hoodie,Apparel,79.09,28.0,0.0,44,3479.96,2247.96,0,0,0,7
2026-07-07,APPR-HOOD-400,Highland Heavyweight Cotton Hoodie,Apparel,77.39,28.0,0.0,42,3250.38,2074.38,0,0,1,7
2026-07-08,APPR-HOOD-400,Highland Heavyweight Cotton Hoodie,Apparel,77.9,28.0,0.0,42,3271.8,2095.8,0,0,2,7
2026-07-09,APPR-HOOD-400,Highland Heavyweight Cotton Hoodie,Apparel,78.08,28.0,0.0,34,2654.72,1702.72,0,0,3,7
2026-07-10,APPR-HOOD-400,Highland Heavyweight Cotton Hoodie,Apparel,77.12,28.0,0.0,58,4472.96,2848.96,0,0,4,7
2026-07-11,APPR-HOOD-400,Highland Heavyweight Cotton Hoodie,Apparel,78.94,28.0,0.0,113,8920.22,5756.22,1,1,5,7
2026-07-12,APPR-HOOD-400,Highland Heavyweight Cotton Hoodie,Apparel,66.3,28.0,15.0,134,8884.2,5132.2,1,1,6,7
2026-07-13,APPR-HOOD-400,Highland Heavyweight Cotton Hoodie,Apparel,78.85,28.0,0.0,55,4336.75,2796.75,0,1,0,7
2026-07-14,APPR-HOOD-400,Highland Heavyweight Cotton Hoodie,Apparel,78.92,28.0,0.0,42,3314.64,2138.64,0,0,1,7
2026-07-15,APPR-HOOD-400,Highland Heavyweight Cotton Hoodie,Apparel,77.17,28.0,0.0,51,3935.67,2507.67,0,0,2,7
2026-07-16,APPR-HOOD-400,Highland Heavyweight Cotton Hoodie,Apparel,78.06,28.0,0.0,42,3278.52,2102.52,0,0,3,7
2026-07-17,APPR-HOOD-400,Highland Heavyweight Cotton Hoodie,Apparel,77.06,28.0,0.0,52,4007.12,2551.12,0,0,4,7
2026-07-18,APPR-HOOD-400,Highland Heavyweight Cotton Hoodie,Apparel,77.7,28.0,0.0,79,6138.3,3926.3,1,0,5,7
2026-07-19,APPR-HOOD-400,Highland Heavyweight Cotton Hoodie,Apparel,78.04,28.0,0.0,50,3902.0,2502.0,1,0,6,7
2026-07-20,APPR-HOOD-400,Highland Heavyweight Cotton Hoodie,Apparel,78.37,28.0,0.0,55,4310.35,2770.35,0,0,0,7
2026-07-21,APPR-HOOD-400,Highland Heavyweight Cotton Hoodie,Apparel,76.82,28.0,0.0,38,2919.16,1855.16,0,0,1,7
2026-07-22,APPR-HOOD-400,Highland Heavyweight Cotton Hoodie,Apparel,77.84,28.0,0.0,48,3736.32,2392.32,0,0,2,7
2026-07-23,APPR-HOOD-400,Highland Heavyweight Cotton Hoodie,Apparel,77.15,28.0,0.0,56,4320.4,2752.4,0,0,3,7
2026-07-24,APPR-HOOD-400,Highland Heavyweight Cotton Hoodie,Apparel,77.46,28.0,0.0,61,4725.06,3017.06,0,0,4,7
2026-07-25,APPR-HOOD-400,Highland Heavyweight Cotton Hoodie,Apparel,79.28,28.0,0.0,64,5073.92,3281.92,1,0,5,7
2026-07-26,APPR-HOOD-400,Highland Heavyweight Cotton Hoodie,Apparel,79.28,28.0,0.0,75,5946.0,3846.0,1,0,6,7
2026-07-27,APPR-HOOD-400,Highland Heavyweight Cotton Hoodie,Apparel,78.1,28.0,0.0,41,3202.1,2054.1,0,0,0,7
2026-07-28,APPR-HOOD-400,Highland Heavyweight Cotton Hoodie,Apparel,77.0,28.0,0.0,46,3542.0,2254.0,0,0,1,7
2026-07-29,APPR-HOOD-400,Highland Heavyweight Cotton Hoodie,Apparel,78.01,28.0,0.0,34,2652.34,1700.34,0,0,2,7
2026-07-30,APPR-HOOD-400,Highland Heavyweight Cotton Hoodie,Apparel,77.5,28.0,0.0,58,4495.0,2871.0,0,0,3,7
2026-07-31,APPR-HOOD-400,Highland Heavyweight Cotton Hoodie,Apparel,77.04,28.0,0.0,51,3929.04,2501.04,0,0,4,7
2026-08-01,APPR-HOOD-400,Highland Heavyweight Cotton Hoodie,Apparel,62.4,28.0,20.0,90,5616.0,3096.0,1,0,5,8
2026-08-02,APPR-HOOD-400,Highland Heavyweight Cotton Hoodie,Apparel,77.08,28.0,0.0,54,4162.32,2650.32,1,0,6,8
2026-08-03,APPR-HOOD-400,Highland Heavyweight Cotton Hoodie,Apparel,79.38,28.0,0.0,53,4207.14,2723.14,0,0,0,8
2026-08-04,APPR-HOOD-400,Highland Heavyweight Cotton Hoodie,Apparel,77.56,28.0,0.0,35,2714.6,1734.6,0,0,1,8
2026-08-05,APPR-HOOD-400,Highland Heavyweight Cotton Hoodie,Apparel,77.88,28.0,0.0,42,3270.96,2094.96,0,0,2,8
2026-08-06,APPR-HOOD-400,Highland Heavyweight Cotton Hoodie,Apparel,79.24,28.0,0.0,52,4120.48,2664.48,0,0,3,8
2026-08-07,APPR-HOOD-400,Highland Heavyweight Cotton Hoodie,Apparel,62.4,28.0,20.0,83,5179.2,2855.2,0,0,4,8
2026-08-08,APPR-HOOD-400,Highland Heavyweight Cotton Hoodie,Apparel,77.16,28.0,0.0,55,4243.8,2703.8,1,0,5,8
2026-08-09,APPR-HOOD-400,Highland Heavyweight Cotton Hoodie,Apparel,78.45,28.0,0.0,50,3922.5,2522.5,1,0,6,8
2026-08-10,APPR-HOOD-400,Highland Heavyweight Cotton Hoodie,Apparel,62.4,28.0,20.0,62,3868.8,2132.8,0,0,0,8
2026-08-11,APPR-HOOD-400,Highland Heavyweight Cotton Hoodie,Apparel,58.5,28.0,25.0,87,5089.5,2653.5,0,0,1,8
2026-08-12,APPR-HOOD-400,Highland Heavyweight Cotton Hoodie,Apparel,77.74,28.0,0.0,38,2954.12,1890.12,0,0,2,8
2026-08-13,APPR-HOOD-400,Highland Heavyweight Cotton Hoodie,Apparel,76.98,28.0,0.0,46,3541.08,2253.08,0,0,3,8
2026-08-14,APPR-HOOD-400,Highland Heavyweight Cotton Hoodie,Apparel,78.36,28.0,0.0,52,4074.72,2618.72,0,0,4,8
2026-08-15,APPR-HOOD-400,Highland Heavyweight Cotton Hoodie,Apparel,76.59,28.0,0.0,56,4289.04,2721.04,1,0,5,8
2026-08-16,APPR-HOOD-400,Highland Heavyweight Cotton Hoodie,Apparel,78.36,28.0,0.0,59,4623.24,2971.24,1,0,6,8
2026-08-17,APPR-HOOD-400,Highland Heavyweight Cotton Hoodie,Apparel,78.43,28.0,0.0,39,3058.77,1966.77,0,0,0,8
2026-08-18,APPR-HOOD-400,Highland Heavyweight Cotton Hoodie,Apparel,77.77,28.0,0.0,34,2644.18,1692.18,0,0,1,8
2026-08-19,APPR-HOOD-400,Highland Heavyweight Cotton Hoodie,Apparel,77.92,28.0,0.0,40,3116.8,1996.8,0,0,2,8
2026-08-20,APPR-HOOD-400,Highland Heavyweight Cotton Hoodie,Apparel,77.99,28.0,0.0,43,3353.57,2149.57,0,0,3,8
2026-08-21,APPR-HOOD-400,Highland Heavyweight Cotton Hoodie,Apparel,79.15,28.0,0.0,57,4511.55,2915.55,0,0,4,8
2026-08-22,APPR-HOOD-400,Highland Heavyweight Cotton Hoodie,Apparel,78.21,28.0,0.0,67,5240.07,3364.07,1,0,5,8
2026-08-23,APPR-HOOD-400,Highland Heavyweight Cotton Hoodie,Apparel,77.15,28.0,0.0,68,5246.2,3342.2,1,0,6,8
2026-08-24,APPR-HOOD-400,Highland Heavyweight Cotton Hoodie,Apparel,78.79,28.0,0.0,41,3230.39,2082.39,0,0,0,8
2026-08-25,APPR-HOOD-400,Highland Heavyweight Cotton Hoodie,Apparel,76.46,28.0,0.0,51,3899.46,2471.46,0,0,1,8
2026-08-26,APPR-HOOD-400,Highland Heavyweight Cotton Hoodie,Apparel,78.13,28.0,0.0,47,3672.11,2356.11,0,0,2,8
2026-08-27,APPR-HOOD-400,Highland Heavyweight Cotton Hoodie,Apparel,79.42,28.0,0.0,46,3653.32,2365.32,0,0,3,8
2026-08-28,APPR-HOOD-400,Highland Heavyweight Cotton Hoodie,Apparel,79.42,28.0,0.0,56,4447.52,2879.52,0,0,4,8
2026-08-29,APPR-HOOD-400,Highland Heavyweight Cotton Hoodie,Apparel,76.83,28.0,0.0,72,5531.76,3515.76,1,0,5,8
2026-08-30,APPR-HOOD-400,Highland Heavyweight Cotton Hoodie,Apparel,78.5,28.0,0.0,55,4317.5,2777.5,1,0,6,8
2026-08-31,APPR-HOOD-400,Highland Heavyweight Cotton Hoodie,Apparel,78.32,28.0,0.0,29,2271.28,1459.28,0,0,0,8
2026-09-01,APPR-HOOD-400,Highland Heavyweight Cotton Hoodie,Apparel,78.15,28.0,0.0,38,2969.7,1905.7,0,0,1,9
2026-09-02,APPR-HOOD-400,Highland Heavyweight Cotton Hoodie,Apparel,79.02,28.0,0.0,46,3634.92,2346.92,0,0,2,9
2026-09-03,APPR-HOOD-400,Highland Heavyweight Cotton Hoodie,Apparel,77.05,28.0,0.0,60,4623.0,2943.0,0,1,3,9
2026-09-04,APPR-HOOD-400,Highland Heavyweight Cotton Hoodie,Apparel,79.05,28.0,0.0,75,5928.75,3828.75,0,1,4,9
2026-09-05,APPR-HOOD-400,Highland Heavyweight Cotton Hoodie,Apparel,62.4,28.0,20.0,117,7300.8,4024.8,1,1,5,9
2026-09-06,APPR-HOOD-400,Highland Heavyweight Cotton Hoodie,Apparel,76.93,28.0,0.0,49,3769.57,2397.57,1,0,6,9
2026-09-07,APPR-HOOD-400,Highland Heavyweight Cotton Hoodie,Apparel,76.7,28.0,0.0,54,4141.8,2629.8,0,0,0,9
2026-09-08,APPR-HOOD-400,Highland Heavyweight Cotton Hoodie,Apparel,78.52,28.0,0.0,49,3847.48,2475.48,0,0,1,9
2026-09-09,APPR-HOOD-400,Highland Heavyweight Cotton Hoodie,Apparel,78.38,28.0,0.0,24,1881.12,1209.12,0,0,2,9
2026-09-10,APPR-HOOD-400,Highland Heavyweight Cotton Hoodie,Apparel,58.5,28.0,25.0,91,5323.5,2775.5,0,0,3,9
2026-09-11,APPR-HOOD-400,Highland Heavyweight Cotton Hoodie,Apparel,77.53,28.0,0.0,50,3876.5,2476.5,0,0,4,9
2026-09-12,APPR-HOOD-400,Highland Heavyweight Cotton Hoodie,Apparel,76.44,28.0,0.0,54,4127.76,2615.76,1,0,5,9
2026-09-13,APPR-HOOD-400,Highland Heavyweight Cotton Hoodie,Apparel,77.22,28.0,0.0,61,4710.42,3002.42,1,0,6,9
2026-09-14,APPR-HOOD-400,Highland Heavyweight Cotton Hoodie,Apparel,77.04,28.0,0.0,42,3235.68,2059.68,0,0,0,9
2026-09-15,APPR-HOOD-400,Highland Heavyweight Cotton Hoodie,Apparel,77.19,28.0,0.0,29,2238.51,1426.51,0,0,1,9
2026-09-16,APPR-HOOD-400,Highland Heavyweight Cotton Hoodie,Apparel,78.77,28.0,0.0,41,3229.57,2081.57,0,0,2,9
2026-09-17,APPR-HOOD-400,Highland Heavyweight Cotton Hoodie,Apparel,79.43,28.0,0.0,49,3892.07,2520.07,0,0,3,9
2026-09-18,APPR-HOOD-400,Highland Heavyweight Cotton Hoodie,Apparel,77.98,28.0,0.0,49,3821.02,2449.02,0,0,4,9
2026-09-19,APPR-HOOD-400,Highland Heavyweight Cotton Hoodie,Apparel,66.3,28.0,15.0,85,5635.5,3255.5,1,0,5,9
2026-09-20,APPR-HOOD-400,Highland Heavyweight Cotton Hoodie,Apparel,62.4,28.0,20.0,87,5428.8,2992.8,1,0,6,9
2026-09-21,APPR-HOOD-400,Highland Heavyweight Cotton Hoodie,Apparel,77.83,28.0,0.0,48,3735.84,2391.84,0,0,0,9
2026-09-22,APPR-HOOD-400,Highland Heavyweight Cotton Hoodie,Apparel,77.84,28.0,0.0,40,3113.6,1993.6,0,0,1,9
2026-09-23,APPR-HOOD-400,Highland Heavyweight Cotton Hoodie,Apparel,78.89,28.0,0.0,38,2997.82,1933.82,0,0,2,9
2026-09-24,APPR-HOOD-400,Highland Heavyweight Cotton Hoodie,Apparel,76.91,28.0,0.0,58,4460.78,2836.78,0,0,3,9
2026-09-25,APPR-HOOD-400,Highland Heavyweight Cotton Hoodie,Apparel,78.72,28.0,0.0,50,3936.0,2536.0,0,0,4,9
2026-09-26,APPR-HOOD-400,Highland Heavyweight Cotton Hoodie,Apparel,78.09,28.0,0.0,71,5544.39,3556.39,1,0,5,9
2026-09-27,APPR-HOOD-400,Highland Heavyweight Cotton Hoodie,Apparel,77.97,28.0,0.0,43,3352.71,2148.71,1,0,6,9
2026-09-28,APPR-HOOD-400,Highland Heavyweight Cotton Hoodie,Apparel,77.21,28.0,0.0,55,4246.55,2706.55,0,0,0,9
2026-09-29,APPR-HOOD-400,Highland Heavyweight Cotton Hoodie,Apparel,78.55,28.0,0.0,45,3534.75,2274.75,0,0,1,9
2026-09-30,APPR-HOOD-400,Highland Heavyweight Cotton Hoodie,Apparel,78.31,28.0,0.0,33,2584.23,1660.23,0,0,2,9
2026-10-01,APPR-HOOD-400,Highland Heavyweight Cotton Hoodie,Apparel,66.3,28.0,15.0,55,3646.5,2106.5,0,0,3,10
2026-10-02,APPR-HOOD-400,Highland Heavyweight Cotton Hoodie,Apparel,78.38,28.0,0.0,36,2821.68,1813.68,0,0,4,10
2026-10-03,APPR-HOOD-400,Highland Heavyweight Cotton Hoodie,Apparel,77.01,28.0,0.0,57,4389.57,2793.57,1,0,5,10
2026-10-04,APPR-HOOD-400,Highland Heavyweight Cotton Hoodie,Apparel,70.2,28.0,10.0,64,4492.8,2700.8,1,0,6,10
2025-10-05,APPR-SHOE-500,Strata Carbon Running Trainers,Apparel,164.38,62.0,0.0,23,3780.74,2354.74,1,0,6,10
2025-10-06,APPR-SHOE-500,Strata Carbon Running Trainers,Apparel,161.97,62.0,0.0,25,4049.25,2499.25,0,0,0,10
2025-10-07,APPR-SHOE-500,Strata Carbon Running Trainers,Apparel,167.23,62.0,0.0,15,2508.45,1578.45,0,0,1,10
2025-10-08,APPR-SHOE-500,Strata Carbon Running Trainers,Apparel,165.38,62.0,0.0,13,2149.94,1343.94,0,0,2,10
2025-10-09,APPR-SHOE-500,Strata Carbon Running Trainers,Apparel,163.11,62.0,0.0,30,4893.3,3033.3,0,0,3,10
2025-10-10,APPR-SHOE-500,Strata Carbon Running Trainers,Apparel,162.49,62.0,0.0,31,5037.19,3115.19,0,0,4,10
2025-10-11,APPR-SHOE-500,Strata Carbon Running Trainers,Apparel,166.84,62.0,0.0,34,5672.56,3564.56,1,0,5,10
2025-10-12,APPR-SHOE-500,Strata Carbon Running Trainers,Apparel,167.03,62.0,0.0,25,4175.75,2625.75,1,0,6,10
2025-10-13,APPR-SHOE-500,Strata Carbon Running Trainers,Apparel,166.46,62.0,0.0,18,2996.28,1880.28,0,0,0,10
2025-10-14,APPR-SHOE-500,Strata Carbon Running Trainers,Apparel,166.49,62.0,0.0,28,4661.72,2925.72,0,0,1,10
2025-10-15,APPR-SHOE-500,Strata Carbon Running Trainers,Apparel,163.79,62.0,0.0,27,4422.33,2748.33,0,0,2,10
2025-10-16,APPR-SHOE-500,Strata Carbon Running Trainers,Apparel,140.25,62.0,15.0,39,5469.75,3051.75,0,0,3,10
2025-10-17,APPR-SHOE-500,Strata Carbon Running Trainers,Apparel,164.44,62.0,0.0,35,5755.4,3585.4,0,0,4,10
2025-10-18,APPR-SHOE-500,Strata Carbon Running Trainers,Apparel,163.83,62.0,0.0,34,5570.22,3462.22,1,0,5,10
2025-10-19,APPR-SHOE-500,Strata Carbon Running Trainers,Apparel,165.15,62.0,0.0,27,4459.05,2785.05,1,0,6,10
2025-10-20,APPR-SHOE-500,Strata Carbon Running Trainers,Apparel,167.83,62.0,0.0,18,3020.94,1904.94,0,0,0,10
2025-10-21,APPR-SHOE-500,Strata Carbon Running Trainers,Apparel,165.37,62.0,0.0,27,4464.99,2790.99,0,0,1,10
2025-10-22,APPR-SHOE-500,Strata Carbon Running Trainers,Apparel,163.5,62.0,0.0,19,3106.5,1928.5,0,0,2,10
2025-10-23,APPR-SHOE-500,Strata Carbon Running Trainers,Apparel,166.45,62.0,0.0,26,4327.7,2715.7,0,0,3,10
2025-10-24,APPR-SHOE-500,Strata Carbon Running Trainers,Apparel,162.63,62.0,0.0,39,6342.57,3924.57,0,0,4,10
2025-10-25,APPR-SHOE-500,Strata Carbon Running Trainers,Apparel,162.54,62.0,0.0,34,5526.36,3418.36,1,0,5,10
2025-10-26,APPR-SHOE-500,Strata Carbon Running Trainers,Apparel,167.62,62.0,0.0,26,4358.12,2746.12,1,0,6,10
2025-10-27,APPR-SHOE-500,Strata Carbon Running Trainers,Apparel,123.75,62.0,25.0,31,3836.25,1914.25,0,0,0,10
2025-10-28,APPR-SHOE-500,Strata Carbon Running Trainers,Apparel,165.4,62.0,0.0,26,4300.4,2688.4,0,0,1,10
2025-10-29,APPR-SHOE-500,Strata Carbon Running Trainers,Apparel,163.95,62.0,0.0,22,3606.9,2242.9,0,0,2,10
2025-10-30,APPR-SHOE-500,Strata Carbon Running Trainers,Apparel,163.54,62.0,0.0,31,5069.74,3147.74,0,1,3,10
2025-10-31,APPR-SHOE-500,Strata Carbon Running Trainers,Apparel,162.65,62.0,0.0,39,6343.35,3925.35,0,1,4,10
2025-11-01,APPR-SHOE-500,Strata Carbon Running Trainers,Apparel,165.92,62.0,0.0,20,3318.4,2078.4,1,0,5,11
2025-11-02,APPR-SHOE-500,Strata Carbon Running Trainers,Apparel,162.87,62.0,0.0,22,3583.14,2219.14,1,0,6,11
2025-11-03,APPR-SHOE-500,Strata Carbon Running Trainers,Apparel,167.83,62.0,0.0,12,2013.96,1269.96,0,0,0,11
2025-11-04,APPR-SHOE-500,Strata Carbon Running Trainers,Apparel,166.37,62.0,0.0,21,3493.77,2191.77,0,0,1,11
2025-11-05,APPR-SHOE-500,Strata Carbon Running Trainers,Apparel,162.89,62.0,0.0,36,5864.04,3632.04,0,0,2,11
2025-11-06,APPR-SHOE-500,Strata Carbon Running Trainers,Apparel,163.95,62.0,0.0,32,5246.4,3262.4,0,0,3,11
2025-11-07,APPR-SHOE-500,Strata Carbon Running Trainers,Apparel,165.11,62.0,0.0,33,5448.63,3402.63,0,0,4,11
2025-11-08,APPR-SHOE-500,Strata Carbon Running Trainers,Apparel,162.77,62.0,0.0,36,5859.72,3627.72,1,0,5,11
2025-11-09,APPR-SHOE-500,Strata Carbon Running Trainers,Apparel,167.02,62.0,0.0,28,4676.56,2940.56,1,0,6,11
2025-11-10,APPR-SHOE-500,Strata Carbon Running Trainers,Apparel,161.79,62.0,0.0,32,5177.28,3193.28,0,0,0,11
2025-11-11,APPR-SHOE-500,Strata Carbon Running Trainers,Apparel,164.64,62.0,0.0,22,3622.08,2258.08,0,0,1,11
2025-11-12,APPR-SHOE-500,Strata Carbon Running Trainers,Apparel,166.12,62.0,0.0,35,5814.2,3644.2,0,0,2,11
2025-11-13,APPR-SHOE-500,Strata Carbon Running Trainers,Apparel,165.39,62.0,0.0,25,4134.75,2584.75,0,0,3,11
2025-11-14,APPR-SHOE-500,Strata Carbon Running Trainers,Apparel,167.25,62.0,0.0,30,5017.5,3157.5,0,0,4,11
2025-11-15,APPR-SHOE-500,Strata Carbon Running Trainers,Apparel,164.8,62.0,0.0,39,6427.2,4009.2,1,0,5,11
2025-11-16,APPR-SHOE-500,Strata Carbon Running Trainers,Apparel,167.8,62.0,0.0,24,4027.2,2539.2,1,0,6,11
2025-11-17,APPR-SHOE-500,Strata Carbon Running Trainers,Apparel,165.86,62.0,0.0,26,4312.36,2700.36,0,0,0,11
2025-11-18,APPR-SHOE-500,Strata Carbon Running Trainers,Apparel,167.86,62.0,0.0,23,3860.78,2434.78,0,0,1,11
2025-11-19,APPR-SHOE-500,Strata Carbon Running Trainers,Apparel,165.91,62.0,0.0,20,3318.2,2078.2,0,0,2,11
2025-11-20,APPR-SHOE-500,Strata Carbon Running Trainers,Apparel,164.34,62.0,0.0,31,5094.54,3172.54,0,0,3,11
2025-11-21,APPR-SHOE-500,Strata Carbon Running Trainers,Apparel,166.18,62.0,0.0,27,4486.86,2812.86,0,0,4,11
2025-11-22,APPR-SHOE-500,Strata Carbon Running Trainers,Apparel,168.0,62.0,0.0,26,4368.0,2756.0,1,0,5,11
2025-11-23,APPR-SHOE-500,Strata Carbon Running Trainers,Apparel,148.5,62.0,10.0,44,6534.0,3806.0,1,0,6,11
2025-11-24,APPR-SHOE-500,Strata Carbon Running Trainers,Apparel,162.93,62.0,0.0,20,3258.6,2018.6,0,0,0,11
2025-11-25,APPR-SHOE-500,Strata Carbon Running Trainers,Apparel,164.7,62.0,0.0,25,4117.5,2567.5,0,0,1,11
2025-11-26,APPR-SHOE-500,Strata Carbon Running Trainers,Apparel,164.22,62.0,0.0,62,10181.64,6337.64,0,1,2,11
2025-11-27,APPR-SHOE-500,Strata Carbon Running Trainers,Apparel,163.28,62.0,0.0,64,10449.92,6481.92,0,1,3,11
2025-11-28,APPR-SHOE-500,Strata Carbon Running Trainers,Apparel,164.88,62.0,0.0,75,12366.0,7716.0,0,1,4,11
2025-11-29,APPR-SHOE-500,Strata Carbon Running Trainers,Apparel,165.57,62.0,0.0,76,12583.32,7871.32,1,1,5,11
2025-11-30,APPR-SHOE-500,Strata Carbon Running Trainers,Apparel,162.16,62.0,0.0,71,11513.36,7111.36,1,1,6,11
2025-12-01,APPR-SHOE-500,Strata Carbon Running Trainers,Apparel,165.37,62.0,0.0,17,2811.29,1757.29,0,0,0,12
2025-12-02,APPR-SHOE-500,Strata Carbon Running Trainers,Apparel,164.29,62.0,0.0,20,3285.8,2045.8,0,0,1,12
2025-12-03,APPR-SHOE-500,Strata Carbon Running Trainers,Apparel,167.07,62.0,0.0,24,4009.68,2521.68,0,0,2,12
2025-12-04,APPR-SHOE-500,Strata Carbon Running Trainers,Apparel,148.5,62.0,10.0,38,5643.0,3287.0,0,0,3,12
2025-12-05,APPR-SHOE-500,Strata Carbon Running Trainers,Apparel,164.81,62.0,0.0,27,4449.87,2775.87,0,0,4,12
2025-12-06,APPR-SHOE-500,Strata Carbon Running Trainers,Apparel,166.52,62.0,0.0,24,3996.48,2508.48,1,0,5,12
2025-12-07,APPR-SHOE-500,Strata Carbon Running Trainers,Apparel,167.26,62.0,0.0,24,4014.24,2526.24,1,0,6,12
2025-12-08,APPR-SHOE-500,Strata Carbon Running Trainers,Apparel,140.25,62.0,15.0,22,3085.5,1721.5,0,0,0,12
2025-12-09,APPR-SHOE-500,Strata Carbon Running Trainers,Apparel,163.35,62.0,0.0,27,4410.45,2736.45,0,0,1,12
2025-12-10,APPR-SHOE-500,Strata Carbon Running Trainers,Apparel,162.59,62.0,0.0,24,3902.16,2414.16,0,0,2,12
2025-12-11,APPR-SHOE-500,Strata Carbon Running Trainers,Apparel,166.07,62.0,0.0,31,5148.17,3226.17,0,0,3,12
2025-12-12,APPR-SHOE-500,Strata Carbon Running Trainers,Apparel,163.61,62.0,0.0,27,4417.47,2743.47,0,0,4,12
2025-12-13,APPR-SHOE-500,Strata Carbon Running Trainers,Apparel,162.91,62.0,0.0,29,4724.39,2926.39,1,0,5,12
2025-12-14,APPR-SHOE-500,Strata Carbon Running Trainers,Apparel,166.82,62.0,0.0,33,5505.06,3459.06,1,0,6,12
2025-12-15,APPR-SHOE-500,Strata Carbon Running Trainers,Apparel,165.73,62.0,0.0,28,4640.44,2904.44,0,0,0,12
2025-12-16,APPR-SHOE-500,Strata Carbon Running Trainers,Apparel,140.25,62.0,15.0,28,3927.0,2191.0,0,0,1,12
2025-12-17,APPR-SHOE-500,Strata Carbon Running Trainers,Apparel,164.26,62.0,0.0,42,6898.92,4294.92,0,1,2,12
2025-12-18,APPR-SHOE-500,Strata Carbon Running Trainers,Apparel,162.32,62.0,0.0,48,7791.36,4815.36,0,1,3,12
2025-12-19,APPR-SHOE-500,Strata Carbon Running Trainers,Apparel,164.96,62.0,0.0,59,9732.64,6074.64,0,1,4,12
2025-12-20,APPR-SHOE-500,Strata Carbon Running Trainers,Apparel,167.94,62.0,0.0,30,5038.2,3178.2,1,0,5,12
2025-12-21,APPR-SHOE-500,Strata Carbon Running Trainers,Apparel,167.15,62.0,0.0,25,4178.75,2628.75,1,0,6,12
2025-12-22,APPR-SHOE-500,Strata Carbon Running Trainers,Apparel,166.37,62.0,0.0,22,3660.14,2296.14,0,0,0,12
2025-12-23,APPR-SHOE-500,Strata Carbon Running Trainers,Apparel,168.19,62.0,0.0,30,5045.7,3185.7,0,1,1,12
2025-12-24,APPR-SHOE-500,Strata Carbon Running Trainers,Apparel,164.39,62.0,0.0,31,5096.09,3174.09,0,1,2,12
2025-12-25,APPR-SHOE-500,Strata Carbon Running Trainers,Apparel,166.71,62.0,0.0,35,5834.85,3664.85,0,1,3,12
2025-12-26,APPR-SHOE-500,Strata Carbon Running Trainers,Apparel,163.74,62.0,0.0,38,6222.12,3866.12,0,1,4,12
2025-12-27,APPR-SHOE-500,Strata Carbon Running Trainers,Apparel,162.28,62.0,0.0,54,8763.12,5415.12,1,1,5,12
2025-12-28,APPR-SHOE-500,Strata Carbon Running Trainers,Apparel,166.53,62.0,0.0,27,4496.31,2822.31,1,0,6,12
2025-12-29,APPR-SHOE-500,Strata Carbon Running Trainers,Apparel,165.72,62.0,0.0,26,4308.72,2696.72,0,0,0,12
2025-12-30,APPR-SHOE-500,Strata Carbon Running Trainers,Apparel,164.82,62.0,0.0,24,3955.68,2467.68,0,0,1,12
2025-12-31,APPR-SHOE-500,Strata Carbon Running Trainers,Apparel,164.58,62.0,0.0,38,6254.04,3898.04,0,0,2,12
2026-01-01,APPR-SHOE-500,Strata Carbon Running Trainers,Apparel,163.79,62.0,0.0,28,4586.12,2850.12,0,1,3,1
2026-01-02,APPR-SHOE-500,Strata Carbon Running Trainers,Apparel,162.4,62.0,0.0,39,6333.6,3915.6,0,1,4,1
2026-01-03,APPR-SHOE-500,Strata Carbon Running Trainers,Apparel,162.33,62.0,0.0,37,6006.21,3712.21,1,0,5,1
2026-01-04,APPR-SHOE-500,Strata Carbon Running Trainers,Apparel,168.15,62.0,0.0,21,3531.15,2229.15,1,0,6,1
2026-01-05,APPR-SHOE-500,Strata Carbon Running Trainers,Apparel,168.29,62.0,0.0,28,4712.12,2976.12,0,0,0,1
2026-01-06,APPR-SHOE-500,Strata Carbon Running Trainers,Apparel,165.42,62.0,0.0,24,3970.08,2482.08,0,0,1,1
2026-01-07,APPR-SHOE-500,Strata Carbon Running Trainers,Apparel,162.66,62.0,0.0,26,4229.16,2617.16,0,0,2,1
2026-01-08,APPR-SHOE-500,Strata Carbon Running Trainers,Apparel,162.83,62.0,0.0,33,5373.39,3327.39,0,0,3,1
2026-01-09,APPR-SHOE-500,Strata Carbon Running Trainers,Apparel,140.25,62.0,15.0,44,6171.0,3443.0,0,0,4,1
2026-01-10,APPR-SHOE-500,Strata Carbon Running Trainers,Apparel,163.42,62.0,0.0,25,4085.5,2535.5,1,0,5,1
2026-01-11,APPR-SHOE-500,Strata Carbon Running Trainers,Apparel,166.24,62.0,0.0,25,4156.0,2606.0,1,0,6,1
2026-01-12,APPR-SHOE-500,Strata Carbon Running Trainers,Apparel,163.41,62.0,0.0,31,5065.71,3143.71,0,0,0,1
2026-01-13,APPR-SHOE-500,Strata Carbon Running Trainers,Apparel,164.41,62.0,0.0,27,4439.07,2765.07,0,0,1,1
2026-01-14,APPR-SHOE-500,Strata Carbon Running Trainers,Apparel,166.67,62.0,0.0,22,3666.74,2302.74,0,0,2,1
2026-01-15,APPR-SHOE-500,Strata Carbon Running Trainers,Apparel,164.89,62.0,0.0,22,3627.58,2263.58,0,0,3,1
2026-01-16,APPR-SHOE-500,Strata Carbon Running Trainers,Apparel,163.66,62.0,0.0,32,5237.12,3253.12,0,0,4,1
2026-01-17,APPR-SHOE-500,Strata Carbon Running Trainers,Apparel,166.23,62.0,0.0,41,6815.43,4273.43,1,0,5,1
2026-01-18,APPR-SHOE-500,Strata Carbon Running Trainers,Apparel,148.5,62.0,10.0,38,5643.0,3287.0,1,0,6,1
2026-01-19,APPR-SHOE-500,Strata Carbon Running Trainers,Apparel,163.63,62.0,0.0,26,4254.38,2642.38,0,0,0,1
2026-01-20,APPR-SHOE-500,Strata Carbon Running Trainers,Apparel,163.7,62.0,0.0,15,2455.5,1525.5,0,0,1,1
2026-01-21,APPR-SHOE-500,Strata Carbon Running Trainers,Apparel,162.11,62.0,0.0,29,4701.19,2903.19,0,0,2,1
2026-01-22,APPR-SHOE-500,Strata Carbon Running Trainers,Apparel,166.15,62.0,0.0,30,4984.5,3124.5,0,0,3,1
2026-01-23,APPR-SHOE-500,Strata Carbon Running Trainers,Apparel,165.15,62.0,0.0,27,4459.05,2785.05,0,0,4,1
2026-01-24,APPR-SHOE-500,Strata Carbon Running Trainers,Apparel,167.0,62.0,0.0,27,4509.0,2835.0,1,0,5,1
2026-01-25,APPR-SHOE-500,Strata Carbon Running Trainers,Apparel,163.06,62.0,0.0,26,4239.56,2627.56,1,0,6,1
2026-01-26,APPR-SHOE-500,Strata Carbon Running Trainers,Apparel,165.59,62.0,0.0,22,3642.98,2278.98,0,0,0,1
2026-01-27,APPR-SHOE-500,Strata Carbon Running Trainers,Apparel,163.11,62.0,0.0,28,4567.08,2831.08,0,0,1,1
2026-01-28,APPR-SHOE-500,Strata Carbon Running Trainers,Apparel,165.73,62.0,0.0,21,3480.33,2178.33,0,0,2,1
2026-01-29,APPR-SHOE-500,Strata Carbon Running Trainers,Apparel,167.47,62.0,0.0,20,3349.4,2109.4,0,0,3,1
2026-01-30,APPR-SHOE-500,Strata Carbon Running Trainers,Apparel,165.22,62.0,0.0,17,2808.74,1754.74,0,0,4,1
2026-01-31,APPR-SHOE-500,Strata Carbon Running Trainers,Apparel,140.25,62.0,15.0,57,7994.25,4460.25,1,0,5,1
2026-02-01,APPR-SHOE-500,Strata Carbon Running Trainers,Apparel,140.25,62.0,15.0,32,4488.0,2504.0,1,0,6,2
2026-02-02,APPR-SHOE-500,Strata Carbon Running Trainers,Apparel,167.02,62.0,0.0,20,3340.4,2100.4,0,0,0,2
2026-02-03,APPR-SHOE-500,Strata Carbon Running Trainers,Apparel,166.39,62.0,0.0,22,3660.58,2296.58,0,0,1,2
2026-02-04,APPR-SHOE-500,Strata Carbon Running Trainers,Apparel,166.36,62.0,0.0,32,5323.52,3339.52,0,0,2,2
2026-02-05,APPR-SHOE-500,Strata Carbon Running Trainers,Apparel,166.81,62.0,0.0,23,3836.63,2410.63,0,0,3,2
2026-02-06,APPR-SHOE-500,Strata Carbon Running Trainers,Apparel,140.25,62.0,15.0,44,6171.0,3443.0,0,0,4,2
2026-02-07,APPR-SHOE-500,Strata Carbon Running Trainers,Apparel,167.38,62.0,0.0,25,4184.5,2634.5,1,0,5,2
2026-02-08,APPR-SHOE-500,Strata Carbon Running Trainers,Apparel,164.32,62.0,0.0,42,6901.44,4297.44,1,0,6,2
2026-02-09,APPR-SHOE-500,Strata Carbon Running Trainers,Apparel,161.76,62.0,0.0,20,3235.2,1995.2,0,0,0,2
2026-02-10,APPR-SHOE-500,Strata Carbon Running Trainers,Apparel,163.08,62.0,0.0,20,3261.6,2021.6,0,0,1,2
2026-02-11,APPR-SHOE-500,Strata Carbon Running Trainers,Apparel,166.42,62.0,0.0,15,2496.3,1566.3,0,0,2,2
2026-02-12,APPR-SHOE-500,Strata Carbon Running Trainers,Apparel,163.56,62.0,0.0,27,4416.12,2742.12,0,0,3,2
2026-02-13,APPR-SHOE-500,Strata Carbon Running Trainers,Apparel,165.22,62.0,0.0,38,6278.36,3922.36,0,1,4,2
2026-02-14,APPR-SHOE-500,Strata Carbon Running Trainers,Apparel,166.58,62.0,0.0,54,8995.32,5647.32,1,1,5,2
2026-02-15,APPR-SHOE-500,Strata Carbon Running Trainers,Apparel,165.2,62.0,0.0,40,6608.0,4128.0,1,1,6,2
2026-02-16,APPR-SHOE-500,Strata Carbon Running Trainers,Apparel,163.22,62.0,0.0,20,3264.4,2024.4,0,0,0,2
2026-02-17,APPR-SHOE-500,Strata Carbon Running Trainers,Apparel,163.22,62.0,0.0,24,3917.28,2429.28,0,0,1,2
2026-02-18,APPR-SHOE-500,Strata Carbon Running Trainers,Apparel,163.81,62.0,0.0,33,5405.73,3359.73,0,0,2,2
2026-02-19,APPR-SHOE-500,Strata Carbon Running Trainers,Apparel,166.64,62.0,0.0,18,2999.52,1883.52,0,0,3,2
2026-02-20,APPR-SHOE-500,Strata Carbon Running Trainers,Apparel,132.0,62.0,20.0,53,6996.0,3710.0,0,0,4,2
2026-02-21,APPR-SHOE-500,Strata Carbon Running Trainers,Apparel,164.25,62.0,0.0,49,8048.25,5010.25,1,0,5,2
2026-02-22,APPR-SHOE-500,Strata Carbon Running Trainers,Apparel,140.25,62.0,15.0,36,5049.0,2817.0,1,0,6,2
2026-02-23,APPR-SHOE-500,Strata Carbon Running Trainers,Apparel,166.22,62.0,0.0,17,2825.74,1771.74,0,0,0,2
2026-02-24,APPR-SHOE-500,Strata Carbon Running Trainers,Apparel,161.82,62.0,0.0,24,3883.68,2395.68,0,0,1,2
2026-02-25,APPR-SHOE-500,Strata Carbon Running Trainers,Apparel,166.59,62.0,0.0,21,3498.39,2196.39,0,0,2,2
2026-02-26,APPR-SHOE-500,Strata Carbon Running Trainers,Apparel,165.63,62.0,0.0,18,2981.34,1865.34,0,0,3,2
2026-02-27,APPR-SHOE-500,Strata Carbon Running Trainers,Apparel,148.5,62.0,10.0,44,6534.0,3806.0,0,0,4,2
2026-02-28,APPR-SHOE-500,Strata Carbon Running Trainers,Apparel,165.13,62.0,0.0,35,5779.55,3609.55,1,0,5,2
2026-03-01,APPR-SHOE-500,Strata Carbon Running Trainers,Apparel,164.84,62.0,0.0,38,6263.92,3907.92,1,0,6,3
2026-03-02,APPR-SHOE-500,Strata Carbon Running Trainers,Apparel,132.0,62.0,20.0,35,4620.0,2450.0,0,0,0,3
2026-03-03,APPR-SHOE-500,Strata Carbon Running Trainers,Apparel,166.26,62.0,0.0,23,3823.98,2397.98,0,0,1,3
2026-03-04,APPR-SHOE-500,Strata Carbon Running Trainers,Apparel,164.44,62.0,0.0,24,3946.56,2458.56,0,0,2,3
2026-03-05,APPR-SHOE-500,Strata Carbon Running Trainers,Apparel,165.34,62.0,0.0,31,5125.54,3203.54,0,0,3,3
2026-03-06,APPR-SHOE-500,Strata Carbon Running Trainers,Apparel,163.72,62.0,0.0,38,6221.36,3865.36,0,0,4,3
2026-03-07,APPR-SHOE-500,Strata Carbon Running Trainers,Apparel,163.29,62.0,0.0,40,6531.6,4051.6,1,0,5,3
2026-03-08,APPR-SHOE-500,Strata Carbon Running Trainers,Apparel,167.61,62.0,0.0,24,4022.64,2534.64,1,0,6,3
2026-03-09,APPR-SHOE-500,Strata Carbon Running Trainers,Apparel,165.0,62.0,0.0,32,5280.0,3296.0,0,0,0,3
2026-03-10,APPR-SHOE-500,Strata Carbon Running Trainers,Apparel,166.17,62.0,0.0,25,4154.25,2604.25,0,0,1,3
2026-03-11,APPR-SHOE-500,Strata Carbon Running Trainers,Apparel,164.94,62.0,0.0,18,2968.92,1852.92,0,0,2,3
2026-03-12,APPR-SHOE-500,Strata Carbon Running Trainers,Apparel,167.02,62.0,0.0,29,4843.58,3045.58,0,0,3,3
2026-03-13,APPR-SHOE-500,Strata Carbon Running Trainers,Apparel,163.01,62.0,0.0,28,4564.28,2828.28,0,0,4,3
2026-03-14,APPR-SHOE-500,Strata Carbon Running Trainers,Apparel,167.7,62.0,0.0,27,4527.9,2853.9,1,0,5,3
2026-03-15,APPR-SHOE-500,Strata Carbon Running Trainers,Apparel,167.43,62.0,0.0,28,4688.04,2952.04,1,0,6,3
2026-03-16,APPR-SHOE-500,Strata Carbon Running Trainers,Apparel,163.18,62.0,0.0,26,4242.68,2630.68,0,0,0,3
2026-03-17,APPR-SHOE-500,Strata Carbon Running Trainers,Apparel,163.91,62.0,0.0,22,3606.02,2242.02,0,0,1,3
2026-03-18,APPR-SHOE-500,Strata Carbon Running Trainers,Apparel,162.59,62.0,0.0,30,4877.7,3017.7,0,0,2,3
2026-03-19,APPR-SHOE-500,Strata Carbon Running Trainers,Apparel,163.22,62.0,0.0,26,4243.72,2631.72,0,0,3,3
2026-03-20,APPR-SHOE-500,Strata Carbon Running Trainers,Apparel,165.54,62.0,0.0,35,5793.9,3623.9,0,0,4,3
2026-03-21,APPR-SHOE-500,Strata Carbon Running Trainers,Apparel,166.21,62.0,0.0,27,4487.67,2813.67,1,0,5,3
2026-03-22,APPR-SHOE-500,Strata Carbon Running Trainers,Apparel,166.79,62.0,0.0,31,5170.49,3248.49,1,0,6,3
2026-03-23,APPR-SHOE-500,Strata Carbon Running Trainers,Apparel,164.79,62.0,0.0,33,5438.07,3392.07,0,0,0,3
2026-03-24,APPR-SHOE-500,Strata Carbon Running Trainers,Apparel,164.12,62.0,0.0,17,2790.04,1736.04,0,0,1,3
2026-03-25,APPR-SHOE-500,Strata Carbon Running Trainers,Apparel,168.16,62.0,0.0,30,5044.8,3184.8,0,0,2,3
2026-03-26,APPR-SHOE-500,Strata Carbon Running Trainers,Apparel,163.34,62.0,0.0,25,4083.5,2533.5,0,0,3,3
2026-03-27,APPR-SHOE-500,Strata Carbon Running Trainers,Apparel,165.54,62.0,0.0,31,5131.74,3209.74,0,0,4,3
2026-03-28,APPR-SHOE-500,Strata Carbon Running Trainers,Apparel,163.77,62.0,0.0,37,6059.49,3765.49,1,0,5,3
2026-03-29,APPR-SHOE-500,Strata Carbon Running Trainers,Apparel,162.43,62.0,0.0,33,5360.19,3314.19,1,0,6,3
2026-03-30,APPR-SHOE-500,Strata Carbon Running Trainers,Apparel,167.7,62.0,0.0,17,2850.9,1796.9,0,0,0,3
2026-03-31,APPR-SHOE-500,Strata Carbon Running Trainers,Apparel,161.74,62.0,0.0,23,3720.02,2294.02,0,0,1,3
2026-04-01,APPR-SHOE-500,Strata Carbon Running Trainers,Apparel,166.52,62.0,0.0,26,4329.52,2717.52,0,0,2,4
2026-04-02,APPR-SHOE-500,Strata Carbon Running Trainers,Apparel,164.08,62.0,0.0,32,5250.56,3266.56,0,0,3,4
2026-04-03,APPR-SHOE-500,Strata Carbon Running Trainers,Apparel,164.28,62.0,0.0,38,6242.64,3886.64,0,0,4,4
2026-04-04,APPR-SHOE-500,Strata Carbon Running Trainers,Apparel,163.33,62.0,0.0,32,5226.56,3242.56,1,0,5,4
2026-04-05,APPR-SHOE-500,Strata Carbon Running Trainers,Apparel,163.86,62.0,0.0,30,4915.8,3055.8,1,0,6,4
2026-04-06,APPR-SHOE-500,Strata Carbon Running Trainers,Apparel,164.84,62.0,0.0,35,5769.4,3599.4,0,0,0,4
2026-04-07,APPR-SHOE-500,Strata Carbon Running Trainers,Apparel,163.81,62.0,0.0,28,4586.68,2850.68,0,0,1,4
2026-04-08,APPR-SHOE-500,Strata Carbon Running Trainers,Apparel,164.87,62.0,0.0,33,5440.71,3394.71,0,0,2,4
2026-04-09,APPR-SHOE-500,Strata Carbon Running Trainers,Apparel,167.08,62.0,0.0,28,4678.24,2942.24,0,0,3,4
2026-04-10,APPR-SHOE-500,Strata Carbon Running Trainers,Apparel,167.55,62.0,0.0,36,6031.8,3799.8,0,0,4,4
2026-04-11,APPR-SHOE-500,Strata Carbon Running Trainers,Apparel,161.92,62.0,0.0,31,5019.52,3097.52,1,0,5,4
2026-04-12,APPR-SHOE-500,Strata Carbon Running Trainers,Apparel,162.88,62.0,0.0,31,5049.28,3127.28,1,0,6,4
2026-04-13,APPR-SHOE-500,Strata Carbon Running Trainers,Apparel,166.47,62.0,0.0,31,5160.57,3238.57,0,0,0,4
2026-04-14,APPR-SHOE-500,Strata Carbon Running Trainers,Apparel,148.5,62.0,10.0,41,6088.5,3546.5,0,1,1,4
2026-04-15,APPR-SHOE-500,Strata Carbon Running Trainers,Apparel,164.65,62.0,0.0,32,5268.8,3284.8,0,1,2,4
2026-04-16,APPR-SHOE-500,Strata Carbon Running Trainers,Apparel,162.32,62.0,0.0,36,5843.52,3611.52,0,1,3,4
2026-04-17,APPR-SHOE-500,Strata Carbon Running Trainers,Apparel,167.18,62.0,0.0,47,7857.46,4943.46,0,0,4,4
2026-04-18,APPR-SHOE-500,Strata Carbon Running Trainers,Apparel,163.07,62.0,0.0,39,6359.73,3941.73,1,0,5,4
2026-04-19,APPR-SHOE-500,Strata Carbon Running Trainers,Apparel,162.52,62.0,0.0,38,6175.76,3819.76,1,0,6,4
2026-04-20,APPR-SHOE-500,Strata Carbon Running Trainers,Apparel,168.25,62.0,0.0,28,4711.0,2975.0,0,0,0,4
2026-04-21,APPR-SHOE-500,Strata Carbon Running Trainers,Apparel,167.94,62.0,0.0,34,5709.96,3601.96,0,0,1,4
2026-04-22,APPR-SHOE-500,Strata Carbon Running Trainers,Apparel,162.22,62.0,0.0,22,3568.84,2204.84,0,0,2,4
2026-04-23,APPR-SHOE-500,Strata Carbon Running Trainers,Apparel,162.4,62.0,0.0,24,3897.6,2409.6,0,0,3,4
2026-04-24,APPR-SHOE-500,Strata Carbon Running Trainers,Apparel,165.29,62.0,0.0,38,6281.02,3925.02,0,0,4,4
2026-04-25,APPR-SHOE-500,Strata Carbon Running Trainers,Apparel,166.14,62.0,0.0,41,6811.74,4269.74,1,0,5,4
2026-04-26,APPR-SHOE-500,Strata Carbon Running Trainers,Apparel,167.66,62.0,0.0,25,4191.5,2641.5,1,0,6,4
2026-04-27,APPR-SHOE-500,Strata Carbon Running Trainers,Apparel,164.53,62.0,0.0,20,3290.6,2050.6,0,0,0,4
2026-04-28,APPR-SHOE-500,Strata Carbon Running Trainers,Apparel,164.33,62.0,0.0,23,3779.59,2353.59,0,0,1,4
2026-04-29,APPR-SHOE-500,Strata Carbon Running Trainers,Apparel,163.91,62.0,0.0,29,4753.39,2955.39,0,0,2,4
2026-04-30,APPR-SHOE-500,Strata Carbon Running Trainers,Apparel,162.78,62.0,0.0,22,3581.16,2217.16,0,0,3,4
2026-05-01,APPR-SHOE-500,Strata Carbon Running Trainers,Apparel,132.0,62.0,20.0,64,8448.0,4480.0,0,0,4,5
2026-05-02,APPR-SHOE-500,Strata Carbon Running Trainers,Apparel,164.58,62.0,0.0,39,6418.62,4000.62,1,0,5,5
2026-05-03,APPR-SHOE-500,Strata Carbon Running Trainers,Apparel,167.2,62.0,0.0,33,5517.6,3471.6,1,0,6,5
2026-05-04,APPR-SHOE-500,Strata Carbon Running Trainers,Apparel,164.81,62.0,0.0,34,5603.54,3495.54,0,0,0,5
2026-05-05,APPR-SHOE-500,Strata Carbon Running Trainers,Apparel,161.77,62.0,0.0,30,4853.1,2993.1,0,0,1,5
2026-05-06,APPR-SHOE-500,Strata Carbon Running Trainers,Apparel,166.0,62.0,0.0,27,4482.0,2808.0,0,0,2,5
2026-05-07,APPR-SHOE-500,Strata Carbon Running Trainers,Apparel,164.84,62.0,0.0,33,5439.72,3393.72,0,0,3,5
2026-05-08,APPR-SHOE-500,Strata Carbon Running Trainers,Apparel,123.75,62.0,25.0,62,7672.5,3828.5,0,0,4,5
2026-05-09,APPR-SHOE-500,Strata Carbon Running Trainers,Apparel,163.64,62.0,0.0,36,5891.04,3659.04,1,0,5,5
2026-05-10,APPR-SHOE-500,Strata Carbon Running Trainers,Apparel,162.76,62.0,0.0,34,5533.84,3425.84,1,0,6,5
2026-05-11,APPR-SHOE-500,Strata Carbon Running Trainers,Apparel,165.58,62.0,0.0,18,2980.44,1864.44,0,0,0,5
2026-05-12,APPR-SHOE-500,Strata Carbon Running Trainers,Apparel,165.41,62.0,0.0,30,4962.3,3102.3,0,0,1,5
2026-05-13,APPR-SHOE-500,Strata Carbon Running Trainers,Apparel,163.62,62.0,0.0,28,4581.36,2845.36,0,0,2,5
2026-05-14,APPR-SHOE-500,Strata Carbon Running Trainers,Apparel,166.76,62.0,0.0,24,4002.24,2514.24,0,0,3,5
2026-05-15,APPR-SHOE-500,Strata Carbon Running Trainers,Apparel,165.51,62.0,0.0,33,5461.83,3415.83,0,0,4,5
2026-05-16,APPR-SHOE-500,Strata Carbon Running Trainers,Apparel,167.03,62.0,0.0,36,6013.08,3781.08,1,0,5,5
2026-05-17,APPR-SHOE-500,Strata Carbon Running Trainers,Apparel,167.31,62.0,0.0,43,7194.33,4528.33,1,0,6,5
2026-05-18,APPR-SHOE-500,Strata Carbon Running Trainers,Apparel,167.19,62.0,0.0,33,5517.27,3471.27,0,0,0,5
2026-05-19,APPR-SHOE-500,Strata Carbon Running Trainers,Apparel,162.14,62.0,0.0,25,4053.5,2503.5,0,0,1,5
2026-05-20,APPR-SHOE-500,Strata Carbon Running Trainers,Apparel,166.62,62.0,0.0,26,4332.12,2720.12,0,0,2,5
2026-05-21,APPR-SHOE-500,Strata Carbon Running Trainers,Apparel,165.86,62.0,0.0,39,6468.54,4050.54,0,0,3,5
2026-05-22,APPR-SHOE-500,Strata Carbon Running Trainers,Apparel,166.87,62.0,0.0,30,5006.1,3146.1,0,0,4,5
2026-05-23,APPR-SHOE-500,Strata Carbon Running Trainers,Apparel,123.75,62.0,25.0,49,6063.75,3025.75,1,0,5,5
2026-05-24,APPR-SHOE-500,Strata Carbon Running Trainers,Apparel,164.98,62.0,0.0,35,5774.3,3604.3,1,0,6,5
2026-05-25,APPR-SHOE-500,Strata Carbon Running Trainers,Apparel,163.9,62.0,0.0,32,5244.8,3260.8,0,0,0,5
2026-05-26,APPR-SHOE-500,Strata Carbon Running Trainers,Apparel,162.17,62.0,0.0,32,5189.44,3205.44,0,0,1,5
2026-05-27,APPR-SHOE-500,Strata Carbon Running Trainers,Apparel,165.28,62.0,0.0,35,5784.8,3614.8,0,1,2,5
2026-05-28,APPR-SHOE-500,Strata Carbon Running Trainers,Apparel,132.0,62.0,20.0,60,7920.0,4200.0,0,1,3,5
2026-05-29,APPR-SHOE-500,Strata Carbon Running Trainers,Apparel,163.54,62.0,0.0,61,9975.94,6193.94,0,1,4,5
2026-05-30,APPR-SHOE-500,Strata Carbon Running Trainers,Apparel,166.52,62.0,0.0,49,8159.48,5121.48,1,0,5,5
2026-05-31,APPR-SHOE-500,Strata Carbon Running Trainers,Apparel,166.58,62.0,0.0,30,4997.4,3137.4,1,0,6,5
2026-06-01,APPR-SHOE-500,Strata Carbon Running Trainers,Apparel,148.5,62.0,10.0,29,4306.5,2508.5,0,0,0,6
2026-06-02,APPR-SHOE-500,Strata Carbon Running Trainers,Apparel,166.22,62.0,0.0,31,5152.82,3230.82,0,0,1,6
2026-06-03,APPR-SHOE-500,Strata Carbon Running Trainers,Apparel,165.92,62.0,0.0,41,6802.72,4260.72,0,0,2,6
2026-06-04,APPR-SHOE-500,Strata Carbon Running Trainers,Apparel,163.74,62.0,0.0,22,3602.28,2238.28,0,0,3,6
2026-06-05,APPR-SHOE-500,Strata Carbon Running Trainers,Apparel,162.07,62.0,0.0,41,6644.87,4102.87,0,0,4,6
2026-06-06,APPR-SHOE-500,Strata Carbon Running Trainers,Apparel,165.15,62.0,0.0,46,7596.9,4744.9,1,0,5,6
2026-06-07,APPR-SHOE-500,Strata Carbon Running Trainers,Apparel,164.29,62.0,0.0,37,6078.73,3784.73,1,0,6,6
2026-06-08,APPR-SHOE-500,Strata Carbon Running Trainers,Apparel,164.47,62.0,0.0,25,4111.75,2561.75,0,0,0,6
2026-06-09,APPR-SHOE-500,Strata Carbon Running Trainers,Apparel,162.6,62.0,0.0,33,5365.8,3319.8,0,0,1,6
2026-06-10,APPR-SHOE-500,Strata Carbon Running Trainers,Apparel,167.87,62.0,0.0,19,3189.53,2011.53,0,0,2,6
2026-06-11,APPR-SHOE-500,Strata Carbon Running Trainers,Apparel,167.63,62.0,0.0,26,4358.38,2746.38,0,0,3,6
2026-06-12,APPR-SHOE-500,Strata Carbon Running Trainers,Apparel,164.52,62.0,0.0,29,4771.08,2973.08,0,0,4,6
2026-06-13,APPR-SHOE-500,Strata Carbon Running Trainers,Apparel,167.44,62.0,0.0,40,6697.6,4217.6,1,0,5,6
2026-06-14,APPR-SHOE-500,Strata Carbon Running Trainers,Apparel,123.75,62.0,25.0,78,9652.5,4816.5,1,0,6,6
2026-06-15,APPR-SHOE-500,Strata Carbon Running Trainers,Apparel,166.26,62.0,0.0,33,5486.58,3440.58,0,0,0,6
2026-06-16,APPR-SHOE-500,Strata Carbon Running Trainers,Apparel,164.08,62.0,0.0,35,5742.8,3572.8,0,0,1,6
2026-06-17,APPR-SHOE-500,Strata Carbon Running Trainers,Apparel,167.36,62.0,0.0,16,2677.76,1685.76,0,0,2,6
2026-06-18,APPR-SHOE-500,Strata Carbon Running Trainers,Apparel,164.43,62.0,0.0,31,5097.33,3175.33,0,0,3,6
2026-06-19,APPR-SHOE-500,Strata Carbon Running Trainers,Apparel,164.05,62.0,0.0,30,4921.5,3061.5,0,0,4,6
2026-06-20,APPR-SHOE-500,Strata Carbon Running Trainers,Apparel,166.94,62.0,0.0,42,7011.48,4407.48,1,0,5,6
2026-06-21,APPR-SHOE-500,Strata Carbon Running Trainers,Apparel,164.92,62.0,0.0,41,6761.72,4219.72,1,0,6,6
2026-06-22,APPR-SHOE-500,Strata Carbon Running Trainers,Apparel,140.25,62.0,15.0,36,5049.0,2817.0,0,0,0,6
2026-06-23,APPR-SHOE-500,Strata Carbon Running Trainers,Apparel,168.09,62.0,0.0,18,3025.62,1909.62,0,0,1,6
2026-06-24,APPR-SHOE-500,Strata Carbon Running Trainers,Apparel,164.38,62.0,0.0,30,4931.4,3071.4,0,0,2,6
2026-06-25,APPR-SHOE-500,Strata Carbon Running Trainers,Apparel,162.87,62.0,0.0,28,4560.36,2824.36,0,0,3,6
2026-06-26,APPR-SHOE-500,Strata Carbon Running Trainers,Apparel,166.55,62.0,0.0,38,6328.9,3972.9,0,0,4,6
2026-06-27,APPR-SHOE-500,Strata Carbon Running Trainers,Apparel,162.54,62.0,0.0,49,7964.46,4926.46,1,0,5,6
2026-06-28,APPR-SHOE-500,Strata Carbon Running Trainers,Apparel,163.91,62.0,0.0,45,7375.95,4585.95,1,0,6,6
2026-06-29,APPR-SHOE-500,Strata Carbon Running Trainers,Apparel,168.1,62.0,0.0,40,6724.0,4244.0,0,0,0,6
2026-06-30,APPR-SHOE-500,Strata Carbon Running Trainers,Apparel,162.13,62.0,0.0,29,4701.77,2903.77,0,0,1,6
2026-07-01,APPR-SHOE-500,Strata Carbon Running Trainers,Apparel,148.5,62.0,10.0,31,4603.5,2681.5,0,0,2,7
2026-07-02,APPR-SHOE-500,Strata Carbon Running Trainers,Apparel,166.08,62.0,0.0,29,4816.32,3018.32,0,0,3,7
2026-07-03,APPR-SHOE-500,Strata Carbon Running Trainers,Apparel,166.21,62.0,0.0,41,6814.61,4272.61,0,0,4,7
2026-07-04,APPR-SHOE-500,Strata Carbon Running Trainers,Apparel,162.22,62.0,0.0,41,6651.02,4109.02,1,0,5,7
2026-07-05,APPR-SHOE-500,Strata Carbon Running Trainers,Apparel,163.03,62.0,0.0,51,8314.53,5152.53,1,0,6,7
2026-07-06,APPR-SHOE-500,Strata Carbon Running Trainers,Apparel,162.85,62.0,0.0,23,3745.55,2319.55,0,0,0,7
2026-07-07,APPR-SHOE-500,Strata Carbon Running Trainers,Apparel,168.3,62.0,0.0,22,3702.6,2338.6,0,0,1,7
2026-07-08,APPR-SHOE-500,Strata Carbon Running Trainers,Apparel,148.5,62.0,10.0,38,5643.0,3287.0,0,0,2,7
2026-07-09,APPR-SHOE-500,Strata Carbon Running Trainers,Apparel,132.0,62.0,20.0,40,5280.0,2800.0,0,0,3,7
2026-07-10,APPR-SHOE-500,Strata Carbon Running Trainers,Apparel,163.76,62.0,0.0,27,4421.52,2747.52,0,0,4,7
2026-07-11,APPR-SHOE-500,Strata Carbon Running Trainers,Apparel,167.01,62.0,0.0,55,9185.55,5775.55,1,1,5,7
2026-07-12,APPR-SHOE-500,Strata Carbon Running Trainers,Apparel,166.96,62.0,0.0,61,10184.56,6402.56,1,1,6,7
2026-07-13,APPR-SHOE-500,Strata Carbon Running Trainers,Apparel,162.66,62.0,0.0,54,8783.64,5435.64,0,1,0,7
2026-07-14,APPR-SHOE-500,Strata Carbon Running Trainers,Apparel,166.03,62.0,0.0,17,2822.51,1768.51,0,0,1,7
2026-07-15,APPR-SHOE-500,Strata Carbon Running Trainers,Apparel,164.36,62.0,0.0,36,5916.96,3684.96,0,0,2,7
2026-07-16,APPR-SHOE-500,Strata Carbon Running Trainers,Apparel,165.86,62.0,0.0,20,3317.2,2077.2,0,0,3,7
2026-07-17,APPR-SHOE-500,Strata Carbon Running Trainers,Apparel,162.72,62.0,0.0,34,5532.48,3424.48,0,0,4,7
2026-07-18,APPR-SHOE-500,Strata Carbon Running Trainers,Apparel,164.5,62.0,0.0,41,6744.5,4202.5,1,0,5,7
2026-07-19,APPR-SHOE-500,Strata Carbon Running Trainers,Apparel,164.3,62.0,0.0,37,6079.1,3785.1,1,0,6,7
2026-07-20,APPR-SHOE-500,Strata Carbon Running Trainers,Apparel,162.37,62.0,0.0,35,5682.95,3512.95,0,0,0,7
2026-07-21,APPR-SHOE-500,Strata Carbon Running Trainers,Apparel,168.21,62.0,0.0,28,4709.88,2973.88,0,0,1,7
2026-07-22,APPR-SHOE-500,Strata Carbon Running Trainers,Apparel,166.98,62.0,0.0,25,4174.5,2624.5,0,0,2,7
2026-07-23,APPR-SHOE-500,Strata Carbon Running Trainers,Apparel,164.54,62.0,0.0,30,4936.2,3076.2,0,0,3,7
2026-07-24,APPR-SHOE-500,Strata Carbon Running Trainers,Apparel,167.6,62.0,0.0,40,6704.0,4224.0,0,0,4,7
2026-07-25,APPR-SHOE-500,Strata Carbon Running Trainers,Apparel,167.95,62.0,0.0,38,6382.1,4026.1,1,0,5,7
2026-07-26,APPR-SHOE-500,Strata Carbon Running Trainers,Apparel,164.06,62.0,0.0,35,5742.1,3572.1,1,0,6,7
2026-07-27,APPR-SHOE-500,Strata Carbon Running Trainers,Apparel,165.31,62.0,0.0,28,4628.68,2892.68,0,0,0,7
2026-07-28,APPR-SHOE-500,Strata Carbon Running Trainers,Apparel,163.72,62.0,0.0,37,6057.64,3763.64,0,0,1,7
2026-07-29,APPR-SHOE-500,Strata Carbon Running Trainers,Apparel,164.39,62.0,0.0,31,5096.09,3174.09,0,0,2,7
2026-07-30,APPR-SHOE-500,Strata Carbon Running Trainers,Apparel,168.04,62.0,0.0,29,4873.16,3075.16,0,0,3,7
2026-07-31,APPR-SHOE-500,Strata Carbon Running Trainers,Apparel,164.61,62.0,0.0,35,5761.35,3591.35,0,0,4,7
2026-08-01,APPR-SHOE-500,Strata Carbon Running Trainers,Apparel,164.31,62.0,0.0,53,8708.43,5422.43,1,0,5,8
2026-08-02,APPR-SHOE-500,Strata Carbon Running Trainers,Apparel,168.13,62.0,0.0,36,6052.68,3820.68,1,0,6,8
2026-08-03,APPR-SHOE-500,Strata Carbon Running Trainers,Apparel,148.5,62.0,10.0,21,3118.5,1816.5,0,0,0,8
2026-08-04,APPR-SHOE-500,Strata Carbon Running Trainers,Apparel,165.08,62.0,0.0,27,4457.16,2783.16,0,0,1,8
2026-08-05,APPR-SHOE-500,Strata Carbon Running Trainers,Apparel,162.82,62.0,0.0,28,4558.96,2822.96,0,0,2,8
2026-08-06,APPR-SHOE-500,Strata Carbon Running Trainers,Apparel,162.68,62.0,0.0,28,4555.04,2819.04,0,0,3,8
2026-08-07,APPR-SHOE-500,Strata Carbon Running Trainers,Apparel,168.29,62.0,0.0,31,5216.99,3294.99,0,0,4,8
2026-08-08,APPR-SHOE-500,Strata Carbon Running Trainers,Apparel,140.25,62.0,15.0,50,7012.5,3912.5,1,0,5,8
2026-08-09,APPR-SHOE-500,Strata Carbon Running Trainers,Apparel,163.74,62.0,0.0,37,6058.38,3764.38,1,0,6,8
2026-08-10,APPR-SHOE-500,Strata Carbon Running Trainers,Apparel,161.86,62.0,0.0,33,5341.38,3295.38,0,0,0,8
2026-08-11,APPR-SHOE-500,Strata Carbon Running Trainers,Apparel,163.63,62.0,0.0,25,4090.75,2540.75,0,0,1,8
2026-08-12,APPR-SHOE-500,Strata Carbon Running Trainers,Apparel,164.01,62.0,0.0,30,4920.3,3060.3,0,0,2,8
2026-08-13,APPR-SHOE-500,Strata Carbon Running Trainers,Apparel,165.98,62.0,0.0,36,5975.28,3743.28,0,0,3,8
2026-08-14,APPR-SHOE-500,Strata Carbon Running Trainers,Apparel,163.12,62.0,0.0,37,6035.44,3741.44,0,0,4,8
2026-08-15,APPR-SHOE-500,Strata Carbon Running Trainers,Apparel,166.43,62.0,0.0,44,7322.92,4594.92,1,0,5,8
2026-08-16,APPR-SHOE-500,Strata Carbon Running Trainers,Apparel,167.29,62.0,0.0,23,3847.67,2421.67,1,0,6,8
2026-08-17,APPR-SHOE-500,Strata Carbon Running Trainers,Apparel,163.41,62.0,0.0,35,5719.35,3549.35,0,0,0,8
2026-08-18,APPR-SHOE-500,Strata Carbon Running Trainers,Apparel,166.21,62.0,0.0,29,4820.09,3022.09,0,0,1,8
2026-08-19,APPR-SHOE-500,Strata Carbon Running Trainers,Apparel,167.92,62.0,0.0,32,5373.44,3389.44,0,0,2,8
2026-08-20,APPR-SHOE-500,Strata Carbon Running Trainers,Apparel,166.09,62.0,0.0,24,3986.16,2498.16,0,0,3,8
2026-08-21,APPR-SHOE-500,Strata Carbon Running Trainers,Apparel,164.5,62.0,0.0,27,4441.5,2767.5,0,0,4,8
2026-08-22,APPR-SHOE-500,Strata Carbon Running Trainers,Apparel,165.07,62.0,0.0,38,6272.66,3916.66,1,0,5,8
2026-08-23,APPR-SHOE-500,Strata Carbon Running Trainers,Apparel,162.5,62.0,0.0,35,5687.5,3517.5,1,0,6,8
2026-08-24,APPR-SHOE-500,Strata Carbon Running Trainers,Apparel,162.76,62.0,0.0,24,3906.24,2418.24,0,0,0,8
2026-08-25,APPR-SHOE-500,Strata Carbon Running Trainers,Apparel,166.54,62.0,0.0,30,4996.2,3136.2,0,0,1,8
2026-08-26,APPR-SHOE-500,Strata Carbon Running Trainers,Apparel,167.85,62.0,0.0,30,5035.5,3175.5,0,0,2,8
2026-08-27,APPR-SHOE-500,Strata Carbon Running Trainers,Apparel,163.0,62.0,0.0,27,4401.0,2727.0,0,0,3,8
2026-08-28,APPR-SHOE-500,Strata Carbon Running Trainers,Apparel,148.5,62.0,10.0,39,5791.5,3373.5,0,0,4,8
2026-08-29,APPR-SHOE-500,Strata Carbon Running Trainers,Apparel,164.46,62.0,0.0,43,7071.78,4405.78,1,0,5,8
2026-08-30,APPR-SHOE-500,Strata Carbon Running Trainers,Apparel,167.02,62.0,0.0,30,5010.6,3150.6,1,0,6,8
2026-08-31,APPR-SHOE-500,Strata Carbon Running Trainers,Apparel,165.6,62.0,0.0,17,2815.2,1761.2,0,0,0,8
2026-09-01,APPR-SHOE-500,Strata Carbon Running Trainers,Apparel,163.42,62.0,0.0,26,4248.92,2636.92,0,0,1,9
2026-09-02,APPR-SHOE-500,Strata Carbon Running Trainers,Apparel,167.29,62.0,0.0,25,4182.25,2632.25,0,0,2,9
2026-09-03,APPR-SHOE-500,Strata Carbon Running Trainers,Apparel,165.23,62.0,0.0,39,6443.97,4025.97,0,1,3,9
2026-09-04,APPR-SHOE-500,Strata Carbon Running Trainers,Apparel,162.43,62.0,0.0,39,6334.77,3916.77,0,1,4,9
2026-09-05,APPR-SHOE-500,Strata Carbon Running Trainers,Apparel,164.02,62.0,0.0,54,8857.08,5509.08,1,1,5,9
2026-09-06,APPR-SHOE-500,Strata Carbon Running Trainers,Apparel,162.78,62.0,0.0,33,5371.74,3325.74,1,0,6,9
2026-09-07,APPR-SHOE-500,Strata Carbon Running Trainers,Apparel,161.81,62.0,0.0,19,3074.39,1896.39,0,0,0,9
2026-09-08,APPR-SHOE-500,Strata Carbon Running Trainers,Apparel,162.45,62.0,0.0,25,4061.25,2511.25,0,0,1,9
2026-09-09,APPR-SHOE-500,Strata Carbon Running Trainers,Apparel,164.05,62.0,0.0,23,3773.15,2347.15,0,0,2,9
2026-09-10,APPR-SHOE-500,Strata Carbon Running Trainers,Apparel,165.0,62.0,0.0,27,4455.0,2781.0,0,0,3,9
2026-09-11,APPR-SHOE-500,Strata Carbon Running Trainers,Apparel,166.74,62.0,0.0,31,5168.94,3246.94,0,0,4,9
2026-09-12,APPR-SHOE-500,Strata Carbon Running Trainers,Apparel,162.67,62.0,0.0,38,6181.46,3825.46,1,0,5,9
2026-09-13,APPR-SHOE-500,Strata Carbon Running Trainers,Apparel,163.56,62.0,0.0,28,4579.68,2843.68,1,0,6,9
2026-09-14,APPR-SHOE-500,Strata Carbon Running Trainers,Apparel,162.73,62.0,0.0,28,4556.44,2820.44,0,0,0,9
2026-09-15,APPR-SHOE-500,Strata Carbon Running Trainers,Apparel,162.27,62.0,0.0,22,3569.94,2205.94,0,0,1,9
2026-09-16,APPR-SHOE-500,Strata Carbon Running Trainers,Apparel,166.71,62.0,0.0,22,3667.62,2303.62,0,0,2,9
2026-09-17,APPR-SHOE-500,Strata Carbon Running Trainers,Apparel,163.26,62.0,0.0,30,4897.8,3037.8,0,0,3,9
2026-09-18,APPR-SHOE-500,Strata Carbon Running Trainers,Apparel,168.09,62.0,0.0,34,5715.06,3607.06,0,0,4,9
2026-09-19,APPR-SHOE-500,Strata Carbon Running Trainers,Apparel,164.45,62.0,0.0,34,5591.3,3483.3,1,0,5,9
2026-09-20,APPR-SHOE-500,Strata Carbon Running Trainers,Apparel,167.26,62.0,0.0,34,5686.84,3578.84,1,0,6,9
2026-09-21,APPR-SHOE-500,Strata Carbon Running Trainers,Apparel,166.03,62.0,0.0,27,4482.81,2808.81,0,0,0,9
2026-09-22,APPR-SHOE-500,Strata Carbon Running Trainers,Apparel,163.63,62.0,0.0,23,3763.49,2337.49,0,0,1,9
2026-09-23,APPR-SHOE-500,Strata Carbon Running Trainers,Apparel,165.39,62.0,0.0,19,3142.41,1964.41,0,0,2,9
2026-09-24,APPR-SHOE-500,Strata Carbon Running Trainers,Apparel,165.08,62.0,0.0,17,2806.36,1752.36,0,0,3,9
2026-09-25,APPR-SHOE-500,Strata Carbon Running Trainers,Apparel,164.98,62.0,0.0,31,5114.38,3192.38,0,0,4,9
2026-09-26,APPR-SHOE-500,Strata Carbon Running Trainers,Apparel,162.39,62.0,0.0,36,5846.04,3614.04,1,0,5,9
2026-09-27,APPR-SHOE-500,Strata Carbon Running Trainers,Apparel,167.21,62.0,0.0,37,6186.77,3892.77,1,0,6,9
2026-09-28,APPR-SHOE-500,Strata Carbon Running Trainers,Apparel,166.48,62.0,0.0,30,4994.4,3134.4,0,0,0,9
2026-09-29,APPR-SHOE-500,Strata Carbon Running Trainers,Apparel,164.68,62.0,0.0,28,4611.04,2875.04,0,0,1,9
2026-09-30,APPR-SHOE-500,Strata Carbon Running Trainers,Apparel,166.43,62.0,0.0,21,3495.03,2193.03,0,0,2,9
2026-10-01,APPR-SHOE-500,Strata Carbon Running Trainers,Apparel,167.75,62.0,0.0,26,4361.5,2749.5,0,0,3,10
2026-10-02,APPR-SHOE-500,Strata Carbon Running Trainers,Apparel,166.94,62.0,0.0,39,6510.66,4092.66,0,0,4,10
2026-10-03,APPR-SHOE-500,Strata Carbon Running Trainers,Apparel,167.09,62.0,0.0,42,7017.78,4413.78,1,0,5,10
2026-10-04,APPR-SHOE-500,Strata Carbon Running Trainers,Apparel,164.05,62.0,0.0,30,4921.5,3061.5,1,0,6,10
2025-10-05,APPR-JACK-600,Selvedge Denim Workwear Jacket,Apparel,138.49,54.0,0.0,11,1523.39,929.39,1,0,6,10
2025-10-06,APPR-JACK-600,Selvedge Denim Workwear Jacket,Apparel,138.53,54.0,0.0,11,1523.83,929.83,0,0,0,10
2025-10-07,APPR-JACK-600,Selvedge Denim Workwear Jacket,Apparel,137.45,54.0,0.0,10,1374.5,834.5,0,0,1,10
2025-10-08,APPR-JACK-600,Selvedge Denim Workwear Jacket,Apparel,139.71,54.0,0.0,13,1816.23,1114.23,0,0,2,10
2025-10-09,APPR-JACK-600,Selvedge Denim Workwear Jacket,Apparel,138.26,54.0,0.0,18,2488.68,1516.68,0,0,3,10
2025-10-10,APPR-JACK-600,Selvedge Denim Workwear Jacket,Apparel,139.33,54.0,0.0,20,2786.6,1706.6,0,0,4,10
2025-10-11,APPR-JACK-600,Selvedge Denim Workwear Jacket,Apparel,139.11,54.0,0.0,19,2643.09,1617.09,1,0,5,10
2025-10-12,APPR-JACK-600,Selvedge Denim Workwear Jacket,Apparel,141.32,54.0,0.0,15,2119.8,1309.8,1,0,6,10
2025-10-13,APPR-JACK-600,Selvedge Denim Workwear Jacket,Apparel,105.0,54.0,25.0,27,2835.0,1377.0,0,0,0,10
2025-10-14,APPR-JACK-600,Selvedge Denim Workwear Jacket,Apparel,139.22,54.0,0.0,11,1531.42,937.42,0,0,1,10
2025-10-15,APPR-JACK-600,Selvedge Denim Workwear Jacket,Apparel,142.15,54.0,0.0,17,2416.55,1498.55,0,0,2,10
2025-10-16,APPR-JACK-600,Selvedge Denim Workwear Jacket,Apparel,137.79,54.0,0.0,8,1102.32,670.32,0,0,3,10
2025-10-17,APPR-JACK-600,Selvedge Denim Workwear Jacket,Apparel,140.64,54.0,0.0,16,2250.24,1386.24,0,0,4,10
2025-10-18,APPR-JACK-600,Selvedge Denim Workwear Jacket,Apparel,138.24,54.0,0.0,11,1520.64,926.64,1,0,5,10
2025-10-19,APPR-JACK-600,Selvedge Denim Workwear Jacket,Apparel,140.01,54.0,0.0,11,1540.11,946.11,1,0,6,10
2025-10-20,APPR-JACK-600,Selvedge Denim Workwear Jacket,Apparel,139.8,54.0,0.0,12,1677.6,1029.6,0,0,0,10
2025-10-21,APPR-JACK-600,Selvedge Denim Workwear Jacket,Apparel,142.55,54.0,0.0,8,1140.4,708.4,0,0,1,10
2025-10-22,APPR-JACK-600,Selvedge Denim Workwear Jacket,Apparel,141.32,54.0,0.0,11,1554.52,960.52,0,0,2,10
2025-10-23,APPR-JACK-600,Selvedge Denim Workwear Jacket,Apparel,137.7,54.0,0.0,14,1927.8,1171.8,0,0,3,10
2025-10-24,APPR-JACK-600,Selvedge Denim Workwear Jacket,Apparel,138.1,54.0,0.0,16,2209.6,1345.6,0,0,4,10
2025-10-25,APPR-JACK-600,Selvedge Denim Workwear Jacket,Apparel,137.62,54.0,0.0,20,2752.4,1672.4,1,0,5,10
2025-10-26,APPR-JACK-600,Selvedge Denim Workwear Jacket,Apparel,138.26,54.0,0.0,15,2073.9,1263.9,1,0,6,10
2025-10-27,APPR-JACK-600,Selvedge Denim Workwear Jacket,Apparel,140.16,54.0,0.0,11,1541.76,947.76,0,0,0,10
2025-10-28,APPR-JACK-600,Selvedge Denim Workwear Jacket,Apparel,140.62,54.0,0.0,18,2531.16,1559.16,0,0,1,10
2025-10-29,APPR-JACK-600,Selvedge Denim Workwear Jacket,Apparel,137.62,54.0,0.0,12,1651.44,1003.44,0,0,2,10
2025-10-30,APPR-JACK-600,Selvedge Denim Workwear Jacket,Apparel,137.73,54.0,0.0,14,1928.22,1172.22,0,1,3,10
2025-10-31,APPR-JACK-600,Selvedge Denim Workwear Jacket,Apparel,139.54,54.0,0.0,17,2372.18,1454.18,0,1,4,10
2025-11-01,APPR-JACK-600,Selvedge Denim Workwear Jacket,Apparel,105.0,54.0,25.0,31,3255.0,1581.0,1,0,5,11
2025-11-02,APPR-JACK-600,Selvedge Denim Workwear Jacket,Apparel,140.52,54.0,0.0,11,1545.72,951.72,1,0,6,11
2025-11-03,APPR-JACK-600,Selvedge Denim Workwear Jacket,Apparel,139.15,54.0,0.0,11,1530.65,936.65,0,0,0,11
2025-11-04,APPR-JACK-600,Selvedge Denim Workwear Jacket,Apparel,137.8,54.0,0.0,7,964.6,586.6,0,0,1,11
2025-11-05,APPR-JACK-600,Selvedge Denim Workwear Jacket,Apparel,139.83,54.0,0.0,19,2656.77,1630.77,0,0,2,11
2025-11-06,APPR-JACK-600,Selvedge Denim Workwear Jacket,Apparel,142.5,54.0,0.0,14,1995.0,1239.0,0,0,3,11
2025-11-07,APPR-JACK-600,Selvedge Denim Workwear Jacket,Apparel,140.81,54.0,0.0,18,2534.58,1562.58,0,0,4,11
2025-11-08,APPR-JACK-600,Selvedge Denim Workwear Jacket,Apparel,140.03,54.0,0.0,18,2520.54,1548.54,1,0,5,11
2025-11-09,APPR-JACK-600,Selvedge Denim Workwear Jacket,Apparel,141.86,54.0,0.0,15,2127.9,1317.9,1,0,6,11
2025-11-10,APPR-JACK-600,Selvedge Denim Workwear Jacket,Apparel,139.11,54.0,0.0,11,1530.21,936.21,0,0,0,11
2025-11-11,APPR-JACK-600,Selvedge Denim Workwear Jacket,Apparel,139.45,54.0,0.0,6,836.7,512.7,0,0,1,11
2025-11-12,APPR-JACK-600,Selvedge Denim Workwear Jacket,Apparel,137.49,54.0,0.0,11,1512.39,918.39,0,0,2,11
2025-11-13,APPR-JACK-600,Selvedge Denim Workwear Jacket,Apparel,141.22,54.0,0.0,15,2118.3,1308.3,0,0,3,11
2025-11-14,APPR-JACK-600,Selvedge Denim Workwear Jacket,Apparel,138.44,54.0,0.0,12,1661.28,1013.28,0,0,4,11
2025-11-15,APPR-JACK-600,Selvedge Denim Workwear Jacket,Apparel,138.01,54.0,0.0,20,2760.2,1680.2,1,0,5,11
2025-11-16,APPR-JACK-600,Selvedge Denim Workwear Jacket,Apparel,139.48,54.0,0.0,13,1813.24,1111.24,1,0,6,11
2025-11-17,APPR-JACK-600,Selvedge Denim Workwear Jacket,Apparel,140.06,54.0,0.0,7,980.42,602.42,0,0,0,11
2025-11-18,APPR-JACK-600,Selvedge Denim Workwear Jacket,Apparel,139.42,54.0,0.0,9,1254.78,768.78,0,0,1,11
2025-11-19,APPR-JACK-600,Selvedge Denim Workwear Jacket,Apparel,139.99,54.0,0.0,10,1399.9,859.9,0,0,2,11
2025-11-20,APPR-JACK-600,Selvedge Denim Workwear Jacket,Apparel,139.43,54.0,0.0,8,1115.44,683.44,0,0,3,11
2025-11-21,APPR-JACK-600,Selvedge Denim Workwear Jacket,Apparel,140.86,54.0,0.0,14,1972.04,1216.04,0,0,4,11
2025-11-22,APPR-JACK-600,Selvedge Denim Workwear Jacket,Apparel,141.33,54.0,0.0,18,2543.94,1571.94,1,0,5,11
2025-11-23,APPR-JACK-600,Selvedge Denim Workwear Jacket,Apparel,142.26,54.0,0.0,19,2702.94,1676.94,1,0,6,11
2025-11-24,APPR-JACK-600,Selvedge Denim Workwear Jacket,Apparel,142.46,54.0,0.0,13,1851.98,1149.98,0,0,0,11
2025-11-25,APPR-JACK-600,Selvedge Denim Workwear Jacket,Apparel,126.0,54.0,10.0,13,1638.0,936.0,0,0,1,11
2025-11-26,APPR-JACK-600,Selvedge Denim Workwear Jacket,Apparel,139.38,54.0,0.0,35,4878.3,2988.3,0,1,2,11
2025-11-27,APPR-JACK-600,Selvedge Denim Workwear Jacket,Apparel,139.05,54.0,0.0,35,4866.75,2976.75,0,1,3,11
2025-11-28,APPR-JACK-600,Selvedge Denim Workwear Jacket,Apparel,137.47,54.0,0.0,37,5086.39,3088.39,0,1,4,11
2025-11-29,APPR-JACK-600,Selvedge Denim Workwear Jacket,Apparel,141.09,54.0,0.0,27,3809.43,2351.43,1,1,5,11
2025-11-30,APPR-JACK-600,Selvedge Denim Workwear Jacket,Apparel,138.8,54.0,0.0,35,4858.0,2968.0,1,1,6,11
2025-12-01,APPR-JACK-600,Selvedge Denim Workwear Jacket,Apparel,137.94,54.0,0.0,10,1379.4,839.4,0,0,0,12
2025-12-02,APPR-JACK-600,Selvedge Denim Workwear Jacket,Apparel,105.0,54.0,25.0,22,2310.0,1122.0,0,0,1,12
2025-12-03,APPR-JACK-600,Selvedge Denim Workwear Jacket,Apparel,140.5,54.0,0.0,8,1124.0,692.0,0,0,2,12
2025-12-04,APPR-JACK-600,Selvedge Denim Workwear Jacket,Apparel,138.11,54.0,0.0,9,1242.99,756.99,0,0,3,12
2025-12-05,APPR-JACK-600,Selvedge Denim Workwear Jacket,Apparel,140.11,54.0,0.0,10,1401.1,861.1,0,0,4,12
2025-12-06,APPR-JACK-600,Selvedge Denim Workwear Jacket,Apparel,141.78,54.0,0.0,16,2268.48,1404.48,1,0,5,12
2025-12-07,APPR-JACK-600,Selvedge Denim Workwear Jacket,Apparel,138.67,54.0,0.0,18,2496.06,1524.06,1,0,6,12
2025-12-08,APPR-JACK-600,Selvedge Denim Workwear Jacket,Apparel,138.43,54.0,0.0,13,1799.59,1097.59,0,0,0,12
2025-12-09,APPR-JACK-600,Selvedge Denim Workwear Jacket,Apparel,139.75,54.0,0.0,13,1816.75,1114.75,0,0,1,12
2025-12-10,APPR-JACK-600,Selvedge Denim Workwear Jacket,Apparel,138.1,54.0,0.0,10,1381.0,841.0,0,0,2,12
2025-12-11,APPR-JACK-600,Selvedge Denim Workwear Jacket,Apparel,142.51,54.0,0.0,5,712.55,442.55,0,0,3,12
2025-12-12,APPR-JACK-600,Selvedge Denim Workwear Jacket,Apparel,139.04,54.0,0.0,14,1946.56,1190.56,0,0,4,12
2025-12-13,APPR-JACK-600,Selvedge Denim Workwear Jacket,Apparel,138.95,54.0,0.0,20,2779.0,1699.0,1,0,5,12
2025-12-14,APPR-JACK-600,Selvedge Denim Workwear Jacket,Apparel,139.72,54.0,0.0,12,1676.64,1028.64,1,0,6,12
2025-12-15,APPR-JACK-600,Selvedge Denim Workwear Jacket,Apparel,139.35,54.0,0.0,10,1393.5,853.5,0,0,0,12
2025-12-16,APPR-JACK-600,Selvedge Denim Workwear Jacket,Apparel,141.94,54.0,0.0,10,1419.4,879.4,0,0,1,12
2025-12-17,APPR-JACK-600,Selvedge Denim Workwear Jacket,Apparel,138.49,54.0,0.0,25,3462.25,2112.25,0,1,2,12
2025-12-18,APPR-JACK-600,Selvedge Denim Workwear Jacket,Apparel,112.0,54.0,20.0,28,3136.0,1624.0,0,1,3,12
2025-12-19,APPR-JACK-600,Selvedge Denim Workwear Jacket,Apparel,141.68,54.0,0.0,24,3400.32,2104.32,0,1,4,12
2025-12-20,APPR-JACK-600,Selvedge Denim Workwear Jacket,Apparel,137.21,54.0,0.0,16,2195.36,1331.36,1,0,5,12
2025-12-21,APPR-JACK-600,Selvedge Denim Workwear Jacket,Apparel,140.31,54.0,0.0,11,1543.41,949.41,1,0,6,12
2025-12-22,APPR-JACK-600,Selvedge Denim Workwear Jacket,Apparel,139.89,54.0,0.0,11,1538.79,944.79,0,0,0,12
2025-12-23,APPR-JACK-600,Selvedge Denim Workwear Jacket,Apparel,138.72,54.0,0.0,12,1664.64,1016.64,0,1,1,12
2025-12-24,APPR-JACK-600,Selvedge Denim Workwear Jacket,Apparel,141.51,54.0,0.0,16,2264.16,1400.16,0,1,2,12
2025-12-25,APPR-JACK-600,Selvedge Denim Workwear Jacket,Apparel,141.32,54.0,0.0,22,3109.04,1921.04,0,1,3,12
2025-12-26,APPR-JACK-600,Selvedge Denim Workwear Jacket,Apparel,138.24,54.0,0.0,15,2073.6,1263.6,0,1,4,12
2025-12-27,APPR-JACK-600,Selvedge Denim Workwear Jacket,Apparel,141.39,54.0,0.0,22,3110.58,1922.58,1,1,5,12
2025-12-28,APPR-JACK-600,Selvedge Denim Workwear Jacket,Apparel,141.38,54.0,0.0,15,2120.7,1310.7,1,0,6,12
2025-12-29,APPR-JACK-600,Selvedge Denim Workwear Jacket,Apparel,137.3,54.0,0.0,9,1235.7,749.7,0,0,0,12
2025-12-30,APPR-JACK-600,Selvedge Denim Workwear Jacket,Apparel,137.25,54.0,0.0,13,1784.25,1082.25,0,0,1,12
2025-12-31,APPR-JACK-600,Selvedge Denim Workwear Jacket,Apparel,141.05,54.0,0.0,14,1974.7,1218.7,0,0,2,12
2026-01-01,APPR-JACK-600,Selvedge Denim Workwear Jacket,Apparel,137.4,54.0,0.0,23,3160.2,1918.2,0,1,3,1
2026-01-02,APPR-JACK-600,Selvedge Denim Workwear Jacket,Apparel,137.8,54.0,0.0,18,2480.4,1508.4,0,1,4,1
2026-01-03,APPR-JACK-600,Selvedge Denim Workwear Jacket,Apparel,138.44,54.0,0.0,13,1799.72,1097.72,1,0,5,1
2026-01-04,APPR-JACK-600,Selvedge Denim Workwear Jacket,Apparel,142.75,54.0,0.0,10,1427.5,887.5,1,0,6,1
2026-01-05,APPR-JACK-600,Selvedge Denim Workwear Jacket,Apparel,142.38,54.0,0.0,8,1139.04,707.04,0,0,0,1
2026-01-06,APPR-JACK-600,Selvedge Denim Workwear Jacket,Apparel,141.46,54.0,0.0,14,1980.44,1224.44,0,0,1,1
2026-01-07,APPR-JACK-600,Selvedge Denim Workwear Jacket,Apparel,138.18,54.0,0.0,11,1519.98,925.98,0,0,2,1
2026-01-08,APPR-JACK-600,Selvedge Denim Workwear Jacket,Apparel,139.8,54.0,0.0,11,1537.8,943.8,0,0,3,1
2026-01-09,APPR-JACK-600,Selvedge Denim Workwear Jacket,Apparel,139.25,54.0,0.0,13,1810.25,1108.25,0,0,4,1
2026-01-10,APPR-JACK-600,Selvedge Denim Workwear Jacket,Apparel,142.45,54.0,0.0,16,2279.2,1415.2,1,0,5,1
2026-01-11,APPR-JACK-600,Selvedge Denim Workwear Jacket,Apparel,137.7,54.0,0.0,11,1514.7,920.7,1,0,6,1
2026-01-12,APPR-JACK-600,Selvedge Denim Workwear Jacket,Apparel,137.31,54.0,0.0,9,1235.79,749.79,0,0,0,1
2026-01-13,APPR-JACK-600,Selvedge Denim Workwear Jacket,Apparel,137.28,54.0,0.0,9,1235.52,749.52,0,0,1,1
2026-01-14,APPR-JACK-600,Selvedge Denim Workwear Jacket,Apparel,140.41,54.0,0.0,17,2386.97,1468.97,0,0,2,1
2026-01-15,APPR-JACK-600,Selvedge Denim Workwear Jacket,Apparel,139.52,54.0,0.0,9,1255.68,769.68,0,0,3,1
2026-01-16,APPR-JACK-600,Selvedge Denim Workwear Jacket,Apparel,140.98,54.0,0.0,15,2114.7,1304.7,0,0,4,1
2026-01-17,APPR-JACK-600,Selvedge Denim Workwear Jacket,Apparel,141.34,54.0,0.0,16,2261.44,1397.44,1,0,5,1
2026-01-18,APPR-JACK-600,Selvedge Denim Workwear Jacket,Apparel,141.84,54.0,0.0,11,1560.24,966.24,1,0,6,1
2026-01-19,APPR-JACK-600,Selvedge Denim Workwear Jacket,Apparel,119.0,54.0,15.0,24,2856.0,1560.0,0,0,0,1
2026-01-20,APPR-JACK-600,Selvedge Denim Workwear Jacket,Apparel,140.54,54.0,0.0,10,1405.4,865.4,0,0,1,1
2026-01-21,APPR-JACK-600,Selvedge Denim Workwear Jacket,Apparel,139.18,54.0,0.0,13,1809.34,1107.34,0,0,2,1
2026-01-22,APPR-JACK-600,Selvedge Denim Workwear Jacket,Apparel,141.0,54.0,0.0,9,1269.0,783.0,0,0,3,1
2026-01-23,APPR-JACK-600,Selvedge Denim Workwear Jacket,Apparel,141.63,54.0,0.0,14,1982.82,1226.82,0,0,4,1
2026-01-24,APPR-JACK-600,Selvedge Denim Workwear Jacket,Apparel,141.52,54.0,0.0,18,2547.36,1575.36,1,0,5,1
2026-01-25,APPR-JACK-600,Selvedge Denim Workwear Jacket,Apparel,142.21,54.0,0.0,9,1279.89,793.89,1,0,6,1
2026-01-26,APPR-JACK-600,Selvedge Denim Workwear Jacket,Apparel,142.18,54.0,0.0,8,1137.44,705.44,0,0,0,1
2026-01-27,APPR-JACK-600,Selvedge Denim Workwear Jacket,Apparel,141.74,54.0,0.0,9,1275.66,789.66,0,0,1,1
2026-01-28,APPR-JACK-600,Selvedge Denim Workwear Jacket,Apparel,137.85,54.0,0.0,11,1516.35,922.35,0,0,2,1
2026-01-29,APPR-JACK-600,Selvedge Denim Workwear Jacket,Apparel,139.26,54.0,0.0,13,1810.38,1108.38,0,0,3,1
2026-01-30,APPR-JACK-600,Selvedge Denim Workwear Jacket,Apparel,140.82,54.0,0.0,26,3661.32,2257.32,0,0,4,1
2026-01-31,APPR-JACK-600,Selvedge Denim Workwear Jacket,Apparel,140.41,54.0,0.0,21,2948.61,1814.61,1,0,5,1
2026-02-01,APPR-JACK-600,Selvedge Denim Workwear Jacket,Apparel,137.64,54.0,0.0,17,2339.88,1421.88,1,0,6,2
2026-02-02,APPR-JACK-600,Selvedge Denim Workwear Jacket,Apparel,138.07,54.0,0.0,16,2209.12,1345.12,0,0,0,2
2026-02-03,APPR-JACK-600,Selvedge Denim Workwear Jacket,Apparel,126.0,54.0,10.0,16,2016.0,1152.0,0,0,1,2
2026-02-04,APPR-JACK-600,Selvedge Denim Workwear Jacket,Apparel,139.6,54.0,0.0,9,1256.4,770.4,0,0,2,2
2026-02-05,APPR-JACK-600,Selvedge Denim Workwear Jacket,Apparel,138.18,54.0,0.0,11,1519.98,925.98,0,0,3,2
2026-02-06,APPR-JACK-600,Selvedge Denim Workwear Jacket,Apparel,138.67,54.0,0.0,12,1664.04,1016.04,0,0,4,2
2026-02-07,APPR-JACK-600,Selvedge Denim Workwear Jacket,Apparel,137.7,54.0,0.0,9,1239.3,753.3,1,0,5,2
2026-02-08,APPR-JACK-600,Selvedge Denim Workwear Jacket,Apparel,141.24,54.0,0.0,16,2259.84,1395.84,1,0,6,2
2026-02-09,APPR-JACK-600,Selvedge Denim Workwear Jacket,Apparel,140.37,54.0,0.0,5,701.85,431.85,0,0,0,2
2026-02-10,APPR-JACK-600,Selvedge Denim Workwear Jacket,Apparel,142.19,54.0,0.0,15,2132.85,1322.85,0,0,1,2
2026-02-11,APPR-JACK-600,Selvedge Denim Workwear Jacket,Apparel,138.86,54.0,0.0,15,2082.9,1272.9,0,0,2,2
2026-02-12,APPR-JACK-600,Selvedge Denim Workwear Jacket,Apparel,141.75,54.0,0.0,15,2126.25,1316.25,0,0,3,2
2026-02-13,APPR-JACK-600,Selvedge Denim Workwear Jacket,Apparel,137.76,54.0,0.0,24,3306.24,2010.24,0,1,4,2
2026-02-14,APPR-JACK-600,Selvedge Denim Workwear Jacket,Apparel,141.85,54.0,0.0,11,1560.35,966.35,1,1,5,2
2026-02-15,APPR-JACK-600,Selvedge Denim Workwear Jacket,Apparel,139.29,54.0,0.0,15,2089.35,1279.35,1,1,6,2
2026-02-16,APPR-JACK-600,Selvedge Denim Workwear Jacket,Apparel,142.34,54.0,0.0,10,1423.4,883.4,0,0,0,2
2026-02-17,APPR-JACK-600,Selvedge Denim Workwear Jacket,Apparel,137.2,54.0,0.0,8,1097.6,665.6,0,0,1,2
2026-02-18,APPR-JACK-600,Selvedge Denim Workwear Jacket,Apparel,139.04,54.0,0.0,18,2502.72,1530.72,0,0,2,2
2026-02-19,APPR-JACK-600,Selvedge Denim Workwear Jacket,Apparel,140.6,54.0,0.0,8,1124.8,692.8,0,0,3,2
2026-02-20,APPR-JACK-600,Selvedge Denim Workwear Jacket,Apparel,137.37,54.0,0.0,15,2060.55,1250.55,0,0,4,2
2026-02-21,APPR-JACK-600,Selvedge Denim Workwear Jacket,Apparel,142.07,54.0,0.0,18,2557.26,1585.26,1,0,5,2
2026-02-22,APPR-JACK-600,Selvedge Denim Workwear Jacket,Apparel,140.18,54.0,0.0,9,1261.62,775.62,1,0,6,2
2026-02-23,APPR-JACK-600,Selvedge Denim Workwear Jacket,Apparel,142.8,54.0,0.0,15,2142.0,1332.0,0,0,0,2
2026-02-24,APPR-JACK-600,Selvedge Denim Workwear Jacket,Apparel,138.47,54.0,0.0,7,969.29,591.29,0,0,1,2
2026-02-25,APPR-JACK-600,Selvedge Denim Workwear Jacket,Apparel,140.99,54.0,0.0,19,2678.81,1652.81,0,0,2,2
2026-02-26,APPR-JACK-600,Selvedge Denim Workwear Jacket,Apparel,137.27,54.0,0.0,15,2059.05,1249.05,0,0,3,2
2026-02-27,APPR-JACK-600,Selvedge Denim Workwear Jacket,Apparel,138.62,54.0,0.0,13,1802.06,1100.06,0,0,4,2
2026-02-28,APPR-JACK-600,Selvedge Denim Workwear Jacket,Apparel,140.06,54.0,0.0,16,2240.96,1376.96,1,0,5,2
2026-03-01,APPR-JACK-600,Selvedge Denim Workwear Jacket,Apparel,140.97,54.0,0.0,15,2114.55,1304.55,1,0,6,3
2026-03-02,APPR-JACK-600,Selvedge Denim Workwear Jacket,Apparel,138.13,54.0,0.0,11,1519.43,925.43,0,0,0,3
2026-03-03,APPR-JACK-600,Selvedge Denim Workwear Jacket,Apparel,141.44,54.0,0.0,14,1980.16,1224.16,0,0,1,3
2026-03-04,APPR-JACK-600,Selvedge Denim Workwear Jacket,Apparel,112.0,54.0,20.0,20,2240.0,1160.0,0,0,2,3
2026-03-05,APPR-JACK-600,Selvedge Denim Workwear Jacket,Apparel,139.91,54.0,0.0,14,1958.74,1202.74,0,0,3,3
2026-03-06,APPR-JACK-600,Selvedge Denim Workwear Jacket,Apparel,140.37,54.0,0.0,19,2667.03,1641.03,0,0,4,3
2026-03-07,APPR-JACK-600,Selvedge Denim Workwear Jacket,Apparel,141.4,54.0,0.0,12,1696.8,1048.8,1,0,5,3
2026-03-08,APPR-JACK-600,Selvedge Denim Workwear Jacket,Apparel,142.67,54.0,0.0,26,3709.42,2305.42,1,0,6,3
2026-03-09,APPR-JACK-600,Selvedge Denim Workwear Jacket,Apparel,139.68,54.0,0.0,9,1257.12,771.12,0,0,0,3
2026-03-10,APPR-JACK-600,Selvedge Denim Workwear Jacket,Apparel,141.85,54.0,0.0,20,2837.0,1757.0,0,0,1,3
2026-03-11,APPR-JACK-600,Selvedge Denim Workwear Jacket,Apparel,139.18,54.0,0.0,14,1948.52,1192.52,0,0,2,3
2026-03-12,APPR-JACK-600,Selvedge Denim Workwear Jacket,Apparel,142.3,54.0,0.0,18,2561.4,1589.4,0,0,3,3
2026-03-13,APPR-JACK-600,Selvedge Denim Workwear Jacket,Apparel,126.0,54.0,10.0,17,2142.0,1224.0,0,0,4,3
2026-03-14,APPR-JACK-600,Selvedge Denim Workwear Jacket,Apparel,126.0,54.0,10.0,21,2646.0,1512.0,1,0,5,3
2026-03-15,APPR-JACK-600,Selvedge Denim Workwear Jacket,Apparel,139.84,54.0,0.0,21,2936.64,1802.64,1,0,6,3
2026-03-16,APPR-JACK-600,Selvedge Denim Workwear Jacket,Apparel,142.0,54.0,0.0,11,1562.0,968.0,0,0,0,3
2026-03-17,APPR-JACK-600,Selvedge Denim Workwear Jacket,Apparel,139.29,54.0,0.0,11,1532.19,938.19,0,0,1,3
2026-03-18,APPR-JACK-600,Selvedge Denim Workwear Jacket,Apparel,105.0,54.0,25.0,23,2415.0,1173.0,0,0,2,3
2026-03-19,APPR-JACK-600,Selvedge Denim Workwear Jacket,Apparel,142.05,54.0,0.0,16,2272.8,1408.8,0,0,3,3
2026-03-20,APPR-JACK-600,Selvedge Denim Workwear Jacket,Apparel,142.16,54.0,0.0,14,1990.24,1234.24,0,0,4,3
2026-03-21,APPR-JACK-600,Selvedge Denim Workwear Jacket,Apparel,119.0,54.0,15.0,20,2380.0,1300.0,1,0,5,3
2026-03-22,APPR-JACK-600,Selvedge Denim Workwear Jacket,Apparel,138.66,54.0,0.0,12,1663.92,1015.92,1,0,6,3
2026-03-23,APPR-JACK-600,Selvedge Denim Workwear Jacket,Apparel,142.29,54.0,0.0,17,2418.93,1500.93,0,0,0,3
2026-03-24,APPR-JACK-600,Selvedge Denim Workwear Jacket,Apparel,140.96,54.0,0.0,14,1973.44,1217.44,0,0,1,3
2026-03-25,APPR-JACK-600,Selvedge Denim Workwear Jacket,Apparel,105.0,54.0,25.0,28,2940.0,1428.0,0,0,2,3
2026-03-26,APPR-JACK-600,Selvedge Denim Workwear Jacket,Apparel,140.35,54.0,0.0,9,1263.15,777.15,0,0,3,3
2026-03-27,APPR-JACK-600,Selvedge Denim Workwear Jacket,Apparel,140.33,54.0,0.0,19,2666.27,1640.27,0,0,4,3
2026-03-28,APPR-JACK-600,Selvedge Denim Workwear Jacket,Apparel,138.5,54.0,0.0,18,2493.0,1521.0,1,0,5,3
2026-03-29,APPR-JACK-600,Selvedge Denim Workwear Jacket,Apparel,139.5,54.0,0.0,17,2371.5,1453.5,1,0,6,3
2026-03-30,APPR-JACK-600,Selvedge Denim Workwear Jacket,Apparel,139.71,54.0,0.0,16,2235.36,1371.36,0,0,0,3
2026-03-31,APPR-JACK-600,Selvedge Denim Workwear Jacket,Apparel,138.97,54.0,0.0,10,1389.7,849.7,0,0,1,3
2026-04-01,APPR-JACK-600,Selvedge Denim Workwear Jacket,Apparel,112.0,54.0,20.0,21,2352.0,1218.0,0,0,2,4
2026-04-02,APPR-JACK-600,Selvedge Denim Workwear Jacket,Apparel,138.03,54.0,0.0,17,2346.51,1428.51,0,0,3,4
2026-04-03,APPR-JACK-600,Selvedge Denim Workwear Jacket,Apparel,141.41,54.0,0.0,17,2403.97,1485.97,0,0,4,4
2026-04-04,APPR-JACK-600,Selvedge Denim Workwear Jacket,Apparel,142.44,54.0,0.0,23,3276.12,2034.12,1,0,5,4
2026-04-05,APPR-JACK-600,Selvedge Denim Workwear Jacket,Apparel,138.9,54.0,0.0,14,1944.6,1188.6,1,0,6,4
2026-04-06,APPR-JACK-600,Selvedge Denim Workwear Jacket,Apparel,137.52,54.0,0.0,14,1925.28,1169.28,0,0,0,4
2026-04-07,APPR-JACK-600,Selvedge Denim Workwear Jacket,Apparel,139.98,54.0,0.0,15,2099.7,1289.7,0,0,1,4
2026-04-08,APPR-JACK-600,Selvedge Denim Workwear Jacket,Apparel,141.44,54.0,0.0,10,1414.4,874.4,0,0,2,4
2026-04-09,APPR-JACK-600,Selvedge Denim Workwear Jacket,Apparel,138.1,54.0,0.0,13,1795.3,1093.3,0,0,3,4
2026-04-10,APPR-JACK-600,Selvedge Denim Workwear Jacket,Apparel,141.84,54.0,0.0,15,2127.6,1317.6,0,0,4,4
2026-04-11,APPR-JACK-600,Selvedge Denim Workwear Jacket,Apparel,141.24,54.0,0.0,15,2118.6,1308.6,1,0,5,4
2026-04-12,APPR-JACK-600,Selvedge Denim Workwear Jacket,Apparel,105.0,54.0,25.0,32,3360.0,1632.0,1,0,6,4
2026-04-13,APPR-JACK-600,Selvedge Denim Workwear Jacket,Apparel,138.66,54.0,0.0,14,1941.24,1185.24,0,0,0,4
2026-04-14,APPR-JACK-600,Selvedge Denim Workwear Jacket,Apparel,138.14,54.0,0.0,13,1795.82,1093.82,0,1,1,4
2026-04-15,APPR-JACK-600,Selvedge Denim Workwear Jacket,Apparel,141.14,54.0,0.0,16,2258.24,1394.24,0,1,2,4
2026-04-16,APPR-JACK-600,Selvedge Denim Workwear Jacket,Apparel,138.16,54.0,0.0,11,1519.76,925.76,0,1,3,4
2026-04-17,APPR-JACK-600,Selvedge Denim Workwear Jacket,Apparel,137.73,54.0,0.0,21,2892.33,1758.33,0,0,4,4
2026-04-18,APPR-JACK-600,Selvedge Denim Workwear Jacket,Apparel,138.6,54.0,0.0,19,2633.4,1607.4,1,0,5,4
2026-04-19,APPR-JACK-600,Selvedge Denim Workwear Jacket,Apparel,140.56,54.0,0.0,14,1967.84,1211.84,1,0,6,4
2026-04-20,APPR-JACK-600,Selvedge Denim Workwear Jacket,Apparel,139.78,54.0,0.0,4,559.12,343.12,0,0,0,4
2026-04-21,APPR-JACK-600,Selvedge Denim Workwear Jacket,Apparel,137.87,54.0,0.0,15,2068.05,1258.05,0,0,1,4
2026-04-22,APPR-JACK-600,Selvedge Denim Workwear Jacket,Apparel,140.3,54.0,0.0,20,2806.0,1726.0,0,0,2,4
2026-04-23,APPR-JACK-600,Selvedge Denim Workwear Jacket,Apparel,140.7,54.0,0.0,15,2110.5,1300.5,0,0,3,4
2026-04-24,APPR-JACK-600,Selvedge Denim Workwear Jacket,Apparel,139.39,54.0,0.0,23,3205.97,1963.97,0,0,4,4
2026-04-25,APPR-JACK-600,Selvedge Denim Workwear Jacket,Apparel,138.77,54.0,0.0,18,2497.86,1525.86,1,0,5,4
2026-04-26,APPR-JACK-600,Selvedge Denim Workwear Jacket,Apparel,138.5,54.0,0.0,24,3324.0,2028.0,1,0,6,4
2026-04-27,APPR-JACK-600,Selvedge Denim Workwear Jacket,Apparel,140.3,54.0,0.0,15,2104.5,1294.5,0,0,0,4
2026-04-28,APPR-JACK-600,Selvedge Denim Workwear Jacket,Apparel,139.39,54.0,0.0,19,2648.41,1622.41,0,0,1,4
2026-04-29,APPR-JACK-600,Selvedge Denim Workwear Jacket,Apparel,139.54,54.0,0.0,12,1674.48,1026.48,0,0,2,4
2026-04-30,APPR-JACK-600,Selvedge Denim Workwear Jacket,Apparel,139.76,54.0,0.0,15,2096.4,1286.4,0,0,3,4
2026-05-01,APPR-JACK-600,Selvedge Denim Workwear Jacket,Apparel,140.07,54.0,0.0,14,1960.98,1204.98,0,0,4,5
2026-05-02,APPR-JACK-600,Selvedge Denim Workwear Jacket,Apparel,137.56,54.0,0.0,24,3301.44,2005.44,1,0,5,5
2026-05-03,APPR-JACK-600,Selvedge Denim Workwear Jacket,Apparel,140.71,54.0,0.0,21,2954.91,1820.91,1,0,6,5
2026-05-04,APPR-JACK-600,Selvedge Denim Workwear Jacket,Apparel,139.83,54.0,0.0,13,1817.79,1115.79,0,0,0,5
2026-05-05,APPR-JACK-600,Selvedge Denim Workwear Jacket,Apparel,140.78,54.0,0.0,13,1830.14,1128.14,0,0,1,5
2026-05-06,APPR-JACK-600,Selvedge Denim Workwear Jacket,Apparel,142.1,54.0,0.0,10,1421.0,881.0,0,0,2,5
2026-05-07,APPR-JACK-600,Selvedge Denim Workwear Jacket,Apparel,140.73,54.0,0.0,13,1829.49,1127.49,0,0,3,5
2026-05-08,APPR-JACK-600,Selvedge Denim Workwear Jacket,Apparel,142.18,54.0,0.0,14,1990.52,1234.52,0,0,4,5
2026-05-09,APPR-JACK-600,Selvedge Denim Workwear Jacket,Apparel,126.0,54.0,10.0,27,3402.0,1944.0,1,0,5,5
2026-05-10,APPR-JACK-600,Selvedge Denim Workwear Jacket,Apparel,138.33,54.0,0.0,15,2074.95,1264.95,1,0,6,5
2026-05-11,APPR-JACK-600,Selvedge Denim Workwear Jacket,Apparel,138.16,54.0,0.0,12,1657.92,1009.92,0,0,0,5
2026-05-12,APPR-JACK-600,Selvedge Denim Workwear Jacket,Apparel,138.09,54.0,0.0,10,1380.9,840.9,0,0,1,5
2026-05-13,APPR-JACK-600,Selvedge Denim Workwear Jacket,Apparel,138.14,54.0,0.0,9,1243.26,757.26,0,0,2,5
2026-05-14,APPR-JACK-600,Selvedge Denim Workwear Jacket,Apparel,142.28,54.0,0.0,18,2561.04,1589.04,0,0,3,5
2026-05-15,APPR-JACK-600,Selvedge Denim Workwear Jacket,Apparel,138.96,54.0,0.0,18,2501.28,1529.28,0,0,4,5
2026-05-16,APPR-JACK-600,Selvedge Denim Workwear Jacket,Apparel,141.0,54.0,0.0,16,2256.0,1392.0,1,0,5,5
2026-05-17,APPR-JACK-600,Selvedge Denim Workwear Jacket,Apparel,140.26,54.0,0.0,21,2945.46,1811.46,1,0,6,5
2026-05-18,APPR-JACK-600,Selvedge Denim Workwear Jacket,Apparel,138.28,54.0,0.0,11,1521.08,927.08,0,0,0,5
2026-05-19,APPR-JACK-600,Selvedge Denim Workwear Jacket,Apparel,139.05,54.0,0.0,18,2502.9,1530.9,0,0,1,5
2026-05-20,APPR-JACK-600,Selvedge Denim Workwear Jacket,Apparel,141.68,54.0,0.0,15,2125.2,1315.2,0,0,2,5
2026-05-21,APPR-JACK-600,Selvedge Denim Workwear Jacket,Apparel,139.06,54.0,0.0,20,2781.2,1701.2,0,0,3,5
2026-05-22,APPR-JACK-600,Selvedge Denim Workwear Jacket,Apparel,140.26,54.0,0.0,14,1963.64,1207.64,0,0,4,5
2026-05-23,APPR-JACK-600,Selvedge Denim Workwear Jacket,Apparel,138.98,54.0,0.0,15,2084.7,1274.7,1,0,5,5
2026-05-24,APPR-JACK-600,Selvedge Denim Workwear Jacket,Apparel,142.71,54.0,0.0,14,1997.94,1241.94,1,0,6,5
2026-05-25,APPR-JACK-600,Selvedge Denim Workwear Jacket,Apparel,139.46,54.0,0.0,21,2928.66,1794.66,0,0,0,5
2026-05-26,APPR-JACK-600,Selvedge Denim Workwear Jacket,Apparel,140.49,54.0,0.0,13,1826.37,1124.37,0,0,1,5
2026-05-27,APPR-JACK-600,Selvedge Denim Workwear Jacket,Apparel,119.0,54.0,15.0,18,2142.0,1170.0,0,1,2,5
2026-05-28,APPR-JACK-600,Selvedge Denim Workwear Jacket,Apparel,141.01,54.0,0.0,26,3666.26,2262.26,0,1,3,5
2026-05-29,APPR-JACK-600,Selvedge Denim Workwear Jacket,Apparel,139.84,54.0,0.0,23,3216.32,1974.32,0,1,4,5
2026-05-30,APPR-JACK-600,Selvedge Denim Workwear Jacket,Apparel,139.73,54.0,0.0,18,2515.14,1543.14,1,0,5,5
2026-05-31,APPR-JACK-600,Selvedge Denim Workwear Jacket,Apparel,142.68,54.0,0.0,17,2425.56,1507.56,1,0,6,5
2026-06-01,APPR-JACK-600,Selvedge Denim Workwear Jacket,Apparel,105.0,54.0,25.0,29,3045.0,1479.0,0,0,0,6
2026-06-02,APPR-JACK-600,Selvedge Denim Workwear Jacket,Apparel,139.61,54.0,0.0,13,1814.93,1112.93,0,0,1,6
2026-06-03,APPR-JACK-600,Selvedge Denim Workwear Jacket,Apparel,142.38,54.0,0.0,18,2562.84,1590.84,0,0,2,6
2026-06-04,APPR-JACK-600,Selvedge Denim Workwear Jacket,Apparel,137.81,54.0,0.0,15,2067.15,1257.15,0,0,3,6
2026-06-05,APPR-JACK-600,Selvedge Denim Workwear Jacket,Apparel,140.67,54.0,0.0,13,1828.71,1126.71,0,0,4,6
2026-06-06,APPR-JACK-600,Selvedge Denim Workwear Jacket,Apparel,137.24,54.0,0.0,18,2470.32,1498.32,1,0,5,6
2026-06-07,APPR-JACK-600,Selvedge Denim Workwear Jacket,Apparel,139.91,54.0,0.0,17,2378.47,1460.47,1,0,6,6
2026-06-08,APPR-JACK-600,Selvedge Denim Workwear Jacket,Apparel,141.94,54.0,0.0,11,1561.34,967.34,0,0,0,6
2026-06-09,APPR-JACK-600,Selvedge Denim Workwear Jacket,Apparel,142.28,54.0,0.0,6,853.68,529.68,0,0,1,6
2026-06-10,APPR-JACK-600,Selvedge Denim Workwear Jacket,Apparel,140.18,54.0,0.0,14,1962.52,1206.52,0,0,2,6
2026-06-11,APPR-JACK-600,Selvedge Denim Workwear Jacket,Apparel,141.15,54.0,0.0,11,1552.65,958.65,0,0,3,6
2026-06-12,APPR-JACK-600,Selvedge Denim Workwear Jacket,Apparel,112.0,54.0,20.0,23,2576.0,1334.0,0,0,4,6
2026-06-13,APPR-JACK-600,Selvedge Denim Workwear Jacket,Apparel,137.36,54.0,0.0,16,2197.76,1333.76,1,0,5,6
2026-06-14,APPR-JACK-600,Selvedge Denim Workwear Jacket,Apparel,139.52,54.0,0.0,15,2092.8,1282.8,1,0,6,6
2026-06-15,APPR-JACK-600,Selvedge Denim Workwear Jacket,Apparel,142.09,54.0,0.0,16,2273.44,1409.44,0,0,0,6
2026-06-16,APPR-JACK-600,Selvedge Denim Workwear Jacket,Apparel,137.7,54.0,0.0,16,2203.2,1339.2,0,0,1,6
2026-06-17,APPR-JACK-600,Selvedge Denim Workwear Jacket,Apparel,141.6,54.0,0.0,11,1557.6,963.6,0,0,2,6
2026-06-18,APPR-JACK-600,Selvedge Denim Workwear Jacket,Apparel,139.16,54.0,0.0,20,2783.2,1703.2,0,0,3,6
2026-06-19,APPR-JACK-600,Selvedge Denim Workwear Jacket,Apparel,140.37,54.0,0.0,13,1824.81,1122.81,0,0,4,6
2026-06-20,APPR-JACK-600,Selvedge Denim Workwear Jacket,Apparel,142.27,54.0,0.0,19,2703.13,1677.13,1,0,5,6
2026-06-21,APPR-JACK-600,Selvedge Denim Workwear Jacket,Apparel,142.39,54.0,0.0,18,2563.02,1591.02,1,0,6,6
2026-06-22,APPR-JACK-600,Selvedge Denim Workwear Jacket,Apparel,140.44,54.0,0.0,16,2247.04,1383.04,0,0,0,6
2026-06-23,APPR-JACK-600,Selvedge Denim Workwear Jacket,Apparel,141.8,54.0,0.0,13,1843.4,1141.4,0,0,1,6
2026-06-24,APPR-JACK-600,Selvedge Denim Workwear Jacket,Apparel,141.6,54.0,0.0,13,1840.8,1138.8,0,0,2,6
2026-06-25,APPR-JACK-600,Selvedge Denim Workwear Jacket,Apparel,140.75,54.0,0.0,19,2674.25,1648.25,0,0,3,6
2026-06-26,APPR-JACK-600,Selvedge Denim Workwear Jacket,Apparel,140.57,54.0,0.0,19,2670.83,1644.83,0,0,4,6
2026-06-27,APPR-JACK-600,Selvedge Denim Workwear Jacket,Apparel,142.27,54.0,0.0,19,2703.13,1677.13,1,0,5,6
2026-06-28,APPR-JACK-600,Selvedge Denim Workwear Jacket,Apparel,142.79,54.0,0.0,18,2570.22,1598.22,1,0,6,6
2026-06-29,APPR-JACK-600,Selvedge Denim Workwear Jacket,Apparel,140.07,54.0,0.0,11,1540.77,946.77,0,0,0,6
2026-06-30,APPR-JACK-600,Selvedge Denim Workwear Jacket,Apparel,142.2,54.0,0.0,10,1422.0,882.0,0,0,1,6
2026-07-01,APPR-JACK-600,Selvedge Denim Workwear Jacket,Apparel,142.66,54.0,0.0,19,2710.54,1684.54,0,0,2,7
2026-07-02,APPR-JACK-600,Selvedge Denim Workwear Jacket,Apparel,140.82,54.0,0.0,15,2112.3,1302.3,0,0,3,7
2026-07-03,APPR-JACK-600,Selvedge Denim Workwear Jacket,Apparel,141.37,54.0,0.0,17,2403.29,1485.29,0,0,4,7
2026-07-04,APPR-JACK-600,Selvedge Denim Workwear Jacket,Apparel,119.0,54.0,15.0,26,3094.0,1690.0,1,0,5,7
2026-07-05,APPR-JACK-600,Selvedge Denim Workwear Jacket,Apparel,138.16,54.0,0.0,16,2210.56,1346.56,1,0,6,7
2026-07-06,APPR-JACK-600,Selvedge Denim Workwear Jacket,Apparel,138.3,54.0,0.0,26,3595.8,2191.8,0,0,0,7
2026-07-07,APPR-JACK-600,Selvedge Denim Workwear Jacket,Apparel,138.71,54.0,0.0,15,2080.65,1270.65,0,0,1,7
2026-07-08,APPR-JACK-600,Selvedge Denim Workwear Jacket,Apparel,138.06,54.0,0.0,11,1518.66,924.66,0,0,2,7
2026-07-09,APPR-JACK-600,Selvedge Denim Workwear Jacket,Apparel,142.45,54.0,0.0,8,1139.6,707.6,0,0,3,7
2026-07-10,APPR-JACK-600,Selvedge Denim Workwear Jacket,Apparel,140.33,54.0,0.0,13,1824.29,1122.29,0,0,4,7
2026-07-11,APPR-JACK-600,Selvedge Denim Workwear Jacket,Apparel,140.57,54.0,0.0,30,4217.1,2597.1,1,1,5,7
2026-07-12,APPR-JACK-600,Selvedge Denim Workwear Jacket,Apparel,141.91,54.0,0.0,27,3831.57,2373.57,1,1,6,7
2026-07-13,APPR-JACK-600,Selvedge Denim Workwear Jacket,Apparel,137.78,54.0,0.0,30,4133.4,2513.4,0,1,0,7
2026-07-14,APPR-JACK-600,Selvedge Denim Workwear Jacket,Apparel,137.66,54.0,0.0,16,2202.56,1338.56,0,0,1,7
2026-07-15,APPR-JACK-600,Selvedge Denim Workwear Jacket,Apparel,142.28,54.0,0.0,12,1707.36,1059.36,0,0,2,7
2026-07-16,APPR-JACK-600,Selvedge Denim Workwear Jacket,Apparel,140.0,54.0,0.0,15,2100.0,1290.0,0,0,3,7
2026-07-17,APPR-JACK-600,Selvedge Denim Workwear Jacket,Apparel,141.08,54.0,0.0,31,4373.48,2699.48,0,0,4,7
2026-07-18,APPR-JACK-600,Selvedge Denim Workwear Jacket,Apparel,141.21,54.0,0.0,18,2541.78,1569.78,1,0,5,7
2026-07-19,APPR-JACK-600,Selvedge Denim Workwear Jacket,Apparel,139.87,54.0,0.0,18,2517.66,1545.66,1,0,6,7
2026-07-20,APPR-JACK-600,Selvedge Denim Workwear Jacket,Apparel,112.0,54.0,20.0,19,2128.0,1102.0,0,0,0,7
2026-07-21,APPR-JACK-600,Selvedge Denim Workwear Jacket,Apparel,140.13,54.0,0.0,14,1961.82,1205.82,0,0,1,7
2026-07-22,APPR-JACK-600,Selvedge Denim Workwear Jacket,Apparel,142.65,54.0,0.0,20,2853.0,1773.0,0,0,2,7
2026-07-23,APPR-JACK-600,Selvedge Denim Workwear Jacket,Apparel,139.27,54.0,0.0,14,1949.78,1193.78,0,0,3,7
2026-07-24,APPR-JACK-600,Selvedge Denim Workwear Jacket,Apparel,141.67,54.0,0.0,18,2550.06,1578.06,0,0,4,7
2026-07-25,APPR-JACK-600,Selvedge Denim Workwear Jacket,Apparel,141.98,54.0,0.0,24,3407.52,2111.52,1,0,5,7
2026-07-26,APPR-JACK-600,Selvedge Denim Workwear Jacket,Apparel,141.2,54.0,0.0,17,2400.4,1482.4,1,0,6,7
2026-07-27,APPR-JACK-600,Selvedge Denim Workwear Jacket,Apparel,137.48,54.0,0.0,14,1924.72,1168.72,0,0,0,7
2026-07-28,APPR-JACK-600,Selvedge Denim Workwear Jacket,Apparel,112.0,54.0,20.0,16,1792.0,928.0,0,0,1,7
2026-07-29,APPR-JACK-600,Selvedge Denim Workwear Jacket,Apparel,141.51,54.0,0.0,11,1556.61,962.61,0,0,2,7
2026-07-30,APPR-JACK-600,Selvedge Denim Workwear Jacket,Apparel,141.95,54.0,0.0,16,2271.2,1407.2,0,0,3,7
2026-07-31,APPR-JACK-600,Selvedge Denim Workwear Jacket,Apparel,119.0,54.0,15.0,20,2380.0,1300.0,0,0,4,7
2026-08-01,APPR-JACK-600,Selvedge Denim Workwear Jacket,Apparel,138.52,54.0,0.0,14,1939.28,1183.28,1,0,5,8
2026-08-02,APPR-JACK-600,Selvedge Denim Workwear Jacket,Apparel,138.13,54.0,0.0,18,2486.34,1514.34,1,0,6,8
2026-08-03,APPR-JACK-600,Selvedge Denim Workwear Jacket,Apparel,138.87,54.0,0.0,4,555.48,339.48,0,0,0,8
2026-08-04,APPR-JACK-600,Selvedge Denim Workwear Jacket,Apparel,137.35,54.0,0.0,16,2197.6,1333.6,0,0,1,8
2026-08-05,APPR-JACK-600,Selvedge Denim Workwear Jacket,Apparel,141.66,54.0,0.0,13,1841.58,1139.58,0,0,2,8
2026-08-06,APPR-JACK-600,Selvedge Denim Workwear Jacket,Apparel,140.07,54.0,0.0,17,2381.19,1463.19,0,0,3,8
2026-08-07,APPR-JACK-600,Selvedge Denim Workwear Jacket,Apparel,137.88,54.0,0.0,18,2481.84,1509.84,0,0,4,8
2026-08-08,APPR-JACK-600,Selvedge Denim Workwear Jacket,Apparel,139.68,54.0,0.0,21,2933.28,1799.28,1,0,5,8
2026-08-09,APPR-JACK-600,Selvedge Denim Workwear Jacket,Apparel,140.67,54.0,0.0,18,2532.06,1560.06,1,0,6,8
2026-08-10,APPR-JACK-600,Selvedge Denim Workwear Jacket,Apparel,141.15,54.0,0.0,13,1834.95,1132.95,0,0,0,8
2026-08-11,APPR-JACK-600,Selvedge Denim Workwear Jacket,Apparel,142.09,54.0,0.0,12,1705.08,1057.08,0,0,1,8
2026-08-12,APPR-JACK-600,Selvedge Denim Workwear Jacket,Apparel,141.48,54.0,0.0,14,1980.72,1224.72,0,0,2,8
2026-08-13,APPR-JACK-600,Selvedge Denim Workwear Jacket,Apparel,142.2,54.0,0.0,13,1848.6,1146.6,0,0,3,8
2026-08-14,APPR-JACK-600,Selvedge Denim Workwear Jacket,Apparel,137.71,54.0,0.0,18,2478.78,1506.78,0,0,4,8
2026-08-15,APPR-JACK-600,Selvedge Denim Workwear Jacket,Apparel,137.79,54.0,0.0,21,2893.59,1759.59,1,0,5,8
2026-08-16,APPR-JACK-600,Selvedge Denim Workwear Jacket,Apparel,141.5,54.0,0.0,24,3396.0,2100.0,1,0,6,8
2026-08-17,APPR-JACK-600,Selvedge Denim Workwear Jacket,Apparel,142.54,54.0,0.0,18,2565.72,1593.72,0,0,0,8
2026-08-18,APPR-JACK-600,Selvedge Denim Workwear Jacket,Apparel,138.09,54.0,0.0,13,1795.17,1093.17,0,0,1,8
2026-08-19,APPR-JACK-600,Selvedge Denim Workwear Jacket,Apparel,112.0,54.0,20.0,21,2352.0,1218.0,0,0,2,8
2026-08-20,APPR-JACK-600,Selvedge Denim Workwear Jacket,Apparel,141.4,54.0,0.0,14,1979.6,1223.6,0,0,3,8
2026-08-21,APPR-JACK-600,Selvedge Denim Workwear Jacket,Apparel,142.01,54.0,0.0,10,1420.1,880.1,0,0,4,8
2026-08-22,APPR-JACK-600,Selvedge Denim Workwear Jacket,Apparel,137.46,54.0,0.0,22,3024.12,1836.12,1,0,5,8
2026-08-23,APPR-JACK-600,Selvedge Denim Workwear Jacket,Apparel,139.63,54.0,0.0,25,3490.75,2140.75,1,0,6,8
2026-08-24,APPR-JACK-600,Selvedge Denim Workwear Jacket,Apparel,140.73,54.0,0.0,18,2533.14,1561.14,0,0,0,8
2026-08-25,APPR-JACK-600,Selvedge Denim Workwear Jacket,Apparel,139.18,54.0,0.0,13,1809.34,1107.34,0,0,1,8
2026-08-26,APPR-JACK-600,Selvedge Denim Workwear Jacket,Apparel,140.17,54.0,0.0,12,1682.04,1034.04,0,0,2,8
2026-08-27,APPR-JACK-600,Selvedge Denim Workwear Jacket,Apparel,142.22,54.0,0.0,18,2559.96,1587.96,0,0,3,8
2026-08-28,APPR-JACK-600,Selvedge Denim Workwear Jacket,Apparel,141.55,54.0,0.0,18,2547.9,1575.9,0,0,4,8
2026-08-29,APPR-JACK-600,Selvedge Denim Workwear Jacket,Apparel,138.62,54.0,0.0,25,3465.5,2115.5,1,0,5,8
2026-08-30,APPR-JACK-600,Selvedge Denim Workwear Jacket,Apparel,140.27,54.0,0.0,19,2665.13,1639.13,1,0,6,8
2026-08-31,APPR-JACK-600,Selvedge Denim Workwear Jacket,Apparel,139.85,54.0,0.0,10,1398.5,858.5,0,0,0,8
2026-09-01,APPR-JACK-600,Selvedge Denim Workwear Jacket,Apparel,140.9,54.0,0.0,18,2536.2,1564.2,0,0,1,9
2026-09-02,APPR-JACK-600,Selvedge Denim Workwear Jacket,Apparel,138.36,54.0,0.0,13,1798.68,1096.68,0,0,2,9
2026-09-03,APPR-JACK-600,Selvedge Denim Workwear Jacket,Apparel,137.98,54.0,0.0,16,2207.68,1343.68,0,1,3,9
2026-09-04,APPR-JACK-600,Selvedge Denim Workwear Jacket,Apparel,140.06,54.0,0.0,29,4061.74,2495.74,0,1,4,9
2026-09-05,APPR-JACK-600,Selvedge Denim Workwear Jacket,Apparel,137.95,54.0,0.0,18,2483.1,1511.1,1,1,5,9
2026-09-06,APPR-JACK-600,Selvedge Denim Workwear Jacket,Apparel,138.83,54.0,0.0,18,2498.94,1526.94,1,0,6,9
2026-09-07,APPR-JACK-600,Selvedge Denim Workwear Jacket,Apparel,142.59,54.0,0.0,12,1711.08,1063.08,0,0,0,9
2026-09-08,APPR-JACK-600,Selvedge Denim Workwear Jacket,Apparel,140.14,54.0,0.0,13,1821.82,1119.82,0,0,1,9
2026-09-09,APPR-JACK-600,Selvedge Denim Workwear Jacket,Apparel,138.43,54.0,0.0,12,1661.16,1013.16,0,0,2,9
2026-09-10,APPR-JACK-600,Selvedge Denim Workwear Jacket,Apparel,142.57,54.0,0.0,13,1853.41,1151.41,0,0,3,9
2026-09-11,APPR-JACK-600,Selvedge Denim Workwear Jacket,Apparel,141.4,54.0,0.0,13,1838.2,1136.2,0,0,4,9
2026-09-12,APPR-JACK-600,Selvedge Denim Workwear Jacket,Apparel,142.21,54.0,0.0,17,2417.57,1499.57,1,0,5,9
2026-09-13,APPR-JACK-600,Selvedge Denim Workwear Jacket,Apparel,138.4,54.0,0.0,18,2491.2,1519.2,1,0,6,9
2026-09-14,APPR-JACK-600,Selvedge Denim Workwear Jacket,Apparel,142.43,54.0,0.0,11,1566.73,972.73,0,0,0,9
2026-09-15,APPR-JACK-600,Selvedge Denim Workwear Jacket,Apparel,139.7,54.0,0.0,13,1816.1,1114.1,0,0,1,9
2026-09-16,APPR-JACK-600,Selvedge Denim Workwear Jacket,Apparel,137.47,54.0,0.0,18,2474.46,1502.46,0,0,2,9
2026-09-17,APPR-JACK-600,Selvedge Denim Workwear Jacket,Apparel,140.5,54.0,0.0,9,1264.5,778.5,0,0,3,9
2026-09-18,APPR-JACK-600,Selvedge Denim Workwear Jacket,Apparel,138.57,54.0,0.0,19,2632.83,1606.83,0,0,4,9
2026-09-19,APPR-JACK-600,Selvedge Denim Workwear Jacket,Apparel,142.29,54.0,0.0,13,1849.77,1147.77,1,0,5,9
2026-09-20,APPR-JACK-600,Selvedge Denim Workwear Jacket,Apparel,138.22,54.0,0.0,22,3040.84,1852.84,1,0,6,9
2026-09-21,APPR-JACK-600,Selvedge Denim Workwear Jacket,Apparel,138.25,54.0,0.0,10,1382.5,842.5,0,0,0,9
2026-09-22,APPR-JACK-600,Selvedge Denim Workwear Jacket,Apparel,142.54,54.0,0.0,9,1282.86,796.86,0,0,1,9
2026-09-23,APPR-JACK-600,Selvedge Denim Workwear Jacket,Apparel,139.66,54.0,0.0,11,1536.26,942.26,0,0,2,9
2026-09-24,APPR-JACK-600,Selvedge Denim Workwear Jacket,Apparel,137.6,54.0,0.0,18,2476.8,1504.8,0,0,3,9
2026-09-25,APPR-JACK-600,Selvedge Denim Workwear Jacket,Apparel,141.26,54.0,0.0,12,1695.12,1047.12,0,0,4,9
2026-09-26,APPR-JACK-600,Selvedge Denim Workwear Jacket,Apparel,141.73,54.0,0.0,29,4110.17,2544.17,1,0,5,9
2026-09-27,APPR-JACK-600,Selvedge Denim Workwear Jacket,Apparel,141.27,54.0,0.0,15,2119.05,1309.05,1,0,6,9
2026-09-28,APPR-JACK-600,Selvedge Denim Workwear Jacket,Apparel,139.68,54.0,0.0,7,977.76,599.76,0,0,0,9
2026-09-29,APPR-JACK-600,Selvedge Denim Workwear Jacket,Apparel,140.71,54.0,0.0,13,1829.23,1127.23,0,0,1,9
2026-09-30,APPR-JACK-600,Selvedge Denim Workwear Jacket,Apparel,137.85,54.0,0.0,14,1929.9,1173.9,0,0,2,9
2026-10-01,APPR-JACK-600,Selvedge Denim Workwear Jacket,Apparel,142.46,54.0,0.0,9,1282.14,796.14,0,0,3,10
2026-10-02,APPR-JACK-600,Selvedge Denim Workwear Jacket,Apparel,138.56,54.0,0.0,18,2494.08,1522.08,0,0,4,10
2026-10-03,APPR-JACK-600,Selvedge Denim Workwear Jacket,Apparel,140.05,54.0,0.0,15,2100.75,1290.75,1,0,5,10
2026-10-04,APPR-JACK-600,Selvedge Denim Workwear Jacket,Apparel,139.75,54.0,0.0,11,1537.25,943.25,1,0,6,10
2025-10-05,HOME-ESPR-700,Barista Touch Compact Espresso Machine,Home & Kitchen,385.03,185.0,0.0,17,6545.51,3400.51,1,0,6,10
2025-10-06,HOME-ESPR-700,Barista Touch Compact Espresso Machine,Home & Kitchen,383.51,185.0,0.0,12,4602.12,2382.12,0,0,0,10
2025-10-07,HOME-ESPR-700,Barista Touch Compact Espresso Machine,Home & Kitchen,382.05,185.0,0.0,11,4202.55,2167.55,0,0,1,10
2025-10-08,HOME-ESPR-700,Barista Touch Compact Espresso Machine,Home & Kitchen,390.75,185.0,0.0,10,3907.5,2057.5,0,0,2,10
2025-10-09,HOME-ESPR-700,Barista Touch Compact Espresso Machine,Home & Kitchen,394.49,185.0,0.0,8,3155.92,1675.92,0,0,3,10
2025-10-10,HOME-ESPR-700,Barista Touch Compact Espresso Machine,Home & Kitchen,394.2,185.0,0.0,11,4336.2,2301.2,0,0,4,10
2025-10-11,HOME-ESPR-700,Barista Touch Compact Espresso Machine,Home & Kitchen,386.63,185.0,0.0,9,3479.67,1814.67,1,0,5,10
2025-10-12,HOME-ESPR-700,Barista Touch Compact Espresso Machine,Home & Kitchen,392.49,185.0,0.0,15,5887.35,3112.35,1,0,6,10
2025-10-13,HOME-ESPR-700,Barista Touch Compact Espresso Machine,Home & Kitchen,385.82,185.0,0.0,10,3858.2,2008.2,0,0,0,10
2025-10-14,HOME-ESPR-700,Barista Touch Compact Espresso Machine,Home & Kitchen,392.68,185.0,0.0,10,3926.8,2076.8,0,0,1,10
2025-10-15,HOME-ESPR-700,Barista Touch Compact Espresso Machine,Home & Kitchen,391.87,185.0,0.0,12,4702.44,2482.44,0,0,2,10
2025-10-16,HOME-ESPR-700,Barista Touch Compact Espresso Machine,Home & Kitchen,393.14,185.0,0.0,5,1965.7,1040.7,0,0,3,10
2025-10-17,HOME-ESPR-700,Barista Touch Compact Espresso Machine,Home & Kitchen,385.3,185.0,0.0,11,4238.3,2203.3,0,0,4,10
2025-10-18,HOME-ESPR-700,Barista Touch Compact Espresso Machine,Home & Kitchen,388.43,185.0,0.0,10,3884.3,2034.3,1,0,5,10
2025-10-19,HOME-ESPR-700,Barista Touch Compact Espresso Machine,Home & Kitchen,392.78,185.0,0.0,13,5106.14,2701.14,1,0,6,10
2025-10-20,HOME-ESPR-700,Barista Touch Compact Espresso Machine,Home & Kitchen,393.68,185.0,0.0,10,3936.8,2086.8,0,0,0,10
2025-10-21,HOME-ESPR-700,Barista Touch Compact Espresso Machine,Home & Kitchen,383.2,185.0,0.0,8,3065.6,1585.6,0,0,1,10
2025-10-22,HOME-ESPR-700,Barista Touch Compact Espresso Machine,Home & Kitchen,386.84,185.0,0.0,5,1934.2,1009.2,0,0,2,10
2025-10-23,HOME-ESPR-700,Barista Touch Compact Espresso Machine,Home & Kitchen,385.17,185.0,0.0,7,2696.19,1401.19,0,0,3,10
2025-10-24,HOME-ESPR-700,Barista Touch Compact Espresso Machine,Home & Kitchen,390.21,185.0,0.0,6,2341.26,1231.26,0,0,4,10
2025-10-25,HOME-ESPR-700,Barista Touch Compact Espresso Machine,Home & Kitchen,383.32,185.0,0.0,12,4599.84,2379.84,1,0,5,10
2025-10-26,HOME-ESPR-700,Barista Touch Compact Espresso Machine,Home & Kitchen,394.96,185.0,0.0,12,4739.52,2519.52,1,0,6,10
2025-10-27,HOME-ESPR-700,Barista Touch Compact Espresso Machine,Home & Kitchen,387.14,185.0,0.0,9,3484.26,1819.26,0,0,0,10
2025-10-28,HOME-ESPR-700,Barista Touch Compact Espresso Machine,Home & Kitchen,390.53,185.0,0.0,14,5467.42,2877.42,0,0,1,10
2025-10-29,HOME-ESPR-700,Barista Touch Compact Espresso Machine,Home & Kitchen,394.21,185.0,0.0,11,4336.31,2301.31,0,0,2,10
2025-10-30,HOME-ESPR-700,Barista Touch Compact Espresso Machine,Home & Kitchen,395.07,185.0,0.0,17,6716.19,3571.19,0,1,3,10
2025-10-31,HOME-ESPR-700,Barista Touch Compact Espresso Machine,Home & Kitchen,393.54,185.0,0.0,9,3541.86,1876.86,0,1,4,10
2025-11-01,HOME-ESPR-700,Barista Touch Compact Espresso Machine,Home & Kitchen,391.73,185.0,0.0,14,5484.22,2894.22,1,0,5,11
2025-11-02,HOME-ESPR-700,Barista Touch Compact Espresso Machine,Home & Kitchen,385.75,185.0,0.0,10,3857.5,2007.5,1,0,6,11
2025-11-03,HOME-ESPR-700,Barista Touch Compact Espresso Machine,Home & Kitchen,385.22,185.0,0.0,10,3852.2,2002.2,0,0,0,11
2025-11-04,HOME-ESPR-700,Barista Touch Compact Espresso Machine,Home & Kitchen,396.2,185.0,0.0,10,3962.0,2112.0,0,0,1,11
2025-11-05,HOME-ESPR-700,Barista Touch Compact Espresso Machine,Home & Kitchen,392.2,185.0,0.0,11,4314.2,2279.2,0,0,2,11
2025-11-06,HOME-ESPR-700,Barista Touch Compact Espresso Machine,Home & Kitchen,389.95,185.0,0.0,6,2339.7,1229.7,0,0,3,11
2025-11-07,HOME-ESPR-700,Barista Touch Compact Espresso Machine,Home & Kitchen,386.19,185.0,0.0,11,4248.09,2213.09,0,0,4,11
2025-11-08,HOME-ESPR-700,Barista Touch Compact Espresso Machine,Home & Kitchen,395.71,185.0,0.0,15,5935.65,3160.65,1,0,5,11
2025-11-09,HOME-ESPR-700,Barista Touch Compact Espresso Machine,Home & Kitchen,391.26,185.0,0.0,17,6651.42,3506.42,1,0,6,11
2025-11-10,HOME-ESPR-700,Barista Touch Compact Espresso Machine,Home & Kitchen,394.13,185.0,0.0,10,3941.3,2091.3,0,0,0,11
2025-11-11,HOME-ESPR-700,Barista Touch Compact Espresso Machine,Home & Kitchen,382.32,185.0,0.0,14,5352.48,2762.48,0,0,1,11
2025-11-12,HOME-ESPR-700,Barista Touch Compact Espresso Machine,Home & Kitchen,388.36,185.0,0.0,11,4271.96,2236.96,0,0,2,11
2025-11-13,HOME-ESPR-700,Barista Touch Compact Espresso Machine,Home & Kitchen,395.71,185.0,0.0,9,3561.39,1896.39,0,0,3,11
2025-11-14,HOME-ESPR-700,Barista Touch Compact Espresso Machine,Home & Kitchen,383.93,185.0,0.0,11,4223.23,2188.23,0,0,4,11
2025-11-15,HOME-ESPR-700,Barista Touch Compact Espresso Machine,Home & Kitchen,393.67,185.0,0.0,21,8267.07,4382.07,1,0,5,11
2025-11-16,HOME-ESPR-700,Barista Touch Compact Espresso Machine,Home & Kitchen,392.25,185.0,0.0,13,5099.25,2694.25,1,0,6,11
2025-11-17,HOME-ESPR-700,Barista Touch Compact Espresso Machine,Home & Kitchen,392.31,185.0,0.0,7,2746.17,1451.17,0,0,0,11
2025-11-18,HOME-ESPR-700,Barista Touch Compact Espresso Machine,Home & Kitchen,393.41,185.0,0.0,9,3540.69,1875.69,0,0,1,11
2025-11-19,HOME-ESPR-700,Barista Touch Compact Espresso Machine,Home & Kitchen,388.41,185.0,0.0,11,4272.51,2237.51,0,0,2,11
2025-11-20,HOME-ESPR-700,Barista Touch Compact Espresso Machine,Home & Kitchen,386.47,185.0,0.0,10,3864.7,2014.7,0,0,3,11
2025-11-21,HOME-ESPR-700,Barista Touch Compact Espresso Machine,Home & Kitchen,386.44,185.0,0.0,11,4250.84,2215.84,0,0,4,11
2025-11-22,HOME-ESPR-700,Barista Touch Compact Espresso Machine,Home & Kitchen,382.54,185.0,0.0,5,1912.7,987.7,1,0,5,11
2025-11-23,HOME-ESPR-700,Barista Touch Compact Espresso Machine,Home & Kitchen,386.57,185.0,0.0,14,5411.98,2821.98,1,0,6,11
2025-11-24,HOME-ESPR-700,Barista Touch Compact Espresso Machine,Home & Kitchen,291.75,185.0,25.0,14,4084.5,1494.5,0,0,0,11
2025-11-25,HOME-ESPR-700,Barista Touch Compact Espresso Machine,Home & Kitchen,386.92,185.0,0.0,8,3095.36,1615.36,0,0,1,11
2025-11-26,HOME-ESPR-700,Barista Touch Compact Espresso Machine,Home & Kitchen,386.75,185.0,0.0,30,11602.5,6052.5,0,1,2,11
2025-11-27,HOME-ESPR-700,Barista Touch Compact Espresso Machine,Home & Kitchen,385.02,185.0,0.0,26,10010.52,5200.52,0,1,3,11
2025-11-28,HOME-ESPR-700,Barista Touch Compact Espresso Machine,Home & Kitchen,389.4,185.0,0.0,30,11682.0,6132.0,0,1,4,11
2025-11-29,HOME-ESPR-700,Barista Touch Compact Espresso Machine,Home & Kitchen,393.85,185.0,0.0,36,14178.6,7518.6,1,1,5,11
2025-11-30,HOME-ESPR-700,Barista Touch Compact Espresso Machine,Home & Kitchen,383.57,185.0,0.0,33,12657.81,6552.81,1,1,6,11
2025-12-01,HOME-ESPR-700,Barista Touch Compact Espresso Machine,Home & Kitchen,395.58,185.0,0.0,8,3164.64,1684.64,0,0,0,12
2025-12-02,HOME-ESPR-700,Barista Touch Compact Espresso Machine,Home & Kitchen,394.27,185.0,0.0,11,4336.97,2301.97,0,0,1,12
2025-12-03,HOME-ESPR-700,Barista Touch Compact Espresso Machine,Home & Kitchen,393.53,185.0,0.0,9,3541.77,1876.77,0,0,2,12
2025-12-04,HOME-ESPR-700,Barista Touch Compact Espresso Machine,Home & Kitchen,392.1,185.0,0.0,12,4705.2,2485.2,0,0,3,12
2025-12-05,HOME-ESPR-700,Barista Touch Compact Espresso Machine,Home & Kitchen,394.23,185.0,0.0,12,4730.76,2510.76,0,0,4,12
2025-12-06,HOME-ESPR-700,Barista Touch Compact Espresso Machine,Home & Kitchen,395.02,185.0,0.0,13,5135.26,2730.26,1,0,5,12
2025-12-07,HOME-ESPR-700,Barista Touch Compact Espresso Machine,Home & Kitchen,385.67,185.0,0.0,10,3856.7,2006.7,1,0,6,12
2025-12-08,HOME-ESPR-700,Barista Touch Compact Espresso Machine,Home & Kitchen,389.01,185.0,0.0,11,4279.11,2244.11,0,0,0,12
2025-12-09,HOME-ESPR-700,Barista Touch Compact Espresso Machine,Home & Kitchen,381.9,185.0,0.0,9,3437.1,1772.1,0,0,1,12
2025-12-10,HOME-ESPR-700,Barista Touch Compact Espresso Machine,Home & Kitchen,383.9,185.0,0.0,9,3455.1,1790.1,0,0,2,12
2025-12-11,HOME-ESPR-700,Barista Touch Compact Espresso Machine,Home & Kitchen,392.98,185.0,0.0,5,1964.9,1039.9,0,0,3,12
2025-12-12,HOME-ESPR-700,Barista Touch Compact Espresso Machine,Home & Kitchen,392.64,185.0,0.0,8,3141.12,1661.12,0,0,4,12
2025-12-13,HOME-ESPR-700,Barista Touch Compact Espresso Machine,Home & Kitchen,394.68,185.0,0.0,18,7104.24,3774.24,1,0,5,12
2025-12-14,HOME-ESPR-700,Barista Touch Compact Espresso Machine,Home & Kitchen,383.84,185.0,0.0,8,3070.72,1590.72,1,0,6,12
2025-12-15,HOME-ESPR-700,Barista Touch Compact Espresso Machine,Home & Kitchen,396.32,185.0,0.0,10,3963.2,2113.2,0,0,0,12
2025-12-16,HOME-ESPR-700,Barista Touch Compact Espresso Machine,Home & Kitchen,381.47,185.0,0.0,11,4196.17,2161.17,0,0,1,12
2025-12-17,HOME-ESPR-700,Barista Touch Compact Espresso Machine,Home & Kitchen,311.2,185.0,20.0,20,6224.0,2524.0,0,1,2,12
2025-12-18,HOME-ESPR-700,Barista Touch Compact Espresso Machine,Home & Kitchen,311.2,185.0,20.0,27,8402.4,3407.4,0,1,3,12
2025-12-19,HOME-ESPR-700,Barista Touch Compact Espresso Machine,Home & Kitchen,383.24,185.0,0.0,23,8814.52,4559.52,0,1,4,12
2025-12-20,HOME-ESPR-700,Barista Touch Compact Espresso Machine,Home & Kitchen,392.09,185.0,0.0,11,4312.99,2277.99,1,0,5,12
2025-12-21,HOME-ESPR-700,Barista Touch Compact Espresso Machine,Home & Kitchen,394.19,185.0,0.0,19,7489.61,3974.61,1,0,6,12
2025-12-22,HOME-ESPR-700,Barista Touch Compact Espresso Machine,Home & Kitchen,393.18,185.0,0.0,6,2359.08,1249.08,0,0,0,12
2025-12-23,HOME-ESPR-700,Barista Touch Compact Espresso Machine,Home & Kitchen,395.02,185.0,0.0,16,6320.32,3360.32,0,1,1,12
2025-12-24,HOME-ESPR-700,Barista Touch Compact Espresso Machine,Home & Kitchen,387.9,185.0,0.0,18,6982.2,3652.2,0,1,2,12
2025-12-25,HOME-ESPR-700,Barista Touch Compact Espresso Machine,Home & Kitchen,395.78,185.0,0.0,20,7915.6,4215.6,0,1,3,12
2025-12-26,HOME-ESPR-700,Barista Touch Compact Espresso Machine,Home & Kitchen,382.54,185.0,0.0,27,10328.58,5333.58,0,1,4,12
2025-12-27,HOME-ESPR-700,Barista Touch Compact Espresso Machine,Home & Kitchen,382.38,185.0,0.0,22,8412.36,4342.36,1,1,5,12
2025-12-28,HOME-ESPR-700,Barista Touch Compact Espresso Machine,Home & Kitchen,391.52,185.0,0.0,21,8221.92,4336.92,1,0,6,12
2025-12-29,HOME-ESPR-700,Barista Touch Compact Espresso Machine,Home & Kitchen,393.64,185.0,0.0,5,1968.2,1043.2,0,0,0,12
2025-12-30,HOME-ESPR-700,Barista Touch Compact Espresso Machine,Home & Kitchen,383.71,185.0,0.0,11,4220.81,2185.81,0,0,1,12
2025-12-31,HOME-ESPR-700,Barista Touch Compact Espresso Machine,Home & Kitchen,394.39,185.0,0.0,14,5521.46,2931.46,0,0,2,12
2026-01-01,HOME-ESPR-700,Barista Touch Compact Espresso Machine,Home & Kitchen,383.72,185.0,0.0,16,6139.52,3179.52,0,1,3,1
2026-01-02,HOME-ESPR-700,Barista Touch Compact Espresso Machine,Home & Kitchen,396.27,185.0,0.0,13,5151.51,2746.51,0,1,4,1
2026-01-03,HOME-ESPR-700,Barista Touch Compact Espresso Machine,Home & Kitchen,387.97,185.0,0.0,14,5431.58,2841.58,1,0,5,1
2026-01-04,HOME-ESPR-700,Barista Touch Compact Espresso Machine,Home & Kitchen,384.67,185.0,0.0,11,4231.37,2196.37,1,0,6,1
2026-01-05,HOME-ESPR-700,Barista Touch Compact Espresso Machine,Home & Kitchen,311.2,185.0,20.0,14,4356.8,1766.8,0,0,0,1
2026-01-06,HOME-ESPR-700,Barista Touch Compact Espresso Machine,Home & Kitchen,387.91,185.0,0.0,10,3879.1,2029.1,0,0,1,1
2026-01-07,HOME-ESPR-700,Barista Touch Compact Espresso Machine,Home & Kitchen,396.77,185.0,0.0,13,5158.01,2753.01,0,0,2,1
2026-01-08,HOME-ESPR-700,Barista Touch Compact Espresso Machine,Home & Kitchen,396.31,185.0,0.0,9,3566.79,1901.79,0,0,3,1
2026-01-09,HOME-ESPR-700,Barista Touch Compact Espresso Machine,Home & Kitchen,396.07,185.0,0.0,17,6733.19,3588.19,0,0,4,1
2026-01-10,HOME-ESPR-700,Barista Touch Compact Espresso Machine,Home & Kitchen,330.65,185.0,15.0,16,5290.4,2330.4,1,0,5,1
2026-01-11,HOME-ESPR-700,Barista Touch Compact Espresso Machine,Home & Kitchen,393.56,185.0,0.0,10,3935.6,2085.6,1,0,6,1
2026-01-12,HOME-ESPR-700,Barista Touch Compact Espresso Machine,Home & Kitchen,394.1,185.0,0.0,13,5123.3,2718.3,0,0,0,1
2026-01-13,HOME-ESPR-700,Barista Touch Compact Espresso Machine,Home & Kitchen,383.63,185.0,0.0,5,1918.15,993.15,0,0,1,1
2026-01-14,HOME-ESPR-700,Barista Touch Compact Espresso Machine,Home & Kitchen,388.55,185.0,0.0,11,4274.05,2239.05,0,0,2,1
2026-01-15,HOME-ESPR-700,Barista Touch Compact Espresso Machine,Home & Kitchen,388.39,185.0,0.0,10,3883.9,2033.9,0,0,3,1
2026-01-16,HOME-ESPR-700,Barista Touch Compact Espresso Machine,Home & Kitchen,393.95,185.0,0.0,14,5515.3,2925.3,0,0,4,1
2026-01-17,HOME-ESPR-700,Barista Touch Compact Espresso Machine,Home & Kitchen,389.42,185.0,0.0,8,3115.36,1635.36,1,0,5,1
2026-01-18,HOME-ESPR-700,Barista Touch Compact Espresso Machine,Home & Kitchen,311.2,185.0,20.0,20,6224.0,2524.0,1,0,6,1
2026-01-19,HOME-ESPR-700,Barista Touch Compact Espresso Machine,Home & Kitchen,382.81,185.0,0.0,9,3445.29,1780.29,0,0,0,1
2026-01-20,HOME-ESPR-700,Barista Touch Compact Espresso Machine,Home & Kitchen,392.65,185.0,0.0,10,3926.5,2076.5,0,0,1,1
2026-01-21,HOME-ESPR-700,Barista Touch Compact Espresso Machine,Home & Kitchen,393.91,185.0,0.0,13,5120.83,2715.83,0,0,2,1
2026-01-22,HOME-ESPR-700,Barista Touch Compact Espresso Machine,Home & Kitchen,382.75,185.0,0.0,9,3444.75,1779.75,0,0,3,1
2026-01-23,HOME-ESPR-700,Barista Touch Compact Espresso Machine,Home & Kitchen,383.65,185.0,0.0,15,5754.75,2979.75,0,0,4,1
2026-01-24,HOME-ESPR-700,Barista Touch Compact Espresso Machine,Home & Kitchen,383.05,185.0,0.0,12,4596.6,2376.6,1,0,5,1
2026-01-25,HOME-ESPR-700,Barista Touch Compact Espresso Machine,Home & Kitchen,392.19,185.0,0.0,11,4314.09,2279.09,1,0,6,1
2026-01-26,HOME-ESPR-700,Barista Touch Compact Espresso Machine,Home & Kitchen,383.68,185.0,0.0,14,5371.52,2781.52,0,0,0,1
2026-01-27,HOME-ESPR-700,Barista Touch Compact Espresso Machine,Home & Kitchen,381.66,185.0,0.0,11,4198.26,2163.26,0,0,1,1
2026-01-28,HOME-ESPR-700,Barista Touch Compact Espresso Machine,Home & Kitchen,381.75,185.0,0.0,12,4581.0,2361.0,0,0,2,1
2026-01-29,HOME-ESPR-700,Barista Touch Compact Espresso Machine,Home & Kitchen,381.7,185.0,0.0,11,4198.7,2163.7,0,0,3,1
2026-01-30,HOME-ESPR-700,Barista Touch Compact Espresso Machine,Home & Kitchen,389.64,185.0,0.0,17,6623.88,3478.88,0,0,4,1
2026-01-31,HOME-ESPR-700,Barista Touch Compact Espresso Machine,Home & Kitchen,291.75,185.0,25.0,23,6710.25,2455.25,1,0,5,1
2026-02-01,HOME-ESPR-700,Barista Touch Compact Espresso Machine,Home & Kitchen,382.88,185.0,0.0,9,3445.92,1780.92,1,0,6,2
2026-02-02,HOME-ESPR-700,Barista Touch Compact Espresso Machine,Home & Kitchen,389.4,185.0,0.0,13,5062.2,2657.2,0,0,0,2
2026-02-03,HOME-ESPR-700,Barista Touch Compact Espresso Machine,Home & Kitchen,395.65,185.0,0.0,13,5143.45,2738.45,0,0,1,2
2026-02-04,HOME-ESPR-700,Barista Touch Compact Espresso Machine,Home & Kitchen,391.61,185.0,0.0,12,4699.32,2479.32,0,0,2,2
2026-02-05,HOME-ESPR-700,Barista Touch Compact Espresso Machine,Home & Kitchen,396.12,185.0,0.0,8,3168.96,1688.96,0,0,3,2
2026-02-06,HOME-ESPR-700,Barista Touch Compact Espresso Machine,Home & Kitchen,385.77,185.0,0.0,16,6172.32,3212.32,0,0,4,2
2026-02-07,HOME-ESPR-700,Barista Touch Compact Espresso Machine,Home & Kitchen,384.47,185.0,0.0,11,4229.17,2194.17,1,0,5,2
2026-02-08,HOME-ESPR-700,Barista Touch Compact Espresso Machine,Home & Kitchen,388.35,185.0,0.0,17,6601.95,3456.95,1,0,6,2
2026-02-09,HOME-ESPR-700,Barista Touch Compact Espresso Machine,Home & Kitchen,390.72,185.0,0.0,12,4688.64,2468.64,0,0,0,2
2026-02-10,HOME-ESPR-700,Barista Touch Compact Espresso Machine,Home & Kitchen,382.9,185.0,0.0,11,4211.9,2176.9,0,0,1,2
2026-02-11,HOME-ESPR-700,Barista Touch Compact Espresso Machine,Home & Kitchen,395.21,185.0,0.0,12,4742.52,2522.52,0,0,2,2
2026-02-12,HOME-ESPR-700,Barista Touch Compact Espresso Machine,Home & Kitchen,291.75,185.0,25.0,15,4376.25,1601.25,0,0,3,2
2026-02-13,HOME-ESPR-700,Barista Touch Compact Espresso Machine,Home & Kitchen,384.74,185.0,0.0,14,5386.36,2796.36,0,1,4,2
2026-02-14,HOME-ESPR-700,Barista Touch Compact Espresso Machine,Home & Kitchen,383.17,185.0,0.0,15,5747.55,2972.55,1,1,5,2
2026-02-15,HOME-ESPR-700,Barista Touch Compact Espresso Machine,Home & Kitchen,391.71,185.0,0.0,16,6267.36,3307.36,1,1,6,2
2026-02-16,HOME-ESPR-700,Barista Touch Compact Espresso Machine,Home & Kitchen,391.13,185.0,0.0,20,7822.6,4122.6,0,0,0,2
2026-02-17,HOME-ESPR-700,Barista Touch Compact Espresso Machine,Home & Kitchen,311.2,185.0,20.0,12,3734.4,1514.4,0,0,1,2
2026-02-18,HOME-ESPR-700,Barista Touch Compact Espresso Machine,Home & Kitchen,388.64,185.0,0.0,16,6218.24,3258.24,0,0,2,2
2026-02-19,HOME-ESPR-700,Barista Touch Compact Espresso Machine,Home & Kitchen,391.52,185.0,0.0,10,3915.2,2065.2,0,0,3,2
2026-02-20,HOME-ESPR-700,Barista Touch Compact Espresso Machine,Home & Kitchen,381.72,185.0,0.0,14,5344.08,2754.08,0,0,4,2
2026-02-21,HOME-ESPR-700,Barista Touch Compact Espresso Machine,Home & Kitchen,386.61,185.0,0.0,11,4252.71,2217.71,1,0,5,2
2026-02-22,HOME-ESPR-700,Barista Touch Compact Espresso Machine,Home & Kitchen,382.06,185.0,0.0,7,2674.42,1379.42,1,0,6,2
2026-02-23,HOME-ESPR-700,Barista Touch Compact Espresso Machine,Home & Kitchen,385.15,185.0,0.0,13,5006.95,2601.95,0,0,0,2
2026-02-24,HOME-ESPR-700,Barista Touch Compact Espresso Machine,Home & Kitchen,393.24,185.0,0.0,8,3145.92,1665.92,0,0,1,2
2026-02-25,HOME-ESPR-700,Barista Touch Compact Espresso Machine,Home & Kitchen,381.67,185.0,0.0,6,2290.02,1180.02,0,0,2,2
2026-02-26,HOME-ESPR-700,Barista Touch Compact Espresso Machine,Home & Kitchen,391.91,185.0,0.0,9,3527.19,1862.19,0,0,3,2
2026-02-27,HOME-ESPR-700,Barista Touch Compact Espresso Machine,Home & Kitchen,388.03,185.0,0.0,10,3880.3,2030.3,0,0,4,2
2026-02-28,HOME-ESPR-700,Barista Touch Compact Espresso Machine,Home & Kitchen,392.94,185.0,0.0,13,5108.22,2703.22,1,0,5,2
2026-03-01,HOME-ESPR-700,Barista Touch Compact Espresso Machine,Home & Kitchen,394.88,185.0,0.0,11,4343.68,2308.68,1,0,6,3
2026-03-02,HOME-ESPR-700,Barista Touch Compact Espresso Machine,Home & Kitchen,383.62,185.0,0.0,9,3452.58,1787.58,0,0,0,3
2026-03-03,HOME-ESPR-700,Barista Touch Compact Espresso Machine,Home & Kitchen,330.65,185.0,15.0,10,3306.5,1456.5,0,0,1,3
2026-03-04,HOME-ESPR-700,Barista Touch Compact Espresso Machine,Home & Kitchen,390.22,185.0,0.0,8,3121.76,1641.76,0,0,2,3
2026-03-05,HOME-ESPR-700,Barista Touch Compact Espresso Machine,Home & Kitchen,391.05,185.0,0.0,10,3910.5,2060.5,0,0,3,3
2026-03-06,HOME-ESPR-700,Barista Touch Compact Espresso Machine,Home & Kitchen,394.89,185.0,0.0,18,7108.02,3778.02,0,0,4,3
2026-03-07,HOME-ESPR-700,Barista Touch Compact Espresso Machine,Home & Kitchen,381.77,185.0,0.0,20,7635.4,3935.4,1,0,5,3
2026-03-08,HOME-ESPR-700,Barista Touch Compact Espresso Machine,Home & Kitchen,382.79,185.0,0.0,15,5741.85,2966.85,1,0,6,3
2026-03-09,HOME-ESPR-700,Barista Touch Compact Espresso Machine,Home & Kitchen,393.27,185.0,0.0,7,2752.89,1457.89,0,0,0,3
2026-03-10,HOME-ESPR-700,Barista Touch Compact Espresso Machine,Home & Kitchen,383.65,185.0,0.0,13,4987.45,2582.45,0,0,1,3
2026-03-11,HOME-ESPR-700,Barista Touch Compact Espresso Machine,Home & Kitchen,387.81,185.0,0.0,17,6592.77,3447.77,0,0,2,3
2026-03-12,HOME-ESPR-700,Barista Touch Compact Espresso Machine,Home & Kitchen,393.72,185.0,0.0,8,3149.76,1669.76,0,0,3,3
2026-03-13,HOME-ESPR-700,Barista Touch Compact Espresso Machine,Home & Kitchen,389.3,185.0,0.0,15,5839.5,3064.5,0,0,4,3
2026-03-14,HOME-ESPR-700,Barista Touch Compact Espresso Machine,Home & Kitchen,395.95,185.0,0.0,12,4751.4,2531.4,1,0,5,3
2026-03-15,HOME-ESPR-700,Barista Touch Compact Espresso Machine,Home & Kitchen,390.74,185.0,0.0,13,5079.62,2674.62,1,0,6,3
2026-03-16,HOME-ESPR-700,Barista Touch Compact Espresso Machine,Home & Kitchen,388.17,185.0,0.0,8,3105.36,1625.36,0,0,0,3
2026-03-17,HOME-ESPR-700,Barista Touch Compact Espresso Machine,Home & Kitchen,382.39,185.0,0.0,9,3441.51,1776.51,0,0,1,3
2026-03-18,HOME-ESPR-700,Barista Touch Compact Espresso Machine,Home & Kitchen,394.25,185.0,0.0,7,2759.75,1464.75,0,0,2,3
2026-03-19,HOME-ESPR-700,Barista Touch Compact Espresso Machine,Home & Kitchen,387.32,185.0,0.0,12,4647.84,2427.84,0,0,3,3
2026-03-20,HOME-ESPR-700,Barista Touch Compact Espresso Machine,Home & Kitchen,389.83,185.0,0.0,18,7016.94,3686.94,0,0,4,3
2026-03-21,HOME-ESPR-700,Barista Touch Compact Espresso Machine,Home & Kitchen,390.62,185.0,0.0,14,5468.68,2878.68,1,0,5,3
2026-03-22,HOME-ESPR-700,Barista Touch Compact Espresso Machine,Home & Kitchen,395.59,185.0,0.0,15,5933.85,3158.85,1,0,6,3
2026-03-23,HOME-ESPR-700,Barista Touch Compact Espresso Machine,Home & Kitchen,382.14,185.0,0.0,16,6114.24,3154.24,0,0,0,3
2026-03-24,HOME-ESPR-700,Barista Touch Compact Espresso Machine,Home & Kitchen,385.21,185.0,0.0,15,5778.15,3003.15,0,0,1,3
2026-03-25,HOME-ESPR-700,Barista Touch Compact Espresso Machine,Home & Kitchen,395.6,185.0,0.0,20,7912.0,4212.0,0,0,2,3
2026-03-26,HOME-ESPR-700,Barista Touch Compact Espresso Machine,Home & Kitchen,383.95,185.0,0.0,18,6911.1,3581.1,0,0,3,3
2026-03-27,HOME-ESPR-700,Barista Touch Compact Espresso Machine,Home & Kitchen,393.3,185.0,0.0,16,6292.8,3332.8,0,0,4,3
2026-03-28,HOME-ESPR-700,Barista Touch Compact Espresso Machine,Home & Kitchen,390.89,185.0,0.0,15,5863.35,3088.35,1,0,5,3
2026-03-29,HOME-ESPR-700,Barista Touch Compact Espresso Machine,Home & Kitchen,388.87,185.0,0.0,9,3499.83,1834.83,1,0,6,3
2026-03-30,HOME-ESPR-700,Barista Touch Compact Espresso Machine,Home & Kitchen,391.77,185.0,0.0,11,4309.47,2274.47,0,0,0,3
2026-03-31,HOME-ESPR-700,Barista Touch Compact Espresso Machine,Home & Kitchen,383.85,185.0,0.0,10,3838.5,1988.5,0,0,1,3
2026-04-01,HOME-ESPR-700,Barista Touch Compact Espresso Machine,Home & Kitchen,386.45,185.0,0.0,10,3864.5,2014.5,0,0,2,4
2026-04-02,HOME-ESPR-700,Barista Touch Compact Espresso Machine,Home & Kitchen,388.48,185.0,0.0,10,3884.8,2034.8,0,0,3,4
2026-04-03,HOME-ESPR-700,Barista Touch Compact Espresso Machine,Home & Kitchen,386.75,185.0,0.0,11,4254.25,2219.25,0,0,4,4
2026-04-04,HOME-ESPR-700,Barista Touch Compact Espresso Machine,Home & Kitchen,386.24,185.0,0.0,9,3476.16,1811.16,1,0,5,4
2026-04-05,HOME-ESPR-700,Barista Touch Compact Espresso Machine,Home & Kitchen,390.64,185.0,0.0,16,6250.24,3290.24,1,0,6,4
2026-04-06,HOME-ESPR-700,Barista Touch Compact Espresso Machine,Home & Kitchen,393.08,185.0,0.0,6,2358.48,1248.48,0,0,0,4
2026-04-07,HOME-ESPR-700,Barista Touch Compact Espresso Machine,Home & Kitchen,383.3,185.0,0.0,16,6132.8,3172.8,0,0,1,4
2026-04-08,HOME-ESPR-700,Barista Touch Compact Espresso Machine,Home & Kitchen,382.5,185.0,0.0,13,4972.5,2567.5,0,0,2,4
2026-04-09,HOME-ESPR-700,Barista Touch Compact Espresso Machine,Home & Kitchen,393.29,185.0,0.0,14,5506.06,2916.06,0,0,3,4
2026-04-10,HOME-ESPR-700,Barista Touch Compact Espresso Machine,Home & Kitchen,387.05,185.0,0.0,13,5031.65,2626.65,0,0,4,4
2026-04-11,HOME-ESPR-700,Barista Touch Compact Espresso Machine,Home & Kitchen,396.11,185.0,0.0,17,6733.87,3588.87,1,0,5,4
2026-04-12,HOME-ESPR-700,Barista Touch Compact Espresso Machine,Home & Kitchen,388.02,185.0,0.0,18,6984.36,3654.36,1,0,6,4
2026-04-13,HOME-ESPR-700,Barista Touch Compact Espresso Machine,Home & Kitchen,382.29,185.0,0.0,8,3058.32,1578.32,0,0,0,4
2026-04-14,HOME-ESPR-700,Barista Touch Compact Espresso Machine,Home & Kitchen,391.31,185.0,0.0,14,5478.34,2888.34,0,1,1,4
2026-04-15,HOME-ESPR-700,Barista Touch Compact Espresso Machine,Home & Kitchen,394.26,185.0,0.0,23,9067.98,4812.98,0,1,2,4
2026-04-16,HOME-ESPR-700,Barista Touch Compact Espresso Machine,Home & Kitchen,382.43,185.0,0.0,17,6501.31,3356.31,0,1,3,4
2026-04-17,HOME-ESPR-700,Barista Touch Compact Espresso Machine,Home & Kitchen,392.56,185.0,0.0,11,4318.16,2283.16,0,0,4,4
2026-04-18,HOME-ESPR-700,Barista Touch Compact Espresso Machine,Home & Kitchen,393.36,185.0,0.0,14,5507.04,2917.04,1,0,5,4
2026-04-19,HOME-ESPR-700,Barista Touch Compact Espresso Machine,Home & Kitchen,395.04,185.0,0.0,14,5530.56,2940.56,1,0,6,4
2026-04-20,HOME-ESPR-700,Barista Touch Compact Espresso Machine,Home & Kitchen,395.06,185.0,0.0,13,5135.78,2730.78,0,0,0,4
2026-04-21,HOME-ESPR-700,Barista Touch Compact Espresso Machine,Home & Kitchen,387.93,185.0,0.0,19,7370.67,3855.67,0,0,1,4
2026-04-22,HOME-ESPR-700,Barista Touch Compact Espresso Machine,Home & Kitchen,386.07,185.0,0.0,10,3860.7,2010.7,0,0,2,4
2026-04-23,HOME-ESPR-700,Barista Touch Compact Espresso Machine,Home & Kitchen,388.51,185.0,0.0,11,4273.61,2238.61,0,0,3,4
2026-04-24,HOME-ESPR-700,Barista Touch Compact Espresso Machine,Home & Kitchen,391.64,185.0,0.0,13,5091.32,2686.32,0,0,4,4
2026-04-25,HOME-ESPR-700,Barista Touch Compact Espresso Machine,Home & Kitchen,381.41,185.0,0.0,15,5721.15,2946.15,1,0,5,4
2026-04-26,HOME-ESPR-700,Barista Touch Compact Espresso Machine,Home & Kitchen,395.33,185.0,0.0,20,7906.6,4206.6,1,0,6,4
2026-04-27,HOME-ESPR-700,Barista Touch Compact Espresso Machine,Home & Kitchen,391.2,185.0,0.0,5,1956.0,1031.0,0,0,0,4
2026-04-28,HOME-ESPR-700,Barista Touch Compact Espresso Machine,Home & Kitchen,390.22,185.0,0.0,13,5072.86,2667.86,0,0,1,4
2026-04-29,HOME-ESPR-700,Barista Touch Compact Espresso Machine,Home & Kitchen,381.98,185.0,0.0,7,2673.86,1378.86,0,0,2,4
2026-04-30,HOME-ESPR-700,Barista Touch Compact Espresso Machine,Home & Kitchen,382.64,185.0,0.0,9,3443.76,1778.76,0,0,3,4
2026-05-01,HOME-ESPR-700,Barista Touch Compact Espresso Machine,Home & Kitchen,394.15,185.0,0.0,14,5518.1,2928.1,0,0,4,5
2026-05-02,HOME-ESPR-700,Barista Touch Compact Espresso Machine,Home & Kitchen,384.33,185.0,0.0,23,8839.59,4584.59,1,0,5,5
2026-05-03,HOME-ESPR-700,Barista Touch Compact Espresso Machine,Home & Kitchen,391.34,185.0,0.0,10,3913.4,2063.4,1,0,6,5
2026-05-04,HOME-ESPR-700,Barista Touch Compact Espresso Machine,Home & Kitchen,382.03,185.0,0.0,9,3438.27,1773.27,0,0,0,5
2026-05-05,HOME-ESPR-700,Barista Touch Compact Espresso Machine,Home & Kitchen,396.08,185.0,0.0,11,4356.88,2321.88,0,0,1,5
2026-05-06,HOME-ESPR-700,Barista Touch Compact Espresso Machine,Home & Kitchen,388.74,185.0,0.0,15,5831.1,3056.1,0,0,2,5
2026-05-07,HOME-ESPR-700,Barista Touch Compact Espresso Machine,Home & Kitchen,393.41,185.0,0.0,12,4720.92,2500.92,0,0,3,5
2026-05-08,HOME-ESPR-700,Barista Touch Compact Espresso Machine,Home & Kitchen,386.3,185.0,0.0,8,3090.4,1610.4,0,0,4,5
2026-05-09,HOME-ESPR-700,Barista Touch Compact Espresso Machine,Home & Kitchen,383.52,185.0,0.0,22,8437.44,4367.44,1,0,5,5
2026-05-10,HOME-ESPR-700,Barista Touch Compact Espresso Machine,Home & Kitchen,330.65,185.0,15.0,20,6613.0,2913.0,1,0,6,5
2026-05-11,HOME-ESPR-700,Barista Touch Compact Espresso Machine,Home & Kitchen,395.77,185.0,0.0,14,5540.78,2950.78,0,0,0,5
2026-05-12,HOME-ESPR-700,Barista Touch Compact Espresso Machine,Home & Kitchen,350.1,185.0,10.0,7,2450.7,1155.7,0,0,1,5
2026-05-13,HOME-ESPR-700,Barista Touch Compact Espresso Machine,Home & Kitchen,389.8,185.0,0.0,12,4677.6,2457.6,0,0,2,5
2026-05-14,HOME-ESPR-700,Barista Touch Compact Espresso Machine,Home & Kitchen,394.04,185.0,0.0,8,3152.32,1672.32,0,0,3,5
2026-05-15,HOME-ESPR-700,Barista Touch Compact Espresso Machine,Home & Kitchen,383.22,185.0,0.0,14,5365.08,2775.08,0,0,4,5
2026-05-16,HOME-ESPR-700,Barista Touch Compact Espresso Machine,Home & Kitchen,392.69,185.0,0.0,17,6675.73,3530.73,1,0,5,5
2026-05-17,HOME-ESPR-700,Barista Touch Compact Espresso Machine,Home & Kitchen,391.14,185.0,0.0,13,5084.82,2679.82,1,0,6,5
2026-05-18,HOME-ESPR-700,Barista Touch Compact Espresso Machine,Home & Kitchen,384.17,185.0,0.0,8,3073.36,1593.36,0,0,0,5
2026-05-19,HOME-ESPR-700,Barista Touch Compact Espresso Machine,Home & Kitchen,391.89,185.0,0.0,7,2743.23,1448.23,0,0,1,5
2026-05-20,HOME-ESPR-700,Barista Touch Compact Espresso Machine,Home & Kitchen,390.02,185.0,0.0,10,3900.2,2050.2,0,0,2,5
2026-05-21,HOME-ESPR-700,Barista Touch Compact Espresso Machine,Home & Kitchen,387.46,185.0,0.0,9,3487.14,1822.14,0,0,3,5
2026-05-22,HOME-ESPR-700,Barista Touch Compact Espresso Machine,Home & Kitchen,394.5,185.0,0.0,17,6706.5,3561.5,0,0,4,5
2026-05-23,HOME-ESPR-700,Barista Touch Compact Espresso Machine,Home & Kitchen,389.72,185.0,0.0,19,7404.68,3889.68,1,0,5,5
2026-05-24,HOME-ESPR-700,Barista Touch Compact Espresso Machine,Home & Kitchen,390.1,185.0,0.0,15,5851.5,3076.5,1,0,6,5
2026-05-25,HOME-ESPR-700,Barista Touch Compact Espresso Machine,Home & Kitchen,389.27,185.0,0.0,16,6228.32,3268.32,0,0,0,5
2026-05-26,HOME-ESPR-700,Barista Touch Compact Espresso Machine,Home & Kitchen,384.16,185.0,0.0,5,1920.8,995.8,0,0,1,5
2026-05-27,HOME-ESPR-700,Barista Touch Compact Espresso Machine,Home & Kitchen,381.46,185.0,0.0,15,5721.9,2946.9,0,1,2,5
2026-05-28,HOME-ESPR-700,Barista Touch Compact Espresso Machine,Home & Kitchen,387.06,185.0,0.0,15,5805.9,3030.9,0,1,3,5
2026-05-29,HOME-ESPR-700,Barista Touch Compact Espresso Machine,Home & Kitchen,389.17,185.0,0.0,16,6226.72,3266.72,0,1,4,5
2026-05-30,HOME-ESPR-700,Barista Touch Compact Espresso Machine,Home & Kitchen,383.63,185.0,0.0,18,6905.34,3575.34,1,0,5,5
2026-05-31,HOME-ESPR-700,Barista Touch Compact Espresso Machine,Home & Kitchen,381.88,185.0,0.0,15,5728.2,2953.2,1,0,6,5
2026-06-01,HOME-ESPR-700,Barista Touch Compact Espresso Machine,Home & Kitchen,393.53,185.0,0.0,12,4722.36,2502.36,0,0,0,6
2026-06-02,HOME-ESPR-700,Barista Touch Compact Espresso Machine,Home & Kitchen,393.53,185.0,0.0,12,4722.36,2502.36,0,0,1,6
2026-06-03,HOME-ESPR-700,Barista Touch Compact Espresso Machine,Home & Kitchen,350.1,185.0,10.0,8,2800.8,1320.8,0,0,2,6
2026-06-04,HOME-ESPR-700,Barista Touch Compact Espresso Machine,Home & Kitchen,394.77,185.0,0.0,16,6316.32,3356.32,0,0,3,6
2026-06-05,HOME-ESPR-700,Barista Touch Compact Espresso Machine,Home & Kitchen,393.38,185.0,0.0,14,5507.32,2917.32,0,0,4,6
2026-06-06,HOME-ESPR-700,Barista Touch Compact Espresso Machine,Home & Kitchen,386.65,185.0,0.0,15,5799.75,3024.75,1,0,5,6
2026-06-07,HOME-ESPR-700,Barista Touch Compact Espresso Machine,Home & Kitchen,388.28,185.0,0.0,12,4659.36,2439.36,1,0,6,6
2026-06-08,HOME-ESPR-700,Barista Touch Compact Espresso Machine,Home & Kitchen,291.75,185.0,25.0,23,6710.25,2455.25,0,0,0,6
2026-06-09,HOME-ESPR-700,Barista Touch Compact Espresso Machine,Home & Kitchen,389.72,185.0,0.0,11,4286.92,2251.92,0,0,1,6
2026-06-10,HOME-ESPR-700,Barista Touch Compact Espresso Machine,Home & Kitchen,382.11,185.0,0.0,12,4585.32,2365.32,0,0,2,6
2026-06-11,HOME-ESPR-700,Barista Touch Compact Espresso Machine,Home & Kitchen,387.26,185.0,0.0,12,4647.12,2427.12,0,0,3,6
2026-06-12,HOME-ESPR-700,Barista Touch Compact Espresso Machine,Home & Kitchen,388.34,185.0,0.0,16,6213.44,3253.44,0,0,4,6
2026-06-13,HOME-ESPR-700,Barista Touch Compact Espresso Machine,Home & Kitchen,390.27,185.0,0.0,15,5854.05,3079.05,1,0,5,6
2026-06-14,HOME-ESPR-700,Barista Touch Compact Espresso Machine,Home & Kitchen,392.11,185.0,0.0,9,3528.99,1863.99,1,0,6,6
2026-06-15,HOME-ESPR-700,Barista Touch Compact Espresso Machine,Home & Kitchen,395.48,185.0,0.0,10,3954.8,2104.8,0,0,0,6
2026-06-16,HOME-ESPR-700,Barista Touch Compact Espresso Machine,Home & Kitchen,394.0,185.0,0.0,12,4728.0,2508.0,0,0,1,6
2026-06-17,HOME-ESPR-700,Barista Touch Compact Espresso Machine,Home & Kitchen,386.06,185.0,0.0,10,3860.6,2010.6,0,0,2,6
2026-06-18,HOME-ESPR-700,Barista Touch Compact Espresso Machine,Home & Kitchen,392.2,185.0,0.0,20,7844.0,4144.0,0,0,3,6
2026-06-19,HOME-ESPR-700,Barista Touch Compact Espresso Machine,Home & Kitchen,388.51,185.0,0.0,12,4662.12,2442.12,0,0,4,6
2026-06-20,HOME-ESPR-700,Barista Touch Compact Espresso Machine,Home & Kitchen,387.49,185.0,0.0,16,6199.84,3239.84,1,0,5,6
2026-06-21,HOME-ESPR-700,Barista Touch Compact Espresso Machine,Home & Kitchen,385.84,185.0,0.0,20,7716.8,4016.8,1,0,6,6
2026-06-22,HOME-ESPR-700,Barista Touch Compact Espresso Machine,Home & Kitchen,394.79,185.0,0.0,10,3947.9,2097.9,0,0,0,6
2026-06-23,HOME-ESPR-700,Barista Touch Compact Espresso Machine,Home & Kitchen,395.17,185.0,0.0,10,3951.7,2101.7,0,0,1,6
2026-06-24,HOME-ESPR-700,Barista Touch Compact Espresso Machine,Home & Kitchen,386.37,185.0,0.0,21,8113.77,4228.77,0,0,2,6
2026-06-25,HOME-ESPR-700,Barista Touch Compact Espresso Machine,Home & Kitchen,390.01,185.0,0.0,12,4680.12,2460.12,0,0,3,6
2026-06-26,HOME-ESPR-700,Barista Touch Compact Espresso Machine,Home & Kitchen,384.23,185.0,0.0,16,6147.68,3187.68,0,0,4,6
2026-06-27,HOME-ESPR-700,Barista Touch Compact Espresso Machine,Home & Kitchen,381.99,185.0,0.0,24,9167.76,4727.76,1,0,5,6
2026-06-28,HOME-ESPR-700,Barista Touch Compact Espresso Machine,Home & Kitchen,350.1,185.0,10.0,20,7002.0,3302.0,1,0,6,6
2026-06-29,HOME-ESPR-700,Barista Touch Compact Espresso Machine,Home & Kitchen,385.83,185.0,0.0,11,4244.13,2209.13,0,0,0,6
2026-06-30,HOME-ESPR-700,Barista Touch Compact Espresso Machine,Home & Kitchen,385.99,185.0,0.0,12,4631.88,2411.88,0,0,1,6
2026-07-01,HOME-ESPR-700,Barista Touch Compact Espresso Machine,Home & Kitchen,392.63,185.0,0.0,11,4318.93,2283.93,0,0,2,7
2026-07-02,HOME-ESPR-700,Barista Touch Compact Espresso Machine,Home & Kitchen,383.0,185.0,0.0,15,5745.0,2970.0,0,0,3,7
2026-07-03,HOME-ESPR-700,Barista Touch Compact Espresso Machine,Home & Kitchen,393.44,185.0,0.0,12,4721.28,2501.28,0,0,4,7
2026-07-04,HOME-ESPR-700,Barista Touch Compact Espresso Machine,Home & Kitchen,387.17,185.0,0.0,16,6194.72,3234.72,1,0,5,7
2026-07-05,HOME-ESPR-700,Barista Touch Compact Espresso Machine,Home & Kitchen,393.42,185.0,0.0,13,5114.46,2709.46,1,0,6,7
2026-07-06,HOME-ESPR-700,Barista Touch Compact Espresso Machine,Home & Kitchen,383.26,185.0,0.0,14,5365.64,2775.64,0,0,0,7
2026-07-07,HOME-ESPR-700,Barista Touch Compact Espresso Machine,Home & Kitchen,350.1,185.0,10.0,13,4551.3,2146.3,0,0,1,7
2026-07-08,HOME-ESPR-700,Barista Touch Compact Espresso Machine,Home & Kitchen,389.06,185.0,0.0,8,3112.48,1632.48,0,0,2,7
2026-07-09,HOME-ESPR-700,Barista Touch Compact Espresso Machine,Home & Kitchen,382.76,185.0,0.0,14,5358.64,2768.64,0,0,3,7
2026-07-10,HOME-ESPR-700,Barista Touch Compact Espresso Machine,Home & Kitchen,383.71,185.0,0.0,9,3453.39,1788.39,0,0,4,7
2026-07-11,HOME-ESPR-700,Barista Touch Compact Espresso Machine,Home & Kitchen,394.32,185.0,0.0,37,14589.84,7744.84,1,1,5,7
2026-07-12,HOME-ESPR-700,Barista Touch Compact Espresso Machine,Home & Kitchen,391.09,185.0,0.0,29,11341.61,5976.61,1,1,6,7
2026-07-13,HOME-ESPR-700,Barista Touch Compact Espresso Machine,Home & Kitchen,391.6,185.0,0.0,16,6265.6,3305.6,0,1,0,7
2026-07-14,HOME-ESPR-700,Barista Touch Compact Espresso Machine,Home & Kitchen,311.2,185.0,20.0,14,4356.8,1766.8,0,0,1,7
2026-07-15,HOME-ESPR-700,Barista Touch Compact Espresso Machine,Home & Kitchen,390.95,185.0,0.0,12,4691.4,2471.4,0,0,2,7
2026-07-16,HOME-ESPR-700,Barista Touch Compact Espresso Machine,Home & Kitchen,388.59,185.0,0.0,15,5828.85,3053.85,0,0,3,7
2026-07-17,HOME-ESPR-700,Barista Touch Compact Espresso Machine,Home & Kitchen,330.65,185.0,15.0,20,6613.0,2913.0,0,0,4,7
2026-07-18,HOME-ESPR-700,Barista Touch Compact Espresso Machine,Home & Kitchen,383.19,185.0,0.0,16,6131.04,3171.04,1,0,5,7
2026-07-19,HOME-ESPR-700,Barista Touch Compact Espresso Machine,Home & Kitchen,291.75,185.0,25.0,24,7002.0,2562.0,1,0,6,7
2026-07-20,HOME-ESPR-700,Barista Touch Compact Espresso Machine,Home & Kitchen,393.32,185.0,0.0,8,3146.56,1666.56,0,0,0,7
2026-07-21,HOME-ESPR-700,Barista Touch Compact Espresso Machine,Home & Kitchen,330.65,185.0,15.0,9,2975.85,1310.85,0,0,1,7
2026-07-22,HOME-ESPR-700,Barista Touch Compact Espresso Machine,Home & Kitchen,392.21,185.0,0.0,16,6275.36,3315.36,0,0,2,7
2026-07-23,HOME-ESPR-700,Barista Touch Compact Espresso Machine,Home & Kitchen,394.82,185.0,0.0,15,5922.3,3147.3,0,0,3,7
2026-07-24,HOME-ESPR-700,Barista Touch Compact Espresso Machine,Home & Kitchen,390.01,185.0,0.0,18,7020.18,3690.18,0,0,4,7
2026-07-25,HOME-ESPR-700,Barista Touch Compact Espresso Machine,Home & Kitchen,382.72,185.0,0.0,19,7271.68,3756.68,1,0,5,7
2026-07-26,HOME-ESPR-700,Barista Touch Compact Espresso Machine,Home & Kitchen,385.68,185.0,0.0,14,5399.52,2809.52,1,0,6,7
2026-07-27,HOME-ESPR-700,Barista Touch Compact Espresso Machine,Home & Kitchen,385.55,185.0,0.0,7,2698.85,1403.85,0,0,0,7
2026-07-28,HOME-ESPR-700,Barista Touch Compact Espresso Machine,Home & Kitchen,383.93,185.0,0.0,16,6142.88,3182.88,0,0,1,7
2026-07-29,HOME-ESPR-700,Barista Touch Compact Espresso Machine,Home & Kitchen,392.34,185.0,0.0,9,3531.06,1866.06,0,0,2,7
2026-07-30,HOME-ESPR-700,Barista Touch Compact Espresso Machine,Home & Kitchen,382.03,185.0,0.0,10,3820.3,1970.3,0,0,3,7
2026-07-31,HOME-ESPR-700,Barista Touch Compact Espresso Machine,Home & Kitchen,382.55,185.0,0.0,17,6503.35,3358.35,0,0,4,7
2026-08-01,HOME-ESPR-700,Barista Touch Compact Espresso Machine,Home & Kitchen,381.96,185.0,0.0,24,9167.04,4727.04,1,0,5,8
2026-08-02,HOME-ESPR-700,Barista Touch Compact Espresso Machine,Home & Kitchen,385.07,185.0,0.0,14,5390.98,2800.98,1,0,6,8
2026-08-03,HOME-ESPR-700,Barista Touch Compact Espresso Machine,Home & Kitchen,394.85,185.0,0.0,10,3948.5,2098.5,0,0,0,8
2026-08-04,HOME-ESPR-700,Barista Touch Compact Espresso Machine,Home & Kitchen,395.72,185.0,0.0,7,2770.04,1475.04,0,0,1,8
2026-08-05,HOME-ESPR-700,Barista Touch Compact Espresso Machine,Home & Kitchen,384.62,185.0,0.0,13,5000.06,2595.06,0,0,2,8
2026-08-06,HOME-ESPR-700,Barista Touch Compact Espresso Machine,Home & Kitchen,311.2,185.0,20.0,15,4668.0,1893.0,0,0,3,8
2026-08-07,HOME-ESPR-700,Barista Touch Compact Espresso Machine,Home & Kitchen,391.49,185.0,0.0,17,6655.33,3510.33,0,0,4,8
2026-08-08,HOME-ESPR-700,Barista Touch Compact Espresso Machine,Home & Kitchen,394.96,185.0,0.0,11,4344.56,2309.56,1,0,5,8
2026-08-09,HOME-ESPR-700,Barista Touch Compact Espresso Machine,Home & Kitchen,330.65,185.0,15.0,13,4298.45,1893.45,1,0,6,8
2026-08-10,HOME-ESPR-700,Barista Touch Compact Espresso Machine,Home & Kitchen,395.03,185.0,0.0,8,3160.24,1680.24,0,0,0,8
2026-08-11,HOME-ESPR-700,Barista Touch Compact Espresso Machine,Home & Kitchen,394.38,185.0,0.0,12,4732.56,2512.56,0,0,1,8
2026-08-12,HOME-ESPR-700,Barista Touch Compact Espresso Machine,Home & Kitchen,384.55,185.0,0.0,14,5383.7,2793.7,0,0,2,8
2026-08-13,HOME-ESPR-700,Barista Touch Compact Espresso Machine,Home & Kitchen,311.2,185.0,20.0,19,5912.8,2397.8,0,0,3,8
2026-08-14,HOME-ESPR-700,Barista Touch Compact Espresso Machine,Home & Kitchen,385.12,185.0,0.0,10,3851.2,2001.2,0,0,4,8
2026-08-15,HOME-ESPR-700,Barista Touch Compact Espresso Machine,Home & Kitchen,385.64,185.0,0.0,19,7327.16,3812.16,1,0,5,8
2026-08-16,HOME-ESPR-700,Barista Touch Compact Espresso Machine,Home & Kitchen,392.92,185.0,0.0,6,2357.52,1247.52,1,0,6,8
2026-08-17,HOME-ESPR-700,Barista Touch Compact Espresso Machine,Home & Kitchen,393.54,185.0,0.0,14,5509.56,2919.56,0,0,0,8
2026-08-18,HOME-ESPR-700,Barista Touch Compact Espresso Machine,Home & Kitchen,382.0,185.0,0.0,13,4966.0,2561.0,0,0,1,8
2026-08-19,HOME-ESPR-700,Barista Touch Compact Espresso Machine,Home & Kitchen,386.15,185.0,0.0,13,5019.95,2614.95,0,0,2,8
2026-08-20,HOME-ESPR-700,Barista Touch Compact Espresso Machine,Home & Kitchen,382.66,185.0,0.0,7,2678.62,1383.62,0,0,3,8
2026-08-21,HOME-ESPR-700,Barista Touch Compact Espresso Machine,Home & Kitchen,390.76,185.0,0.0,10,3907.6,2057.6,0,0,4,8
2026-08-22,HOME-ESPR-700,Barista Touch Compact Espresso Machine,Home & Kitchen,381.71,185.0,0.0,17,6489.07,3344.07,1,0,5,8
2026-08-23,HOME-ESPR-700,Barista Touch Compact Espresso Machine,Home & Kitchen,383.1,185.0,0.0,12,4597.2,2377.2,1,0,6,8
2026-08-24,HOME-ESPR-700,Barista Touch Compact Espresso Machine,Home & Kitchen,384.61,185.0,0.0,10,3846.1,1996.1,0,0,0,8
2026-08-25,HOME-ESPR-700,Barista Touch Compact Espresso Machine,Home & Kitchen,291.75,185.0,25.0,24,7002.0,2562.0,0,0,1,8
2026-08-26,HOME-ESPR-700,Barista Touch Compact Espresso Machine,Home & Kitchen,392.64,185.0,0.0,19,7460.16,3945.16,0,0,2,8
2026-08-27,HOME-ESPR-700,Barista Touch Compact Espresso Machine,Home & Kitchen,381.31,185.0,0.0,16,6100.96,3140.96,0,0,3,8
2026-08-28,HOME-ESPR-700,Barista Touch Compact Espresso Machine,Home & Kitchen,291.75,185.0,25.0,22,6418.5,2348.5,0,0,4,8
2026-08-29,HOME-ESPR-700,Barista Touch Compact Espresso Machine,Home & Kitchen,382.69,185.0,0.0,14,5357.66,2767.66,1,0,5,8
2026-08-30,HOME-ESPR-700,Barista Touch Compact Espresso Machine,Home & Kitchen,382.94,185.0,0.0,19,7275.86,3760.86,1,0,6,8
2026-08-31,HOME-ESPR-700,Barista Touch Compact Espresso Machine,Home & Kitchen,393.56,185.0,0.0,13,5116.28,2711.28,0,0,0,8
2026-09-01,HOME-ESPR-700,Barista Touch Compact Espresso Machine,Home & Kitchen,391.6,185.0,0.0,11,4307.6,2272.6,0,0,1,9
2026-09-02,HOME-ESPR-700,Barista Touch Compact Espresso Machine,Home & Kitchen,392.58,185.0,0.0,9,3533.22,1868.22,0,0,2,9
2026-09-03,HOME-ESPR-700,Barista Touch Compact Espresso Machine,Home & Kitchen,387.96,185.0,0.0,12,4655.52,2435.52,0,1,3,9
2026-09-04,HOME-ESPR-700,Barista Touch Compact Espresso Machine,Home & Kitchen,383.73,185.0,0.0,23,8825.79,4570.79,0,1,4,9
2026-09-05,HOME-ESPR-700,Barista Touch Compact Espresso Machine,Home & Kitchen,390.76,185.0,0.0,25,9769.0,5144.0,1,1,5,9
2026-09-06,HOME-ESPR-700,Barista Touch Compact Espresso Machine,Home & Kitchen,384.23,185.0,0.0,11,4226.53,2191.53,1,0,6,9
2026-09-07,HOME-ESPR-700,Barista Touch Compact Espresso Machine,Home & Kitchen,390.78,185.0,0.0,7,2735.46,1440.46,0,0,0,9
2026-09-08,HOME-ESPR-700,Barista Touch Compact Espresso Machine,Home & Kitchen,383.1,185.0,0.0,12,4597.2,2377.2,0,0,1,9
2026-09-09,HOME-ESPR-700,Barista Touch Compact Espresso Machine,Home & Kitchen,381.51,185.0,0.0,10,3815.1,1965.1,0,0,2,9
2026-09-10,HOME-ESPR-700,Barista Touch Compact Espresso Machine,Home & Kitchen,392.03,185.0,0.0,11,4312.33,2277.33,0,0,3,9
2026-09-11,HOME-ESPR-700,Barista Touch Compact Espresso Machine,Home & Kitchen,389.33,185.0,0.0,27,10511.91,5516.91,0,0,4,9
2026-09-12,HOME-ESPR-700,Barista Touch Compact Espresso Machine,Home & Kitchen,390.57,185.0,0.0,15,5858.55,3083.55,1,0,5,9
2026-09-13,HOME-ESPR-700,Barista Touch Compact Espresso Machine,Home & Kitchen,392.89,185.0,0.0,11,4321.79,2286.79,1,0,6,9
2026-09-14,HOME-ESPR-700,Barista Touch Compact Espresso Machine,Home & Kitchen,387.05,185.0,0.0,8,3096.4,1616.4,0,0,0,9
2026-09-15,HOME-ESPR-700,Barista Touch Compact Espresso Machine,Home & Kitchen,388.59,185.0,0.0,7,2720.13,1425.13,0,0,1,9
2026-09-16,HOME-ESPR-700,Barista Touch Compact Espresso Machine,Home & Kitchen,395.16,185.0,0.0,6,2370.96,1260.96,0,0,2,9
2026-09-17,HOME-ESPR-700,Barista Touch Compact Espresso Machine,Home & Kitchen,392.9,185.0,0.0,13,5107.7,2702.7,0,0,3,9
2026-09-18,HOME-ESPR-700,Barista Touch Compact Espresso Machine,Home & Kitchen,387.39,185.0,0.0,12,4648.68,2428.68,0,0,4,9
2026-09-19,HOME-ESPR-700,Barista Touch Compact Espresso Machine,Home & Kitchen,387.66,185.0,0.0,17,6590.22,3445.22,1,0,5,9
2026-09-20,HOME-ESPR-700,Barista Touch Compact Espresso Machine,Home & Kitchen,311.2,185.0,20.0,16,4979.2,2019.2,1,0,6,9
2026-09-21,HOME-ESPR-700,Barista Touch Compact Espresso Machine,Home & Kitchen,396.76,185.0,0.0,9,3570.84,1905.84,0,0,0,9
2026-09-22,HOME-ESPR-700,Barista Touch Compact Espresso Machine,Home & Kitchen,393.56,185.0,0.0,11,4329.16,2294.16,0,0,1,9
2026-09-23,HOME-ESPR-700,Barista Touch Compact Espresso Machine,Home & Kitchen,395.95,185.0,0.0,5,1979.75,1054.75,0,0,2,9
2026-09-24,HOME-ESPR-700,Barista Touch Compact Espresso Machine,Home & Kitchen,387.82,185.0,0.0,12,4653.84,2433.84,0,0,3,9
2026-09-25,HOME-ESPR-700,Barista Touch Compact Espresso Machine,Home & Kitchen,391.93,185.0,0.0,23,9014.39,4759.39,0,0,4,9
2026-09-26,HOME-ESPR-700,Barista Touch Compact Espresso Machine,Home & Kitchen,389.36,185.0,0.0,11,4282.96,2247.96,1,0,5,9
2026-09-27,HOME-ESPR-700,Barista Touch Compact Espresso Machine,Home & Kitchen,389.59,185.0,0.0,14,5454.26,2864.26,1,0,6,9
2026-09-28,HOME-ESPR-700,Barista Touch Compact Espresso Machine,Home & Kitchen,391.65,185.0,0.0,6,2349.9,1239.9,0,0,0,9
2026-09-29,HOME-ESPR-700,Barista Touch Compact Espresso Machine,Home & Kitchen,386.5,185.0,0.0,11,4251.5,2216.5,0,0,1,9
2026-09-30,HOME-ESPR-700,Barista Touch Compact Espresso Machine,Home & Kitchen,350.1,185.0,10.0,8,2800.8,1320.8,0,0,2,9
2026-10-01,HOME-ESPR-700,Barista Touch Compact Espresso Machine,Home & Kitchen,394.46,185.0,0.0,14,5522.44,2932.44,0,0,3,10
2026-10-02,HOME-ESPR-700,Barista Touch Compact Espresso Machine,Home & Kitchen,394.49,185.0,0.0,12,4733.88,2513.88,0,0,4,10
2026-10-03,HOME-ESPR-700,Barista Touch Compact Espresso Machine,Home & Kitchen,389.49,185.0,0.0,19,7400.31,3885.31,1,0,5,10
2026-10-04,HOME-ESPR-700,Barista Touch Compact Espresso Machine,Home & Kitchen,382.18,185.0,0.0,14,5350.52,2760.52,1,0,6,10
2025-10-05,HOME-AIRP-800,AeroPure Smart H13 HEPA Air Purifier,Home & Kitchen,97.49,52.0,25.0,38,3704.62,1728.62,1,0,6,10
2025-10-06,HOME-AIRP-800,AeroPure Smart H13 HEPA Air Purifier,Home & Kitchen,130.98,52.0,0.0,19,2488.62,1500.62,0,0,0,10
2025-10-07,HOME-AIRP-800,AeroPure Smart H13 HEPA Air Purifier,Home & Kitchen,128.75,52.0,0.0,19,2446.25,1458.25,0,0,1,10
2025-10-08,HOME-AIRP-800,AeroPure Smart H13 HEPA Air Purifier,Home & Kitchen,132.25,52.0,0.0,19,2512.75,1524.75,0,0,2,10
2025-10-09,HOME-AIRP-800,AeroPure Smart H13 HEPA Air Purifier,Home & Kitchen,129.42,52.0,0.0,36,4659.12,2787.12,0,0,3,10
2025-10-10,HOME-AIRP-800,AeroPure Smart H13 HEPA Air Purifier,Home & Kitchen,131.44,52.0,0.0,34,4468.96,2700.96,0,0,4,10
2025-10-11,HOME-AIRP-800,AeroPure Smart H13 HEPA Air Purifier,Home & Kitchen,129.36,52.0,0.0,36,4656.96,2784.96,1,0,5,10
2025-10-12,HOME-AIRP-800,AeroPure Smart H13 HEPA Air Purifier,Home & Kitchen,132.01,52.0,0.0,26,3432.26,2080.26,1,0,6,10
2025-10-13,HOME-AIRP-800,AeroPure Smart H13 HEPA Air Purifier,Home & Kitchen,131.71,52.0,0.0,17,2239.07,1355.07,0,0,0,10
2025-10-14,HOME-AIRP-800,AeroPure Smart H13 HEPA Air Purifier,Home & Kitchen,130.49,52.0,0.0,28,3653.72,2197.72,0,0,1,10
2025-10-15,HOME-AIRP-800,AeroPure Smart H13 HEPA Air Purifier,Home & Kitchen,110.49,52.0,15.0,27,2983.23,1579.23,0,0,2,10
2025-10-16,HOME-AIRP-800,AeroPure Smart H13 HEPA Air Purifier,Home & Kitchen,127.49,52.0,0.0,19,2422.31,1434.31,0,0,3,10
2025-10-17,HOME-AIRP-800,AeroPure Smart H13 HEPA Air Purifier,Home & Kitchen,131.3,52.0,0.0,30,3939.0,2379.0,0,0,4,10
2025-10-18,HOME-AIRP-800,AeroPure Smart H13 HEPA Air Purifier,Home & Kitchen,130.15,52.0,0.0,38,4945.7,2969.7,1,0,5,10
2025-10-19,HOME-AIRP-800,AeroPure Smart H13 HEPA Air Purifier,Home & Kitchen,129.69,52.0,0.0,23,2982.87,1786.87,1,0,6,10
2025-10-20,HOME-AIRP-800,AeroPure Smart H13 HEPA Air Purifier,Home & Kitchen,128.69,52.0,0.0,20,2573.8,1533.8,0,0,0,10
2025-10-21,HOME-AIRP-800,AeroPure Smart H13 HEPA Air Purifier,Home & Kitchen,127.53,52.0,0.0,15,1912.95,1132.95,0,0,1,10
2025-10-22,HOME-AIRP-800,AeroPure Smart H13 HEPA Air Purifier,Home & Kitchen,129.62,52.0,0.0,29,3758.98,2250.98,0,0,2,10
2025-10-23,HOME-AIRP-800,AeroPure Smart H13 HEPA Air Purifier,Home & Kitchen,127.43,52.0,0.0,26,3313.18,1961.18,0,0,3,10
2025-10-24,HOME-AIRP-800,AeroPure Smart H13 HEPA Air Purifier,Home & Kitchen,131.45,52.0,0.0,31,4074.95,2462.95,0,0,4,10
2025-10-25,HOME-AIRP-800,AeroPure Smart H13 HEPA Air Purifier,Home & Kitchen,129.67,52.0,0.0,38,4927.46,2951.46,1,0,5,10
2025-10-26,HOME-AIRP-800,AeroPure Smart H13 HEPA Air Purifier,Home & Kitchen,128.77,52.0,0.0,28,3605.56,2149.56,1,0,6,10
2025-10-27,HOME-AIRP-800,AeroPure Smart H13 HEPA Air Purifier,Home & Kitchen,129.34,52.0,0.0,31,4009.54,2397.54,0,0,0,10
2025-10-28,HOME-AIRP-800,AeroPure Smart H13 HEPA Air Purifier,Home & Kitchen,129.32,52.0,0.0,25,3233.0,1933.0,0,0,1,10
2025-10-29,HOME-AIRP-800,AeroPure Smart H13 HEPA Air Purifier,Home & Kitchen,130.8,52.0,0.0,17,2223.6,1339.6,0,0,2,10
2025-10-30,HOME-AIRP-800,AeroPure Smart H13 HEPA Air Purifier,Home & Kitchen,128.02,52.0,0.0,38,4864.76,2888.76,0,1,3,10
2025-10-31,HOME-AIRP-800,AeroPure Smart H13 HEPA Air Purifier,Home & Kitchen,131.53,52.0,0.0,29,3814.37,2306.37,0,1,4,10
2025-11-01,HOME-AIRP-800,AeroPure Smart H13 HEPA Air Purifier,Home & Kitchen,129.96,52.0,0.0,41,5328.36,3196.36,1,0,5,11
2025-11-02,HOME-AIRP-800,AeroPure Smart H13 HEPA Air Purifier,Home & Kitchen,131.19,52.0,0.0,27,3542.13,2138.13,1,0,6,11
2025-11-03,HOME-AIRP-800,AeroPure Smart H13 HEPA Air Purifier,Home & Kitchen,128.73,52.0,0.0,18,2317.14,1381.14,0,0,0,11
2025-11-04,HOME-AIRP-800,AeroPure Smart H13 HEPA Air Purifier,Home & Kitchen,128.66,52.0,0.0,15,1929.9,1149.9,0,0,1,11
2025-11-05,HOME-AIRP-800,AeroPure Smart H13 HEPA Air Purifier,Home & Kitchen,130.29,52.0,0.0,18,2345.22,1409.22,0,0,2,11
2025-11-06,HOME-AIRP-800,AeroPure Smart H13 HEPA Air Purifier,Home & Kitchen,127.82,52.0,0.0,31,3962.42,2350.42,0,0,3,11
2025-11-07,HOME-AIRP-800,AeroPure Smart H13 HEPA Air Purifier,Home & Kitchen,129.44,52.0,0.0,24,3106.56,1858.56,0,0,4,11
2025-11-08,HOME-AIRP-800,AeroPure Smart H13 HEPA Air Purifier,Home & Kitchen,128.7,52.0,0.0,28,3603.6,2147.6,1,0,5,11
2025-11-09,HOME-AIRP-800,AeroPure Smart H13 HEPA Air Purifier,Home & Kitchen,131.73,52.0,0.0,24,3161.52,1913.52,1,0,6,11
2025-11-10,HOME-AIRP-800,AeroPure Smart H13 HEPA Air Purifier,Home & Kitchen,131.93,52.0,0.0,16,2110.88,1278.88,0,0,0,11
2025-11-11,HOME-AIRP-800,AeroPure Smart H13 HEPA Air Purifier,Home & Kitchen,130.42,52.0,0.0,21,2738.82,1646.82,0,0,1,11
2025-11-12,HOME-AIRP-800,AeroPure Smart H13 HEPA Air Purifier,Home & Kitchen,127.92,52.0,0.0,20,2558.4,1518.4,0,0,2,11
2025-11-13,HOME-AIRP-800,AeroPure Smart H13 HEPA Air Purifier,Home & Kitchen,131.61,52.0,0.0,18,2368.98,1432.98,0,0,3,11
2025-11-14,HOME-AIRP-800,AeroPure Smart H13 HEPA Air Purifier,Home & Kitchen,129.47,52.0,0.0,22,2848.34,1704.34,0,0,4,11
2025-11-15,HOME-AIRP-800,AeroPure Smart H13 HEPA Air Purifier,Home & Kitchen,127.86,52.0,0.0,31,3963.66,2351.66,1,0,5,11
2025-11-16,HOME-AIRP-800,AeroPure Smart H13 HEPA Air Purifier,Home & Kitchen,129.24,52.0,0.0,29,3747.96,2239.96,1,0,6,11
2025-11-17,HOME-AIRP-800,AeroPure Smart H13 HEPA Air Purifier,Home & Kitchen,129.49,52.0,0.0,20,2589.8,1549.8,0,0,0,11
2025-11-18,HOME-AIRP-800,AeroPure Smart H13 HEPA Air Purifier,Home & Kitchen,129.76,52.0,0.0,15,1946.4,1166.4,0,0,1,11
2025-11-19,HOME-AIRP-800,AeroPure Smart H13 HEPA Air Purifier,Home & Kitchen,103.99,52.0,20.0,40,4159.6,2079.6,0,0,2,11
2025-11-20,HOME-AIRP-800,AeroPure Smart H13 HEPA Air Purifier,Home & Kitchen,130.19,52.0,0.0,27,3515.13,2111.13,0,0,3,11
2025-11-21,HOME-AIRP-800,AeroPure Smart H13 HEPA Air Purifier,Home & Kitchen,129.9,52.0,0.0,21,2727.9,1635.9,0,0,4,11
2025-11-22,HOME-AIRP-800,AeroPure Smart H13 HEPA Air Purifier,Home & Kitchen,128.45,52.0,0.0,35,4495.75,2675.75,1,0,5,11
2025-11-23,HOME-AIRP-800,AeroPure Smart H13 HEPA Air Purifier,Home & Kitchen,127.5,52.0,0.0,39,4972.5,2944.5,1,0,6,11
2025-11-24,HOME-AIRP-800,AeroPure Smart H13 HEPA Air Purifier,Home & Kitchen,127.44,52.0,0.0,18,2293.92,1357.92,0,0,0,11
2025-11-25,HOME-AIRP-800,AeroPure Smart H13 HEPA Air Purifier,Home & Kitchen,129.58,52.0,0.0,28,3628.24,2172.24,0,0,1,11
2025-11-26,HOME-AIRP-800,AeroPure Smart H13 HEPA Air Purifier,Home & Kitchen,129.77,52.0,0.0,55,7137.35,4277.35,0,1,2,11
2025-11-27,HOME-AIRP-800,AeroPure Smart H13 HEPA Air Purifier,Home & Kitchen,128.66,52.0,0.0,53,6818.98,4062.98,0,1,3,11
2025-11-28,HOME-AIRP-800,AeroPure Smart H13 HEPA Air Purifier,Home & Kitchen,129.85,52.0,0.0,71,9219.35,5527.35,0,1,4,11
2025-11-29,HOME-AIRP-800,AeroPure Smart H13 HEPA Air Purifier,Home & Kitchen,128.16,52.0,0.0,67,8586.72,5102.72,1,1,5,11
2025-11-30,HOME-AIRP-800,AeroPure Smart H13 HEPA Air Purifier,Home & Kitchen,128.58,52.0,0.0,62,7971.96,4747.96,1,1,6,11
2025-12-01,HOME-AIRP-800,AeroPure Smart H13 HEPA Air Purifier,Home & Kitchen,132.01,52.0,0.0,18,2376.18,1440.18,0,0,0,12
2025-12-02,HOME-AIRP-800,AeroPure Smart H13 HEPA Air Purifier,Home & Kitchen,129.93,52.0,0.0,24,3118.32,1870.32,0,0,1,12
2025-12-03,HOME-AIRP-800,AeroPure Smart H13 HEPA Air Purifier,Home & Kitchen,129.6,52.0,0.0,21,2721.6,1629.6,0,0,2,12
2025-12-04,HOME-AIRP-800,AeroPure Smart H13 HEPA Air Purifier,Home & Kitchen,131.78,52.0,0.0,23,3030.94,1834.94,0,0,3,12
2025-12-05,HOME-AIRP-800,AeroPure Smart H13 HEPA Air Purifier,Home & Kitchen,129.51,52.0,0.0,26,3367.26,2015.26,0,0,4,12
2025-12-06,HOME-AIRP-800,AeroPure Smart H13 HEPA Air Purifier,Home & Kitchen,132.03,52.0,0.0,21,2772.63,1680.63,1,0,5,12
2025-12-07,HOME-AIRP-800,AeroPure Smart H13 HEPA Air Purifier,Home & Kitchen,130.83,52.0,0.0,29,3794.07,2286.07,1,0,6,12
2025-12-08,HOME-AIRP-800,AeroPure Smart H13 HEPA Air Purifier,Home & Kitchen,131.3,52.0,0.0,20,2626.0,1586.0,0,0,0,12
2025-12-09,HOME-AIRP-800,AeroPure Smart H13 HEPA Air Purifier,Home & Kitchen,130.97,52.0,0.0,20,2619.4,1579.4,0,0,1,12
2025-12-10,HOME-AIRP-800,AeroPure Smart H13 HEPA Air Purifier,Home & Kitchen,130.74,52.0,0.0,22,2876.28,1732.28,0,0,2,12
2025-12-11,HOME-AIRP-800,AeroPure Smart H13 HEPA Air Purifier,Home & Kitchen,130.58,52.0,0.0,25,3264.5,1964.5,0,0,3,12
2025-12-12,HOME-AIRP-800,AeroPure Smart H13 HEPA Air Purifier,Home & Kitchen,130.09,52.0,0.0,29,3772.61,2264.61,0,0,4,12
2025-12-13,HOME-AIRP-800,AeroPure Smart H13 HEPA Air Purifier,Home & Kitchen,128.65,52.0,0.0,27,3473.55,2069.55,1,0,5,12
2025-12-14,HOME-AIRP-800,AeroPure Smart H13 HEPA Air Purifier,Home & Kitchen,128.44,52.0,0.0,18,2311.92,1375.92,1,0,6,12
2025-12-15,HOME-AIRP-800,AeroPure Smart H13 HEPA Air Purifier,Home & Kitchen,128.69,52.0,0.0,22,2831.18,1687.18,0,0,0,12
2025-12-16,HOME-AIRP-800,AeroPure Smart H13 HEPA Air Purifier,Home & Kitchen,129.84,52.0,0.0,26,3375.84,2023.84,0,0,1,12
2025-12-17,HOME-AIRP-800,AeroPure Smart H13 HEPA Air Purifier,Home & Kitchen,128.87,52.0,0.0,33,4252.71,2536.71,0,1,2,12
2025-12-18,HOME-AIRP-800,AeroPure Smart H13 HEPA Air Purifier,Home & Kitchen,127.86,52.0,0.0,45,5753.7,3413.7,0,1,3,12
2025-12-19,HOME-AIRP-800,AeroPure Smart H13 HEPA Air Purifier,Home & Kitchen,132.01,52.0,0.0,48,6336.48,3840.48,0,1,4,12
2025-12-20,HOME-AIRP-800,AeroPure Smart H13 HEPA Air Purifier,Home & Kitchen,132.28,52.0,0.0,29,3836.12,2328.12,1,0,5,12
2025-12-21,HOME-AIRP-800,AeroPure Smart H13 HEPA Air Purifier,Home & Kitchen,128.32,52.0,0.0,24,3079.68,1831.68,1,0,6,12
2025-12-22,HOME-AIRP-800,AeroPure Smart H13 HEPA Air Purifier,Home & Kitchen,129.94,52.0,0.0,15,1949.1,1169.1,0,0,0,12
2025-12-23,HOME-AIRP-800,AeroPure Smart H13 HEPA Air Purifier,Home & Kitchen,127.84,52.0,0.0,43,5497.12,3261.12,0,1,1,12
2025-12-24,HOME-AIRP-800,AeroPure Smart H13 HEPA Air Purifier,Home & Kitchen,128.57,52.0,0.0,25,3214.25,1914.25,0,1,2,12
2025-12-25,HOME-AIRP-800,AeroPure Smart H13 HEPA Air Purifier,Home & Kitchen,131.09,52.0,0.0,37,4850.33,2926.33,0,1,3,12
2025-12-26,HOME-AIRP-800,AeroPure Smart H13 HEPA Air Purifier,Home & Kitchen,129.86,52.0,0.0,29,3765.94,2257.94,0,1,4,12
2025-12-27,HOME-AIRP-800,AeroPure Smart H13 HEPA Air Purifier,Home & Kitchen,128.67,52.0,0.0,41,5275.47,3143.47,1,1,5,12
2025-12-28,HOME-AIRP-800,AeroPure Smart H13 HEPA Air Purifier,Home & Kitchen,131.47,52.0,0.0,19,2497.93,1509.93,1,0,6,12
2025-12-29,HOME-AIRP-800,AeroPure Smart H13 HEPA Air Purifier,Home & Kitchen,128.49,52.0,0.0,22,2826.78,1682.78,0,0,0,12
2025-12-30,HOME-AIRP-800,AeroPure Smart H13 HEPA Air Purifier,Home & Kitchen,129.02,52.0,0.0,13,1677.26,1001.26,0,0,1,12
2025-12-31,HOME-AIRP-800,AeroPure Smart H13 HEPA Air Purifier,Home & Kitchen,110.49,52.0,15.0,31,3425.19,1813.19,0,0,2,12
2026-01-01,HOME-AIRP-800,AeroPure Smart H13 HEPA Air Purifier,Home & Kitchen,128.53,52.0,0.0,23,2956.19,1760.19,0,1,3,1
2026-01-02,HOME-AIRP-800,AeroPure Smart H13 HEPA Air Purifier,Home & Kitchen,129.16,52.0,0.0,31,4003.96,2391.96,0,1,4,1
2026-01-03,HOME-AIRP-800,AeroPure Smart H13 HEPA Air Purifier,Home & Kitchen,131.49,52.0,0.0,33,4339.17,2623.17,1,0,5,1
2026-01-04,HOME-AIRP-800,AeroPure Smart H13 HEPA Air Purifier,Home & Kitchen,132.12,52.0,0.0,32,4227.84,2563.84,1,0,6,1
2026-01-05,HOME-AIRP-800,AeroPure Smart H13 HEPA Air Purifier,Home & Kitchen,131.92,52.0,0.0,17,2242.64,1358.64,0,0,0,1
2026-01-06,HOME-AIRP-800,AeroPure Smart H13 HEPA Air Purifier,Home & Kitchen,130.81,52.0,0.0,22,2877.82,1733.82,0,0,1,1
2026-01-07,HOME-AIRP-800,AeroPure Smart H13 HEPA Air Purifier,Home & Kitchen,97.49,52.0,25.0,36,3509.64,1637.64,0,0,2,1
2026-01-08,HOME-AIRP-800,AeroPure Smart H13 HEPA Air Purifier,Home & Kitchen,128.5,52.0,0.0,15,1927.5,1147.5,0,0,3,1
2026-01-09,HOME-AIRP-800,AeroPure Smart H13 HEPA Air Purifier,Home & Kitchen,116.99,52.0,10.0,27,3158.73,1754.73,0,0,4,1
2026-01-10,HOME-AIRP-800,AeroPure Smart H13 HEPA Air Purifier,Home & Kitchen,128.39,52.0,0.0,32,4108.48,2444.48,1,0,5,1
2026-01-11,HOME-AIRP-800,AeroPure Smart H13 HEPA Air Purifier,Home & Kitchen,131.66,52.0,0.0,21,2764.86,1672.86,1,0,6,1
2026-01-12,HOME-AIRP-800,AeroPure Smart H13 HEPA Air Purifier,Home & Kitchen,127.46,52.0,0.0,21,2676.66,1584.66,0,0,0,1
2026-01-13,HOME-AIRP-800,AeroPure Smart H13 HEPA Air Purifier,Home & Kitchen,132.47,52.0,0.0,24,3179.28,1931.28,0,0,1,1
2026-01-14,HOME-AIRP-800,AeroPure Smart H13 HEPA Air Purifier,Home & Kitchen,127.84,52.0,0.0,23,2940.32,1744.32,0,0,2,1
2026-01-15,HOME-AIRP-800,AeroPure Smart H13 HEPA Air Purifier,Home & Kitchen,128.38,52.0,0.0,24,3081.12,1833.12,0,0,3,1
2026-01-16,HOME-AIRP-800,AeroPure Smart H13 HEPA Air Purifier,Home & Kitchen,131.38,52.0,0.0,36,4729.68,2857.68,0,0,4,1
2026-01-17,HOME-AIRP-800,AeroPure Smart H13 HEPA Air Purifier,Home & Kitchen,130.35,52.0,0.0,35,4562.25,2742.25,1,0,5,1
2026-01-18,HOME-AIRP-800,AeroPure Smart H13 HEPA Air Purifier,Home & Kitchen,132.57,52.0,0.0,23,3049.11,1853.11,1,0,6,1
2026-01-19,HOME-AIRP-800,AeroPure Smart H13 HEPA Air Purifier,Home & Kitchen,103.99,52.0,20.0,24,2495.76,1247.76,0,0,0,1
2026-01-20,HOME-AIRP-800,AeroPure Smart H13 HEPA Air Purifier,Home & Kitchen,127.83,52.0,0.0,24,3067.92,1819.92,0,0,1,1
2026-01-21,HOME-AIRP-800,AeroPure Smart H13 HEPA Air Purifier,Home & Kitchen,128.69,52.0,0.0,18,2316.42,1380.42,0,0,2,1
2026-01-22,HOME-AIRP-800,AeroPure Smart H13 HEPA Air Purifier,Home & Kitchen,131.35,52.0,0.0,35,4597.25,2777.25,0,0,3,1
2026-01-23,HOME-AIRP-800,AeroPure Smart H13 HEPA Air Purifier,Home & Kitchen,132.11,52.0,0.0,26,3434.86,2082.86,0,0,4,1
2026-01-24,HOME-AIRP-800,AeroPure Smart H13 HEPA Air Purifier,Home & Kitchen,128.05,52.0,0.0,29,3713.45,2205.45,1,0,5,1
2026-01-25,HOME-AIRP-800,AeroPure Smart H13 HEPA Air Purifier,Home & Kitchen,128.91,52.0,0.0,21,2707.11,1615.11,1,0,6,1
2026-01-26,HOME-AIRP-800,AeroPure Smart H13 HEPA Air Purifier,Home & Kitchen,127.44,52.0,0.0,19,2421.36,1433.36,0,0,0,1
2026-01-27,HOME-AIRP-800,AeroPure Smart H13 HEPA Air Purifier,Home & Kitchen,130.45,52.0,0.0,17,2217.65,1333.65,0,0,1,1
2026-01-28,HOME-AIRP-800,AeroPure Smart H13 HEPA Air Purifier,Home & Kitchen,129.93,52.0,0.0,24,3118.32,1870.32,0,0,2,1
2026-01-29,HOME-AIRP-800,AeroPure Smart H13 HEPA Air Purifier,Home & Kitchen,128.3,52.0,0.0,22,2822.6,1678.6,0,0,3,1
2026-01-30,HOME-AIRP-800,AeroPure Smart H13 HEPA Air Purifier,Home & Kitchen,128.65,52.0,0.0,27,3473.55,2069.55,0,0,4,1
2026-01-31,HOME-AIRP-800,AeroPure Smart H13 HEPA Air Purifier,Home & Kitchen,127.57,52.0,0.0,30,3827.1,2267.1,1,0,5,1
2026-02-01,HOME-AIRP-800,AeroPure Smart H13 HEPA Air Purifier,Home & Kitchen,128.1,52.0,0.0,28,3586.8,2130.8,1,0,6,2
2026-02-02,HOME-AIRP-800,AeroPure Smart H13 HEPA Air Purifier,Home & Kitchen,110.49,52.0,15.0,27,2983.23,1579.23,0,0,0,2
2026-02-03,HOME-AIRP-800,AeroPure Smart H13 HEPA Air Purifier,Home & Kitchen,116.99,52.0,10.0,18,2105.82,1169.82,0,0,1,2
2026-02-04,HOME-AIRP-800,AeroPure Smart H13 HEPA Air Purifier,Home & Kitchen,128.84,52.0,0.0,17,2190.28,1306.28,0,0,2,2
2026-02-05,HOME-AIRP-800,AeroPure Smart H13 HEPA Air Purifier,Home & Kitchen,128.07,52.0,0.0,27,3457.89,2053.89,0,0,3,2
2026-02-06,HOME-AIRP-800,AeroPure Smart H13 HEPA Air Purifier,Home & Kitchen,116.99,52.0,10.0,33,3860.67,2144.67,0,0,4,2
2026-02-07,HOME-AIRP-800,AeroPure Smart H13 HEPA Air Purifier,Home & Kitchen,128.12,52.0,0.0,23,2946.76,1750.76,1,0,5,2
2026-02-08,HOME-AIRP-800,AeroPure Smart H13 HEPA Air Purifier,Home & Kitchen,131.91,52.0,0.0,29,3825.39,2317.39,1,0,6,2
2026-02-09,HOME-AIRP-800,AeroPure Smart H13 HEPA Air Purifier,Home & Kitchen,129.0,52.0,0.0,19,2451.0,1463.0,0,0,0,2
2026-02-10,HOME-AIRP-800,AeroPure Smart H13 HEPA Air Purifier,Home & Kitchen,131.99,52.0,0.0,24,3167.76,1919.76,0,0,1,2
2026-02-11,HOME-AIRP-800,AeroPure Smart H13 HEPA Air Purifier,Home & Kitchen,131.54,52.0,0.0,18,2367.72,1431.72,0,0,2,2
2026-02-12,HOME-AIRP-800,AeroPure Smart H13 HEPA Air Purifier,Home & Kitchen,129.78,52.0,0.0,28,3633.84,2177.84,0,0,3,2
2026-02-13,HOME-AIRP-800,AeroPure Smart H13 HEPA Air Purifier,Home & Kitchen,130.73,52.0,0.0,46,6013.58,3621.58,0,1,4,2
2026-02-14,HOME-AIRP-800,AeroPure Smart H13 HEPA Air Purifier,Home & Kitchen,127.74,52.0,0.0,44,5620.56,3332.56,1,1,5,2
2026-02-15,HOME-AIRP-800,AeroPure Smart H13 HEPA Air Purifier,Home & Kitchen,130.89,52.0,0.0,52,6806.28,4102.28,1,1,6,2
2026-02-16,HOME-AIRP-800,AeroPure Smart H13 HEPA Air Purifier,Home & Kitchen,129.81,52.0,0.0,24,3115.44,1867.44,0,0,0,2
2026-02-17,HOME-AIRP-800,AeroPure Smart H13 HEPA Air Purifier,Home & Kitchen,97.49,52.0,25.0,29,2827.21,1319.21,0,0,1,2
2026-02-18,HOME-AIRP-800,AeroPure Smart H13 HEPA Air Purifier,Home & Kitchen,130.87,52.0,0.0,25,3271.75,1971.75,0,0,2,2
2026-02-19,HOME-AIRP-800,AeroPure Smart H13 HEPA Air Purifier,Home & Kitchen,131.76,52.0,0.0,24,3162.24,1914.24,0,0,3,2
2026-02-20,HOME-AIRP-800,AeroPure Smart H13 HEPA Air Purifier,Home & Kitchen,130.49,52.0,0.0,21,2740.29,1648.29,0,0,4,2
2026-02-21,HOME-AIRP-800,AeroPure Smart H13 HEPA Air Purifier,Home & Kitchen,131.62,52.0,0.0,33,4343.46,2627.46,1,0,5,2
2026-02-22,HOME-AIRP-800,AeroPure Smart H13 HEPA Air Purifier,Home & Kitchen,130.07,52.0,0.0,27,3511.89,2107.89,1,0,6,2
2026-02-23,HOME-AIRP-800,AeroPure Smart H13 HEPA Air Purifier,Home & Kitchen,127.58,52.0,0.0,28,3572.24,2116.24,0,0,0,2
2026-02-24,HOME-AIRP-800,AeroPure Smart H13 HEPA Air Purifier,Home & Kitchen,131.8,52.0,0.0,15,1977.0,1197.0,0,0,1,2
2026-02-25,HOME-AIRP-800,AeroPure Smart H13 HEPA Air Purifier,Home & Kitchen,116.99,52.0,10.0,34,3977.66,2209.66,0,0,2,2
2026-02-26,HOME-AIRP-800,AeroPure Smart H13 HEPA Air Purifier,Home & Kitchen,131.27,52.0,0.0,28,3675.56,2219.56,0,0,3,2
2026-02-27,HOME-AIRP-800,AeroPure Smart H13 HEPA Air Purifier,Home & Kitchen,132.2,52.0,0.0,27,3569.4,2165.4,0,0,4,2
2026-02-28,HOME-AIRP-800,AeroPure Smart H13 HEPA Air Purifier,Home & Kitchen,127.64,52.0,0.0,28,3573.92,2117.92,1,0,5,2
2026-03-01,HOME-AIRP-800,AeroPure Smart H13 HEPA Air Purifier,Home & Kitchen,130.29,52.0,0.0,25,3257.25,1957.25,1,0,6,3
2026-03-02,HOME-AIRP-800,AeroPure Smart H13 HEPA Air Purifier,Home & Kitchen,127.58,52.0,0.0,29,3699.82,2191.82,0,0,0,3
2026-03-03,HOME-AIRP-800,AeroPure Smart H13 HEPA Air Purifier,Home & Kitchen,129.25,52.0,0.0,30,3877.5,2317.5,0,0,1,3
2026-03-04,HOME-AIRP-800,AeroPure Smart H13 HEPA Air Purifier,Home & Kitchen,132.49,52.0,0.0,25,3312.25,2012.25,0,0,2,3
2026-03-05,HOME-AIRP-800,AeroPure Smart H13 HEPA Air Purifier,Home & Kitchen,130.92,52.0,0.0,29,3796.68,2288.68,0,0,3,3
2026-03-06,HOME-AIRP-800,AeroPure Smart H13 HEPA Air Purifier,Home & Kitchen,131.87,52.0,0.0,23,3033.01,1837.01,0,0,4,3
2026-03-07,HOME-AIRP-800,AeroPure Smart H13 HEPA Air Purifier,Home & Kitchen,127.88,52.0,0.0,29,3708.52,2200.52,1,0,5,3
2026-03-08,HOME-AIRP-800,AeroPure Smart H13 HEPA Air Purifier,Home & Kitchen,132.16,52.0,0.0,20,2643.2,1603.2,1,0,6,3
2026-03-09,HOME-AIRP-800,AeroPure Smart H13 HEPA Air Purifier,Home & Kitchen,130.16,52.0,0.0,26,3384.16,2032.16,0,0,0,3
2026-03-10,HOME-AIRP-800,AeroPure Smart H13 HEPA Air Purifier,Home & Kitchen,129.48,52.0,0.0,25,3237.0,1937.0,0,0,1,3
2026-03-11,HOME-AIRP-800,AeroPure Smart H13 HEPA Air Purifier,Home & Kitchen,128.81,52.0,0.0,25,3220.25,1920.25,0,0,2,3
2026-03-12,HOME-AIRP-800,AeroPure Smart H13 HEPA Air Purifier,Home & Kitchen,127.57,52.0,0.0,31,3954.67,2342.67,0,0,3,3
2026-03-13,HOME-AIRP-800,AeroPure Smart H13 HEPA Air Purifier,Home & Kitchen,132.4,52.0,0.0,39,5163.6,3135.6,0,0,4,3
2026-03-14,HOME-AIRP-800,AeroPure Smart H13 HEPA Air Purifier,Home & Kitchen,130.1,52.0,0.0,28,3642.8,2186.8,1,0,5,3
2026-03-15,HOME-AIRP-800,AeroPure Smart H13 HEPA Air Purifier,Home & Kitchen,131.37,52.0,0.0,38,4992.06,3016.06,1,0,6,3
2026-03-16,HOME-AIRP-800,AeroPure Smart H13 HEPA Air Purifier,Home & Kitchen,128.41,52.0,0.0,25,3210.25,1910.25,0,0,0,3
2026-03-17,HOME-AIRP-800,AeroPure Smart H13 HEPA Air Purifier,Home & Kitchen,127.44,52.0,0.0,19,2421.36,1433.36,0,0,1,3
2026-03-18,HOME-AIRP-800,AeroPure Smart H13 HEPA Air Purifier,Home & Kitchen,131.77,52.0,0.0,20,2635.4,1595.4,0,0,2,3
2026-03-19,HOME-AIRP-800,AeroPure Smart H13 HEPA Air Purifier,Home & Kitchen,132.38,52.0,0.0,23,3044.74,1848.74,0,0,3,3
2026-03-20,HOME-AIRP-800,AeroPure Smart H13 HEPA Air Purifier,Home & Kitchen,128.87,52.0,0.0,23,2964.01,1768.01,0,0,4,3
2026-03-21,HOME-AIRP-800,AeroPure Smart H13 HEPA Air Purifier,Home & Kitchen,127.79,52.0,0.0,36,4600.44,2728.44,1,0,5,3
2026-03-22,HOME-AIRP-800,AeroPure Smart H13 HEPA Air Purifier,Home & Kitchen,110.49,52.0,15.0,36,3977.64,2105.64,1,0,6,3
2026-03-23,HOME-AIRP-800,AeroPure Smart H13 HEPA Air Purifier,Home & Kitchen,129.6,52.0,0.0,32,4147.2,2483.2,0,0,0,3
2026-03-24,HOME-AIRP-800,AeroPure Smart H13 HEPA Air Purifier,Home & Kitchen,129.46,52.0,0.0,27,3495.42,2091.42,0,0,1,3
2026-03-25,HOME-AIRP-800,AeroPure Smart H13 HEPA Air Purifier,Home & Kitchen,127.86,52.0,0.0,27,3452.22,2048.22,0,0,2,3
2026-03-26,HOME-AIRP-800,AeroPure Smart H13 HEPA Air Purifier,Home & Kitchen,131.5,52.0,0.0,33,4339.5,2623.5,0,0,3,3
2026-03-27,HOME-AIRP-800,AeroPure Smart H13 HEPA Air Purifier,Home & Kitchen,130.49,52.0,0.0,25,3262.25,1962.25,0,0,4,3
2026-03-28,HOME-AIRP-800,AeroPure Smart H13 HEPA Air Purifier,Home & Kitchen,128.77,52.0,0.0,27,3476.79,2072.79,1,0,5,3
2026-03-29,HOME-AIRP-800,AeroPure Smart H13 HEPA Air Purifier,Home & Kitchen,128.82,52.0,0.0,29,3735.78,2227.78,1,0,6,3
2026-03-30,HOME-AIRP-800,AeroPure Smart H13 HEPA Air Purifier,Home & Kitchen,130.43,52.0,0.0,21,2739.03,1647.03,0,0,0,3
2026-03-31,HOME-AIRP-800,AeroPure Smart H13 HEPA Air Purifier,Home & Kitchen,116.99,52.0,10.0,19,2222.81,1234.81,0,0,1,3
2026-04-01,HOME-AIRP-800,AeroPure Smart H13 HEPA Air Purifier,Home & Kitchen,131.63,52.0,0.0,32,4212.16,2548.16,0,0,2,4
2026-04-02,HOME-AIRP-800,AeroPure Smart H13 HEPA Air Purifier,Home & Kitchen,130.38,52.0,0.0,31,4041.78,2429.78,0,0,3,4
2026-04-03,HOME-AIRP-800,AeroPure Smart H13 HEPA Air Purifier,Home & Kitchen,129.52,52.0,0.0,32,4144.64,2480.64,0,0,4,4
2026-04-04,HOME-AIRP-800,AeroPure Smart H13 HEPA Air Purifier,Home & Kitchen,127.53,52.0,0.0,29,3698.37,2190.37,1,0,5,4
2026-04-05,HOME-AIRP-800,AeroPure Smart H13 HEPA Air Purifier,Home & Kitchen,127.77,52.0,0.0,27,3449.79,2045.79,1,0,6,4
2026-04-06,HOME-AIRP-800,AeroPure Smart H13 HEPA Air Purifier,Home & Kitchen,127.8,52.0,0.0,24,3067.2,1819.2,0,0,0,4
2026-04-07,HOME-AIRP-800,AeroPure Smart H13 HEPA Air Purifier,Home & Kitchen,130.45,52.0,0.0,20,2609.0,1569.0,0,0,1,4
2026-04-08,HOME-AIRP-800,AeroPure Smart H13 HEPA Air Purifier,Home & Kitchen,129.95,52.0,0.0,31,4028.45,2416.45,0,0,2,4
2026-04-09,HOME-AIRP-800,AeroPure Smart H13 HEPA Air Purifier,Home & Kitchen,132.51,52.0,0.0,26,3445.26,2093.26,0,0,3,4
2026-04-10,HOME-AIRP-800,AeroPure Smart H13 HEPA Air Purifier,Home & Kitchen,131.32,52.0,0.0,28,3676.96,2220.96,0,0,4,4
2026-04-11,HOME-AIRP-800,AeroPure Smart H13 HEPA Air Purifier,Home & Kitchen,128.49,52.0,0.0,37,4754.13,2830.13,1,0,5,4
2026-04-12,HOME-AIRP-800,AeroPure Smart H13 HEPA Air Purifier,Home & Kitchen,129.2,52.0,0.0,43,5555.6,3319.6,1,0,6,4
2026-04-13,HOME-AIRP-800,AeroPure Smart H13 HEPA Air Purifier,Home & Kitchen,116.99,52.0,10.0,31,3626.69,2014.69,0,0,0,4
2026-04-14,HOME-AIRP-800,AeroPure Smart H13 HEPA Air Purifier,Home & Kitchen,128.02,52.0,0.0,27,3456.54,2052.54,0,1,1,4
2026-04-15,HOME-AIRP-800,AeroPure Smart H13 HEPA Air Purifier,Home & Kitchen,128.36,52.0,0.0,26,3337.36,1985.36,0,1,2,4
2026-04-16,HOME-AIRP-800,AeroPure Smart H13 HEPA Air Purifier,Home & Kitchen,129.76,52.0,0.0,37,4801.12,2877.12,0,1,3,4
2026-04-17,HOME-AIRP-800,AeroPure Smart H13 HEPA Air Purifier,Home & Kitchen,127.49,52.0,0.0,33,4207.17,2491.17,0,0,4,4
2026-04-18,HOME-AIRP-800,AeroPure Smart H13 HEPA Air Purifier,Home & Kitchen,129.42,52.0,0.0,34,4400.28,2632.28,1,0,5,4
2026-04-19,HOME-AIRP-800,AeroPure Smart H13 HEPA Air Purifier,Home & Kitchen,131.0,52.0,0.0,36,4716.0,2844.0,1,0,6,4
2026-04-20,HOME-AIRP-800,AeroPure Smart H13 HEPA Air Purifier,Home & Kitchen,132.46,52.0,0.0,27,3576.42,2172.42,0,0,0,4
2026-04-21,HOME-AIRP-800,AeroPure Smart H13 HEPA Air Purifier,Home & Kitchen,128.9,52.0,0.0,21,2706.9,1614.9,0,0,1,4
2026-04-22,HOME-AIRP-800,AeroPure Smart H13 HEPA Air Purifier,Home & Kitchen,110.49,52.0,15.0,29,3204.21,1696.21,0,0,2,4
2026-04-23,HOME-AIRP-800,AeroPure Smart H13 HEPA Air Purifier,Home & Kitchen,128.69,52.0,0.0,33,4246.77,2530.77,0,0,3,4
2026-04-24,HOME-AIRP-800,AeroPure Smart H13 HEPA Air Purifier,Home & Kitchen,131.7,52.0,0.0,33,4346.1,2630.1,0,0,4,4
2026-04-25,HOME-AIRP-800,AeroPure Smart H13 HEPA Air Purifier,Home & Kitchen,110.49,52.0,15.0,46,5082.54,2690.54,1,0,5,4
2026-04-26,HOME-AIRP-800,AeroPure Smart H13 HEPA Air Purifier,Home & Kitchen,129.07,52.0,0.0,30,3872.1,2312.1,1,0,6,4
2026-04-27,HOME-AIRP-800,AeroPure Smart H13 HEPA Air Purifier,Home & Kitchen,132.52,52.0,0.0,22,2915.44,1771.44,0,0,0,4
2026-04-28,HOME-AIRP-800,AeroPure Smart H13 HEPA Air Purifier,Home & Kitchen,129.24,52.0,0.0,27,3489.48,2085.48,0,0,1,4
2026-04-29,HOME-AIRP-800,AeroPure Smart H13 HEPA Air Purifier,Home & Kitchen,130.98,52.0,0.0,18,2357.64,1421.64,0,0,2,4
2026-04-30,HOME-AIRP-800,AeroPure Smart H13 HEPA Air Purifier,Home & Kitchen,128.85,52.0,0.0,26,3350.1,1998.1,0,0,3,4
2026-05-01,HOME-AIRP-800,AeroPure Smart H13 HEPA Air Purifier,Home & Kitchen,131.06,52.0,0.0,29,3800.74,2292.74,0,0,4,5
2026-05-02,HOME-AIRP-800,AeroPure Smart H13 HEPA Air Purifier,Home & Kitchen,127.71,52.0,0.0,41,5236.11,3104.11,1,0,5,5
2026-05-03,HOME-AIRP-800,AeroPure Smart H13 HEPA Air Purifier,Home & Kitchen,129.21,52.0,0.0,38,4909.98,2933.98,1,0,6,5
2026-05-04,HOME-AIRP-800,AeroPure Smart H13 HEPA Air Purifier,Home & Kitchen,129.83,52.0,0.0,26,3375.58,2023.58,0,0,0,5
2026-05-05,HOME-AIRP-800,AeroPure Smart H13 HEPA Air Purifier,Home & Kitchen,130.82,52.0,0.0,22,2878.04,1734.04,0,0,1,5
2026-05-06,HOME-AIRP-800,AeroPure Smart H13 HEPA Air Purifier,Home & Kitchen,128.2,52.0,0.0,29,3717.8,2209.8,0,0,2,5
2026-05-07,HOME-AIRP-800,AeroPure Smart H13 HEPA Air Purifier,Home & Kitchen,129.52,52.0,0.0,22,2849.44,1705.44,0,0,3,5
2026-05-08,HOME-AIRP-800,AeroPure Smart H13 HEPA Air Purifier,Home & Kitchen,131.72,52.0,0.0,40,5268.8,3188.8,0,0,4,5
2026-05-09,HOME-AIRP-800,AeroPure Smart H13 HEPA Air Purifier,Home & Kitchen,131.87,52.0,0.0,26,3428.62,2076.62,1,0,5,5
2026-05-10,HOME-AIRP-800,AeroPure Smart H13 HEPA Air Purifier,Home & Kitchen,127.75,52.0,0.0,35,4471.25,2651.25,1,0,6,5
2026-05-11,HOME-AIRP-800,AeroPure Smart H13 HEPA Air Purifier,Home & Kitchen,116.99,52.0,10.0,27,3158.73,1754.73,0,0,0,5
2026-05-12,HOME-AIRP-800,AeroPure Smart H13 HEPA Air Purifier,Home & Kitchen,128.28,52.0,0.0,23,2950.44,1754.44,0,0,1,5
2026-05-13,HOME-AIRP-800,AeroPure Smart H13 HEPA Air Purifier,Home & Kitchen,127.55,52.0,0.0,30,3826.5,2266.5,0,0,2,5
2026-05-14,HOME-AIRP-800,AeroPure Smart H13 HEPA Air Purifier,Home & Kitchen,132.24,52.0,0.0,34,4496.16,2728.16,0,0,3,5
2026-05-15,HOME-AIRP-800,AeroPure Smart H13 HEPA Air Purifier,Home & Kitchen,130.44,52.0,0.0,23,3000.12,1804.12,0,0,4,5
2026-05-16,HOME-AIRP-800,AeroPure Smart H13 HEPA Air Purifier,Home & Kitchen,127.88,52.0,0.0,34,4347.92,2579.92,1,0,5,5
2026-05-17,HOME-AIRP-800,AeroPure Smart H13 HEPA Air Purifier,Home & Kitchen,110.49,52.0,15.0,40,4419.6,2339.6,1,0,6,5
2026-05-18,HOME-AIRP-800,AeroPure Smart H13 HEPA Air Purifier,Home & Kitchen,129.64,52.0,0.0,23,2981.72,1785.72,0,0,0,5
2026-05-19,HOME-AIRP-800,AeroPure Smart H13 HEPA Air Purifier,Home & Kitchen,129.57,52.0,0.0,15,1943.55,1163.55,0,0,1,5
2026-05-20,HOME-AIRP-800,AeroPure Smart H13 HEPA Air Purifier,Home & Kitchen,131.62,52.0,0.0,18,2369.16,1433.16,0,0,2,5
2026-05-21,HOME-AIRP-800,AeroPure Smart H13 HEPA Air Purifier,Home & Kitchen,128.19,52.0,0.0,33,4230.27,2514.27,0,0,3,5
2026-05-22,HOME-AIRP-800,AeroPure Smart H13 HEPA Air Purifier,Home & Kitchen,130.33,52.0,0.0,32,4170.56,2506.56,0,0,4,5
2026-05-23,HOME-AIRP-800,AeroPure Smart H13 HEPA Air Purifier,Home & Kitchen,131.38,52.0,0.0,42,5517.96,3333.96,1,0,5,5
2026-05-24,HOME-AIRP-800,AeroPure Smart H13 HEPA Air Purifier,Home & Kitchen,130.73,52.0,0.0,33,4314.09,2598.09,1,0,6,5
2026-05-25,HOME-AIRP-800,AeroPure Smart H13 HEPA Air Purifier,Home & Kitchen,132.21,52.0,0.0,38,5023.98,3047.98,0,0,0,5
2026-05-26,HOME-AIRP-800,AeroPure Smart H13 HEPA Air Purifier,Home & Kitchen,131.93,52.0,0.0,23,3034.39,1838.39,0,0,1,5
2026-05-27,HOME-AIRP-800,AeroPure Smart H13 HEPA Air Purifier,Home & Kitchen,127.81,52.0,0.0,31,3962.11,2350.11,0,1,2,5
2026-05-28,HOME-AIRP-800,AeroPure Smart H13 HEPA Air Purifier,Home & Kitchen,97.49,52.0,25.0,60,5849.4,2729.4,0,1,3,5
2026-05-29,HOME-AIRP-800,AeroPure Smart H13 HEPA Air Purifier,Home & Kitchen,132.52,52.0,0.0,44,5830.88,3542.88,0,1,4,5
2026-05-30,HOME-AIRP-800,AeroPure Smart H13 HEPA Air Purifier,Home & Kitchen,130.1,52.0,0.0,37,4813.7,2889.7,1,0,5,5
2026-05-31,HOME-AIRP-800,AeroPure Smart H13 HEPA Air Purifier,Home & Kitchen,127.44,52.0,0.0,26,3313.44,1961.44,1,0,6,5
2026-06-01,HOME-AIRP-800,AeroPure Smart H13 HEPA Air Purifier,Home & Kitchen,128.46,52.0,0.0,23,2954.58,1758.58,0,0,0,6
2026-06-02,HOME-AIRP-800,AeroPure Smart H13 HEPA Air Purifier,Home & Kitchen,128.3,52.0,0.0,32,4105.6,2441.6,0,0,1,6
2026-06-03,HOME-AIRP-800,AeroPure Smart H13 HEPA Air Purifier,Home & Kitchen,131.34,52.0,0.0,18,2364.12,1428.12,0,0,2,6
2026-06-04,HOME-AIRP-800,AeroPure Smart H13 HEPA Air Purifier,Home & Kitchen,131.31,52.0,0.0,20,2626.2,1586.2,0,0,3,6
2026-06-05,HOME-AIRP-800,AeroPure Smart H13 HEPA Air Purifier,Home & Kitchen,129.89,52.0,0.0,43,5585.27,3349.27,0,0,4,6
2026-06-06,HOME-AIRP-800,AeroPure Smart H13 HEPA Air Purifier,Home & Kitchen,132.33,52.0,0.0,29,3837.57,2329.57,1,0,5,6
2026-06-07,HOME-AIRP-800,AeroPure Smart H13 HEPA Air Purifier,Home & Kitchen,129.63,52.0,0.0,41,5314.83,3182.83,1,0,6,6
2026-06-08,HOME-AIRP-800,AeroPure Smart H13 HEPA Air Purifier,Home & Kitchen,116.99,52.0,10.0,37,4328.63,2404.63,0,0,0,6
2026-06-09,HOME-AIRP-800,AeroPure Smart H13 HEPA Air Purifier,Home & Kitchen,128.48,52.0,0.0,37,4753.76,2829.76,0,0,1,6
2026-06-10,HOME-AIRP-800,AeroPure Smart H13 HEPA Air Purifier,Home & Kitchen,132.06,52.0,0.0,23,3037.38,1841.38,0,0,2,6
2026-06-11,HOME-AIRP-800,AeroPure Smart H13 HEPA Air Purifier,Home & Kitchen,129.59,52.0,0.0,23,2980.57,1784.57,0,0,3,6
2026-06-12,HOME-AIRP-800,AeroPure Smart H13 HEPA Air Purifier,Home & Kitchen,128.39,52.0,0.0,28,3594.92,2138.92,0,0,4,6
2026-06-13,HOME-AIRP-800,AeroPure Smart H13 HEPA Air Purifier,Home & Kitchen,129.93,52.0,0.0,43,5586.99,3350.99,1,0,5,6
2026-06-14,HOME-AIRP-800,AeroPure Smart H13 HEPA Air Purifier,Home & Kitchen,132.03,52.0,0.0,36,4753.08,2881.08,1,0,6,6
2026-06-15,HOME-AIRP-800,AeroPure Smart H13 HEPA Air Purifier,Home & Kitchen,130.86,52.0,0.0,25,3271.5,1971.5,0,0,0,6
2026-06-16,HOME-AIRP-800,AeroPure Smart H13 HEPA Air Purifier,Home & Kitchen,127.75,52.0,0.0,22,2810.5,1666.5,0,0,1,6
2026-06-17,HOME-AIRP-800,AeroPure Smart H13 HEPA Air Purifier,Home & Kitchen,116.99,52.0,10.0,21,2456.79,1364.79,0,0,2,6
2026-06-18,HOME-AIRP-800,AeroPure Smart H13 HEPA Air Purifier,Home & Kitchen,131.32,52.0,0.0,34,4464.88,2696.88,0,0,3,6
2026-06-19,HOME-AIRP-800,AeroPure Smart H13 HEPA Air Purifier,Home & Kitchen,130.0,52.0,0.0,37,4810.0,2886.0,0,0,4,6
2026-06-20,HOME-AIRP-800,AeroPure Smart H13 HEPA Air Purifier,Home & Kitchen,130.77,52.0,0.0,27,3530.79,2126.79,1,0,5,6
2026-06-21,HOME-AIRP-800,AeroPure Smart H13 HEPA Air Purifier,Home & Kitchen,129.86,52.0,0.0,37,4804.82,2880.82,1,0,6,6
2026-06-22,HOME-AIRP-800,AeroPure Smart H13 HEPA Air Purifier,Home & Kitchen,128.35,52.0,0.0,22,2823.7,1679.7,0,0,0,6
2026-06-23,HOME-AIRP-800,AeroPure Smart H13 HEPA Air Purifier,Home & Kitchen,128.57,52.0,0.0,24,3085.68,1837.68,0,0,1,6
2026-06-24,HOME-AIRP-800,AeroPure Smart H13 HEPA Air Purifier,Home & Kitchen,129.67,52.0,0.0,31,4019.77,2407.77,0,0,2,6
2026-06-25,HOME-AIRP-800,AeroPure Smart H13 HEPA Air Purifier,Home & Kitchen,128.05,52.0,0.0,20,2561.0,1521.0,0,0,3,6
2026-06-26,HOME-AIRP-800,AeroPure Smart H13 HEPA Air Purifier,Home & Kitchen,127.51,52.0,0.0,37,4717.87,2793.87,0,0,4,6
2026-06-27,HOME-AIRP-800,AeroPure Smart H13 HEPA Air Purifier,Home & Kitchen,132.52,52.0,0.0,45,5963.4,3623.4,1,0,5,6
2026-06-28,HOME-AIRP-800,AeroPure Smart H13 HEPA Air Purifier,Home & Kitchen,129.32,52.0,0.0,31,4008.92,2396.92,1,0,6,6
2026-06-29,HOME-AIRP-800,AeroPure Smart H13 HEPA Air Purifier,Home & Kitchen,128.11,52.0,0.0,20,2562.2,1522.2,0,0,0,6
2026-06-30,HOME-AIRP-800,AeroPure Smart H13 HEPA Air Purifier,Home & Kitchen,128.64,52.0,0.0,24,3087.36,1839.36,0,0,1,6
2026-07-01,HOME-AIRP-800,AeroPure Smart H13 HEPA Air Purifier,Home & Kitchen,110.49,52.0,15.0,31,3425.19,1813.19,0,0,2,7
2026-07-02,HOME-AIRP-800,AeroPure Smart H13 HEPA Air Purifier,Home & Kitchen,128.13,52.0,0.0,16,2050.08,1218.08,0,0,3,7
2026-07-03,HOME-AIRP-800,AeroPure Smart H13 HEPA Air Purifier,Home & Kitchen,129.59,52.0,0.0,27,3498.93,2094.93,0,0,4,7
2026-07-04,HOME-AIRP-800,AeroPure Smart H13 HEPA Air Purifier,Home & Kitchen,128.06,52.0,0.0,37,4738.22,2814.22,1,0,5,7
2026-07-05,HOME-AIRP-800,AeroPure Smart H13 HEPA Air Purifier,Home & Kitchen,129.22,52.0,0.0,25,3230.5,1930.5,1,0,6,7
2026-07-06,HOME-AIRP-800,AeroPure Smart H13 HEPA Air Purifier,Home & Kitchen,132.5,52.0,0.0,22,2915.0,1771.0,0,0,0,7
2026-07-07,HOME-AIRP-800,AeroPure Smart H13 HEPA Air Purifier,Home & Kitchen,131.77,52.0,0.0,27,3557.79,2153.79,0,0,1,7
2026-07-08,HOME-AIRP-800,AeroPure Smart H13 HEPA Air Purifier,Home & Kitchen,103.99,52.0,20.0,26,2703.74,1351.74,0,0,2,7
2026-07-09,HOME-AIRP-800,AeroPure Smart H13 HEPA Air Purifier,Home & Kitchen,132.53,52.0,0.0,31,4108.43,2496.43,0,0,3,7
2026-07-10,HOME-AIRP-800,AeroPure Smart H13 HEPA Air Purifier,Home & Kitchen,130.11,52.0,0.0,43,5594.73,3358.73,0,0,4,7
2026-07-11,HOME-AIRP-800,AeroPure Smart H13 HEPA Air Purifier,Home & Kitchen,131.78,52.0,0.0,65,8565.7,5185.7,1,1,5,7
2026-07-12,HOME-AIRP-800,AeroPure Smart H13 HEPA Air Purifier,Home & Kitchen,127.58,52.0,0.0,74,9440.92,5592.92,1,1,6,7
2026-07-13,HOME-AIRP-800,AeroPure Smart H13 HEPA Air Purifier,Home & Kitchen,128.94,52.0,0.0,47,6060.18,3616.18,0,1,0,7
2026-07-14,HOME-AIRP-800,AeroPure Smart H13 HEPA Air Purifier,Home & Kitchen,128.97,52.0,0.0,17,2192.49,1308.49,0,0,1,7
2026-07-15,HOME-AIRP-800,AeroPure Smart H13 HEPA Air Purifier,Home & Kitchen,130.01,52.0,0.0,27,3510.27,2106.27,0,0,2,7
2026-07-16,HOME-AIRP-800,AeroPure Smart H13 HEPA Air Purifier,Home & Kitchen,127.55,52.0,0.0,34,4336.7,2568.7,0,0,3,7
2026-07-17,HOME-AIRP-800,AeroPure Smart H13 HEPA Air Purifier,Home & Kitchen,127.59,52.0,0.0,33,4210.47,2494.47,0,0,4,7
2026-07-18,HOME-AIRP-800,AeroPure Smart H13 HEPA Air Purifier,Home & Kitchen,131.49,52.0,0.0,37,4865.13,2941.13,1,0,5,7
2026-07-19,HOME-AIRP-800,AeroPure Smart H13 HEPA Air Purifier,Home & Kitchen,127.6,52.0,0.0,37,4721.2,2797.2,1,0,6,7
2026-07-20,HOME-AIRP-800,AeroPure Smart H13 HEPA Air Purifier,Home & Kitchen,129.67,52.0,0.0,27,3501.09,2097.09,0,0,0,7
2026-07-21,HOME-AIRP-800,AeroPure Smart H13 HEPA Air Purifier,Home & Kitchen,130.56,52.0,0.0,21,2741.76,1649.76,0,0,1,7
2026-07-22,HOME-AIRP-800,AeroPure Smart H13 HEPA Air Purifier,Home & Kitchen,130.66,52.0,0.0,30,3919.8,2359.8,0,0,2,7
2026-07-23,HOME-AIRP-800,AeroPure Smart H13 HEPA Air Purifier,Home & Kitchen,132.43,52.0,0.0,28,3708.04,2252.04,0,0,3,7
2026-07-24,HOME-AIRP-800,AeroPure Smart H13 HEPA Air Purifier,Home & Kitchen,127.91,52.0,0.0,32,4093.12,2429.12,0,0,4,7
2026-07-25,HOME-AIRP-800,AeroPure Smart H13 HEPA Air Purifier,Home & Kitchen,131.07,52.0,0.0,45,5898.15,3558.15,1,0,5,7
2026-07-26,HOME-AIRP-800,AeroPure Smart H13 HEPA Air Purifier,Home & Kitchen,131.85,52.0,0.0,43,5669.55,3433.55,1,0,6,7
2026-07-27,HOME-AIRP-800,AeroPure Smart H13 HEPA Air Purifier,Home & Kitchen,131.13,52.0,0.0,25,3278.25,1978.25,0,0,0,7
2026-07-28,HOME-AIRP-800,AeroPure Smart H13 HEPA Air Purifier,Home & Kitchen,129.16,52.0,0.0,23,2970.68,1774.68,0,0,1,7
2026-07-29,HOME-AIRP-800,AeroPure Smart H13 HEPA Air Purifier,Home & Kitchen,128.15,52.0,0.0,33,4228.95,2512.95,0,0,2,7
2026-07-30,HOME-AIRP-800,AeroPure Smart H13 HEPA Air Purifier,Home & Kitchen,129.47,52.0,0.0,36,4660.92,2788.92,0,0,3,7
2026-07-31,HOME-AIRP-800,AeroPure Smart H13 HEPA Air Purifier,Home & Kitchen,130.22,52.0,0.0,26,3385.72,2033.72,0,0,4,7
2026-08-01,HOME-AIRP-800,AeroPure Smart H13 HEPA Air Purifier,Home & Kitchen,132.44,52.0,0.0,32,4238.08,2574.08,1,0,5,8
2026-08-02,HOME-AIRP-800,AeroPure Smart H13 HEPA Air Purifier,Home & Kitchen,128.4,52.0,0.0,25,3210.0,1910.0,1,0,6,8
2026-08-03,HOME-AIRP-800,AeroPure Smart H13 HEPA Air Purifier,Home & Kitchen,131.39,52.0,0.0,20,2627.8,1587.8,0,0,0,8
2026-08-04,HOME-AIRP-800,AeroPure Smart H13 HEPA Air Purifier,Home & Kitchen,132.51,52.0,0.0,21,2782.71,1690.71,0,0,1,8
2026-08-05,HOME-AIRP-800,AeroPure Smart H13 HEPA Air Purifier,Home & Kitchen,132.1,52.0,0.0,26,3434.6,2082.6,0,0,2,8
2026-08-06,HOME-AIRP-800,AeroPure Smart H13 HEPA Air Purifier,Home & Kitchen,103.99,52.0,20.0,28,2911.72,1455.72,0,0,3,8
2026-08-07,HOME-AIRP-800,AeroPure Smart H13 HEPA Air Purifier,Home & Kitchen,129.42,52.0,0.0,32,4141.44,2477.44,0,0,4,8
2026-08-08,HOME-AIRP-800,AeroPure Smart H13 HEPA Air Purifier,Home & Kitchen,132.45,52.0,0.0,30,3973.5,2413.5,1,0,5,8
2026-08-09,HOME-AIRP-800,AeroPure Smart H13 HEPA Air Purifier,Home & Kitchen,127.81,52.0,0.0,34,4345.54,2577.54,1,0,6,8
2026-08-10,HOME-AIRP-800,AeroPure Smart H13 HEPA Air Purifier,Home & Kitchen,129.53,52.0,0.0,16,2072.48,1240.48,0,0,0,8
2026-08-11,HOME-AIRP-800,AeroPure Smart H13 HEPA Air Purifier,Home & Kitchen,97.49,52.0,25.0,32,3119.68,1455.68,0,0,1,8
2026-08-12,HOME-AIRP-800,AeroPure Smart H13 HEPA Air Purifier,Home & Kitchen,131.91,52.0,0.0,29,3825.39,2317.39,0,0,2,8
2026-08-13,HOME-AIRP-800,AeroPure Smart H13 HEPA Air Purifier,Home & Kitchen,127.76,52.0,0.0,31,3960.56,2348.56,0,0,3,8
2026-08-14,HOME-AIRP-800,AeroPure Smart H13 HEPA Air Purifier,Home & Kitchen,131.37,52.0,0.0,30,3941.1,2381.1,0,0,4,8
2026-08-15,HOME-AIRP-800,AeroPure Smart H13 HEPA Air Purifier,Home & Kitchen,129.74,52.0,0.0,22,2854.28,1710.28,1,0,5,8
2026-08-16,HOME-AIRP-800,AeroPure Smart H13 HEPA Air Purifier,Home & Kitchen,110.49,52.0,15.0,51,5634.99,2982.99,1,0,6,8
2026-08-17,HOME-AIRP-800,AeroPure Smart H13 HEPA Air Purifier,Home & Kitchen,132.24,52.0,0.0,28,3702.72,2246.72,0,0,0,8
2026-08-18,HOME-AIRP-800,AeroPure Smart H13 HEPA Air Purifier,Home & Kitchen,128.59,52.0,0.0,23,2957.57,1761.57,0,0,1,8
2026-08-19,HOME-AIRP-800,AeroPure Smart H13 HEPA Air Purifier,Home & Kitchen,129.96,52.0,0.0,25,3249.0,1949.0,0,0,2,8
2026-08-20,HOME-AIRP-800,AeroPure Smart H13 HEPA Air Purifier,Home & Kitchen,129.65,52.0,0.0,34,4408.1,2640.1,0,0,3,8
2026-08-21,HOME-AIRP-800,AeroPure Smart H13 HEPA Air Purifier,Home & Kitchen,129.97,52.0,0.0,29,3769.13,2261.13,0,0,4,8
2026-08-22,HOME-AIRP-800,AeroPure Smart H13 HEPA Air Purifier,Home & Kitchen,129.27,52.0,0.0,42,5429.34,3245.34,1,0,5,8
2026-08-23,HOME-AIRP-800,AeroPure Smart H13 HEPA Air Purifier,Home & Kitchen,130.11,52.0,0.0,32,4163.52,2499.52,1,0,6,8
2026-08-24,HOME-AIRP-800,AeroPure Smart H13 HEPA Air Purifier,Home & Kitchen,103.99,52.0,20.0,28,2911.72,1455.72,0,0,0,8
2026-08-25,HOME-AIRP-800,AeroPure Smart H13 HEPA Air Purifier,Home & Kitchen,128.64,52.0,0.0,31,3987.84,2375.84,0,0,1,8
2026-08-26,HOME-AIRP-800,AeroPure Smart H13 HEPA Air Purifier,Home & Kitchen,129.1,52.0,0.0,27,3485.7,2081.7,0,0,2,8
2026-08-27,HOME-AIRP-800,AeroPure Smart H13 HEPA Air Purifier,Home & Kitchen,128.87,52.0,0.0,26,3350.62,1998.62,0,0,3,8
2026-08-28,HOME-AIRP-800,AeroPure Smart H13 HEPA Air Purifier,Home & Kitchen,130.12,52.0,0.0,33,4293.96,2577.96,0,0,4,8
2026-08-29,HOME-AIRP-800,AeroPure Smart H13 HEPA Air Purifier,Home & Kitchen,130.79,52.0,0.0,31,4054.49,2442.49,1,0,5,8
2026-08-30,HOME-AIRP-800,AeroPure Smart H13 HEPA Air Purifier,Home & Kitchen,131.35,52.0,0.0,39,5122.65,3094.65,1,0,6,8
2026-08-31,HOME-AIRP-800,AeroPure Smart H13 HEPA Air Purifier,Home & Kitchen,129.51,52.0,0.0,25,3237.75,1937.75,0,0,0,8
2026-09-01,HOME-AIRP-800,AeroPure Smart H13 HEPA Air Purifier,Home & Kitchen,130.82,52.0,0.0,13,1700.66,1024.66,0,0,1,9
2026-09-02,HOME-AIRP-800,AeroPure Smart H13 HEPA Air Purifier,Home & Kitchen,131.69,52.0,0.0,23,3028.87,1832.87,0,0,2,9
2026-09-03,HOME-AIRP-800,AeroPure Smart H13 HEPA Air Purifier,Home & Kitchen,132.51,52.0,0.0,40,5300.4,3220.4,0,1,3,9
2026-09-04,HOME-AIRP-800,AeroPure Smart H13 HEPA Air Purifier,Home & Kitchen,129.53,52.0,0.0,40,5181.2,3101.2,0,1,4,9
2026-09-05,HOME-AIRP-800,AeroPure Smart H13 HEPA Air Purifier,Home & Kitchen,129.17,52.0,0.0,44,5683.48,3395.48,1,1,5,9
2026-09-06,HOME-AIRP-800,AeroPure Smart H13 HEPA Air Purifier,Home & Kitchen,128.53,52.0,0.0,31,3984.43,2372.43,1,0,6,9
2026-09-07,HOME-AIRP-800,AeroPure Smart H13 HEPA Air Purifier,Home & Kitchen,129.8,52.0,0.0,22,2855.6,1711.6,0,0,0,9
2026-09-08,HOME-AIRP-800,AeroPure Smart H13 HEPA Air Purifier,Home & Kitchen,129.24,52.0,0.0,24,3101.76,1853.76,0,0,1,9
2026-09-09,HOME-AIRP-800,AeroPure Smart H13 HEPA Air Purifier,Home & Kitchen,131.21,52.0,0.0,24,3149.04,1901.04,0,0,2,9
2026-09-10,HOME-AIRP-800,AeroPure Smart H13 HEPA Air Purifier,Home & Kitchen,131.73,52.0,0.0,19,2502.87,1514.87,0,0,3,9
2026-09-11,HOME-AIRP-800,AeroPure Smart H13 HEPA Air Purifier,Home & Kitchen,127.85,52.0,0.0,27,3451.95,2047.95,0,0,4,9
2026-09-12,HOME-AIRP-800,AeroPure Smart H13 HEPA Air Purifier,Home & Kitchen,131.83,52.0,0.0,38,5009.54,3033.54,1,0,5,9
2026-09-13,HOME-AIRP-800,AeroPure Smart H13 HEPA Air Purifier,Home & Kitchen,130.06,52.0,0.0,34,4422.04,2654.04,1,0,6,9
2026-09-14,HOME-AIRP-800,AeroPure Smart H13 HEPA Air Purifier,Home & Kitchen,110.49,52.0,15.0,36,3977.64,2105.64,0,0,0,9
2026-09-15,HOME-AIRP-800,AeroPure Smart H13 HEPA Air Purifier,Home & Kitchen,131.02,52.0,0.0,23,3013.46,1817.46,0,0,1,9
2026-09-16,HOME-AIRP-800,AeroPure Smart H13 HEPA Air Purifier,Home & Kitchen,128.7,52.0,0.0,22,2831.4,1687.4,0,0,2,9
2026-09-17,HOME-AIRP-800,AeroPure Smart H13 HEPA Air Purifier,Home & Kitchen,129.95,52.0,0.0,33,4288.35,2572.35,0,0,3,9
2026-09-18,HOME-AIRP-800,AeroPure Smart H13 HEPA Air Purifier,Home & Kitchen,129.31,52.0,0.0,38,4913.78,2937.78,0,0,4,9
2026-09-19,HOME-AIRP-800,AeroPure Smart H13 HEPA Air Purifier,Home & Kitchen,130.07,52.0,0.0,30,3902.1,2342.1,1,0,5,9
2026-09-20,HOME-AIRP-800,AeroPure Smart H13 HEPA Air Purifier,Home & Kitchen,130.8,52.0,0.0,23,3008.4,1812.4,1,0,6,9
2026-09-21,HOME-AIRP-800,AeroPure Smart H13 HEPA Air Purifier,Home & Kitchen,131.44,52.0,0.0,18,2365.92,1429.92,0,0,0,9
2026-09-22,HOME-AIRP-800,AeroPure Smart H13 HEPA Air Purifier,Home & Kitchen,130.52,52.0,0.0,18,2349.36,1413.36,0,0,1,9
2026-09-23,HOME-AIRP-800,AeroPure Smart H13 HEPA Air Purifier,Home & Kitchen,129.52,52.0,0.0,27,3497.04,2093.04,0,0,2,9
2026-09-24,HOME-AIRP-800,AeroPure Smart H13 HEPA Air Purifier,Home & Kitchen,130.16,52.0,0.0,27,3514.32,2110.32,0,0,3,9
2026-09-25,HOME-AIRP-800,AeroPure Smart H13 HEPA Air Purifier,Home & Kitchen,129.13,52.0,0.0,38,4906.94,2930.94,0,0,4,9
2026-09-26,HOME-AIRP-800,AeroPure Smart H13 HEPA Air Purifier,Home & Kitchen,131.67,52.0,0.0,33,4345.11,2629.11,1,0,5,9
2026-09-27,HOME-AIRP-800,AeroPure Smart H13 HEPA Air Purifier,Home & Kitchen,130.21,52.0,0.0,28,3645.88,2189.88,1,0,6,9
2026-09-28,HOME-AIRP-800,AeroPure Smart H13 HEPA Air Purifier,Home & Kitchen,129.86,52.0,0.0,29,3765.94,2257.94,0,0,0,9
2026-09-29,HOME-AIRP-800,AeroPure Smart H13 HEPA Air Purifier,Home & Kitchen,130.95,52.0,0.0,20,2619.0,1579.0,0,0,1,9
2026-09-30,HOME-AIRP-800,AeroPure Smart H13 HEPA Air Purifier,Home & Kitchen,128.1,52.0,0.0,25,3202.5,1902.5,0,0,2,9
2026-10-01,HOME-AIRP-800,AeroPure Smart H13 HEPA Air Purifier,Home & Kitchen,130.27,52.0,0.0,26,3387.02,2035.02,0,0,3,10
2026-10-02,HOME-AIRP-800,AeroPure Smart H13 HEPA Air Purifier,Home & Kitchen,129.98,52.0,0.0,35,4549.3,2729.3,0,0,4,10
2026-10-03,HOME-AIRP-800,AeroPure Smart H13 HEPA Air Purifier,Home & Kitchen,131.51,52.0,0.0,25,3287.75,1987.75,1,0,5,10
2026-10-04,HOME-AIRP-800,AeroPure Smart H13 HEPA Air Purifier,Home & Kitchen,128.36,52.0,0.0,34,4364.24,2596.24,1,0,6,10
2025-10-05,HOME-DESK-900,ErgoFlex Ergonomic Lumbar Mesh Chair,Home & Kitchen,303.84,135.0,0.0,16,4861.44,2701.44,1,0,6,10
2025-10-06,HOME-DESK-900,ErgoFlex Ergonomic Lumbar Mesh Chair,Home & Kitchen,299.64,135.0,0.0,12,3595.68,1975.68,0,0,0,10
2025-10-07,HOME-DESK-900,ErgoFlex Ergonomic Lumbar Mesh Chair,Home & Kitchen,303.93,135.0,0.0,15,4558.95,2533.95,0,0,1,10
2025-10-08,HOME-DESK-900,ErgoFlex Ergonomic Lumbar Mesh Chair,Home & Kitchen,293.81,135.0,0.0,13,3819.53,2064.53,0,0,2,10
2025-10-09,HOME-DESK-900,ErgoFlex Ergonomic Lumbar Mesh Chair,Home & Kitchen,296.92,135.0,0.0,16,4750.72,2590.72,0,0,3,10
2025-10-10,HOME-DESK-900,ErgoFlex Ergonomic Lumbar Mesh Chair,Home & Kitchen,300.32,135.0,0.0,18,5405.76,2975.76,0,0,4,10
2025-10-11,HOME-DESK-900,ErgoFlex Ergonomic Lumbar Mesh Chair,Home & Kitchen,298.99,135.0,0.0,21,6278.79,3443.79,1,0,5,10
2025-10-12,HOME-DESK-900,ErgoFlex Ergonomic Lumbar Mesh Chair,Home & Kitchen,304.22,135.0,0.0,15,4563.3,2538.3,1,0,6,10
2025-10-13,HOME-DESK-900,ErgoFlex Ergonomic Lumbar Mesh Chair,Home & Kitchen,293.9,135.0,0.0,13,3820.7,2065.7,0,0,0,10
2025-10-14,HOME-DESK-900,ErgoFlex Ergonomic Lumbar Mesh Chair,Home & Kitchen,239.2,135.0,20.0,15,3588.0,1563.0,0,0,1,10
2025-10-15,HOME-DESK-900,ErgoFlex Ergonomic Lumbar Mesh Chair,Home & Kitchen,300.47,135.0,0.0,9,2704.23,1489.23,0,0,2,10
2025-10-16,HOME-DESK-900,ErgoFlex Ergonomic Lumbar Mesh Chair,Home & Kitchen,295.14,135.0,0.0,12,3541.68,1921.68,0,0,3,10
2025-10-17,HOME-DESK-900,ErgoFlex Ergonomic Lumbar Mesh Chair,Home & Kitchen,297.51,135.0,0.0,16,4760.16,2600.16,0,0,4,10
2025-10-18,HOME-DESK-900,ErgoFlex Ergonomic Lumbar Mesh Chair,Home & Kitchen,294.06,135.0,0.0,23,6763.38,3658.38,1,0,5,10
2025-10-19,HOME-DESK-900,ErgoFlex Ergonomic Lumbar Mesh Chair,Home & Kitchen,298.77,135.0,0.0,20,5975.4,3275.4,1,0,6,10
2025-10-20,HOME-DESK-900,ErgoFlex Ergonomic Lumbar Mesh Chair,Home & Kitchen,303.72,135.0,0.0,18,5466.96,3036.96,0,0,0,10
2025-10-21,HOME-DESK-900,ErgoFlex Ergonomic Lumbar Mesh Chair,Home & Kitchen,301.29,135.0,0.0,11,3314.19,1829.19,0,0,1,10
2025-10-22,HOME-DESK-900,ErgoFlex Ergonomic Lumbar Mesh Chair,Home & Kitchen,296.83,135.0,0.0,19,5639.77,3074.77,0,0,2,10
2025-10-23,HOME-DESK-900,ErgoFlex Ergonomic Lumbar Mesh Chair,Home & Kitchen,299.57,135.0,0.0,13,3894.41,2139.41,0,0,3,10
2025-10-24,HOME-DESK-900,ErgoFlex Ergonomic Lumbar Mesh Chair,Home & Kitchen,297.03,135.0,0.0,15,4455.45,2430.45,0,0,4,10
2025-10-25,HOME-DESK-900,ErgoFlex Ergonomic Lumbar Mesh Chair,Home & Kitchen,295.32,135.0,0.0,20,5906.4,3206.4,1,0,5,10
2025-10-26,HOME-DESK-900,ErgoFlex Ergonomic Lumbar Mesh Chair,Home & Kitchen,224.25,135.0,25.0,25,5606.25,2231.25,1,0,6,10
2025-10-27,HOME-DESK-900,ErgoFlex Ergonomic Lumbar Mesh Chair,Home & Kitchen,293.37,135.0,0.0,13,3813.81,2058.81,0,0,0,10
2025-10-28,HOME-DESK-900,ErgoFlex Ergonomic Lumbar Mesh Chair,Home & Kitchen,298.82,135.0,0.0,15,4482.3,2457.3,0,0,1,10
2025-10-29,HOME-DESK-900,ErgoFlex Ergonomic Lumbar Mesh Chair,Home & Kitchen,295.57,135.0,0.0,12,3546.84,1926.84,0,0,2,10
2025-10-30,HOME-DESK-900,ErgoFlex Ergonomic Lumbar Mesh Chair,Home & Kitchen,297.04,135.0,0.0,19,5643.76,3078.76,0,1,3,10
2025-10-31,HOME-DESK-900,ErgoFlex Ergonomic Lumbar Mesh Chair,Home & Kitchen,303.94,135.0,0.0,19,5774.86,3209.86,0,1,4,10
2025-11-01,HOME-DESK-900,ErgoFlex Ergonomic Lumbar Mesh Chair,Home & Kitchen,302.18,135.0,0.0,16,4834.88,2674.88,1,0,5,11
2025-11-02,HOME-DESK-900,ErgoFlex Ergonomic Lumbar Mesh Chair,Home & Kitchen,297.05,135.0,0.0,16,4752.8,2592.8,1,0,6,11
2025-11-03,HOME-DESK-900,ErgoFlex Ergonomic Lumbar Mesh Chair,Home & Kitchen,301.03,135.0,0.0,8,2408.24,1328.24,0,0,0,11
2025-11-04,HOME-DESK-900,ErgoFlex Ergonomic Lumbar Mesh Chair,Home & Kitchen,304.73,135.0,0.0,13,3961.49,2206.49,0,0,1,11
2025-11-05,HOME-DESK-900,ErgoFlex Ergonomic Lumbar Mesh Chair,Home & Kitchen,300.5,135.0,0.0,13,3906.5,2151.5,0,0,2,11
2025-11-06,HOME-DESK-900,ErgoFlex Ergonomic Lumbar Mesh Chair,Home & Kitchen,298.74,135.0,0.0,16,4779.84,2619.84,0,0,3,11
2025-11-07,HOME-DESK-900,ErgoFlex Ergonomic Lumbar Mesh Chair,Home & Kitchen,304.82,135.0,0.0,20,6096.4,3396.4,0,0,4,11
2025-11-08,HOME-DESK-900,ErgoFlex Ergonomic Lumbar Mesh Chair,Home & Kitchen,301.7,135.0,0.0,14,4223.8,2333.8,1,0,5,11
2025-11-09,HOME-DESK-900,ErgoFlex Ergonomic Lumbar Mesh Chair,Home & Kitchen,294.78,135.0,0.0,17,5011.26,2716.26,1,0,6,11
2025-11-10,HOME-DESK-900,ErgoFlex Ergonomic Lumbar Mesh Chair,Home & Kitchen,296.37,135.0,0.0,17,5038.29,2743.29,0,0,0,11
2025-11-11,HOME-DESK-900,ErgoFlex Ergonomic Lumbar Mesh Chair,Home & Kitchen,269.1,135.0,10.0,14,3767.4,1877.4,0,0,1,11
2025-11-12,HOME-DESK-900,ErgoFlex Ergonomic Lumbar Mesh Chair,Home & Kitchen,304.09,135.0,0.0,9,2736.81,1521.81,0,0,2,11
2025-11-13,HOME-DESK-900,ErgoFlex Ergonomic Lumbar Mesh Chair,Home & Kitchen,301.48,135.0,0.0,20,6029.6,3329.6,0,0,3,11
2025-11-14,HOME-DESK-900,ErgoFlex Ergonomic Lumbar Mesh Chair,Home & Kitchen,300.01,135.0,0.0,19,5700.19,3135.19,0,0,4,11
2025-11-15,HOME-DESK-900,ErgoFlex Ergonomic Lumbar Mesh Chair,Home & Kitchen,297.49,135.0,0.0,20,5949.8,3249.8,1,0,5,11
2025-11-16,HOME-DESK-900,ErgoFlex Ergonomic Lumbar Mesh Chair,Home & Kitchen,296.84,135.0,0.0,12,3562.08,1942.08,1,0,6,11
2025-11-17,HOME-DESK-900,ErgoFlex Ergonomic Lumbar Mesh Chair,Home & Kitchen,296.44,135.0,0.0,10,2964.4,1614.4,0,0,0,11
2025-11-18,HOME-DESK-900,ErgoFlex Ergonomic Lumbar Mesh Chair,Home & Kitchen,302.41,135.0,0.0,12,3628.92,2008.92,0,0,1,11
2025-11-19,HOME-DESK-900,ErgoFlex Ergonomic Lumbar Mesh Chair,Home & Kitchen,294.42,135.0,0.0,13,3827.46,2072.46,0,0,2,11
2025-11-20,HOME-DESK-900,ErgoFlex Ergonomic Lumbar Mesh Chair,Home & Kitchen,300.83,135.0,0.0,11,3309.13,1824.13,0,0,3,11
2025-11-21,HOME-DESK-900,ErgoFlex Ergonomic Lumbar Mesh Chair,Home & Kitchen,303.25,135.0,0.0,12,3639.0,2019.0,0,0,4,11
2025-11-22,HOME-DESK-900,ErgoFlex Ergonomic Lumbar Mesh Chair,Home & Kitchen,297.28,135.0,0.0,13,3864.64,2109.64,1,0,5,11
2025-11-23,HOME-DESK-900,ErgoFlex Ergonomic Lumbar Mesh Chair,Home & Kitchen,269.1,135.0,10.0,21,5651.1,2816.1,1,0,6,11
2025-11-24,HOME-DESK-900,ErgoFlex Ergonomic Lumbar Mesh Chair,Home & Kitchen,269.1,135.0,10.0,9,2421.9,1206.9,0,0,0,11
2025-11-25,HOME-DESK-900,ErgoFlex Ergonomic Lumbar Mesh Chair,Home & Kitchen,239.2,135.0,20.0,8,1913.6,833.6,0,0,1,11
2025-11-26,HOME-DESK-900,ErgoFlex Ergonomic Lumbar Mesh Chair,Home & Kitchen,294.58,135.0,0.0,33,9721.14,5266.14,0,1,2,11
2025-11-27,HOME-DESK-900,ErgoFlex Ergonomic Lumbar Mesh Chair,Home & Kitchen,300.51,135.0,0.0,36,10818.36,5958.36,0,1,3,11
2025-11-28,HOME-DESK-900,ErgoFlex Ergonomic Lumbar Mesh Chair,Home & Kitchen,300.43,135.0,0.0,36,10815.48,5955.48,0,1,4,11
2025-11-29,HOME-DESK-900,ErgoFlex Ergonomic Lumbar Mesh Chair,Home & Kitchen,300.96,135.0,0.0,52,15649.92,8629.92,1,1,5,11
2025-11-30,HOME-DESK-900,ErgoFlex Ergonomic Lumbar Mesh Chair,Home & Kitchen,293.51,135.0,0.0,49,14381.99,7766.99,1,1,6,11
2025-12-01,HOME-DESK-900,ErgoFlex Ergonomic Lumbar Mesh Chair,Home & Kitchen,303.4,135.0,0.0,11,3337.4,1852.4,0,0,0,12
2025-12-02,HOME-DESK-900,ErgoFlex Ergonomic Lumbar Mesh Chair,Home & Kitchen,299.51,135.0,0.0,12,3594.12,1974.12,0,0,1,12
2025-12-03,HOME-DESK-900,ErgoFlex Ergonomic Lumbar Mesh Chair,Home & Kitchen,299.96,135.0,0.0,14,4199.44,2309.44,0,0,2,12
2025-12-04,HOME-DESK-900,ErgoFlex Ergonomic Lumbar Mesh Chair,Home & Kitchen,303.72,135.0,0.0,10,3037.2,1687.2,0,0,3,12
2025-12-05,HOME-DESK-900,ErgoFlex Ergonomic Lumbar Mesh Chair,Home & Kitchen,295.75,135.0,0.0,23,6802.25,3697.25,0,0,4,12
2025-12-06,HOME-DESK-900,ErgoFlex Ergonomic Lumbar Mesh Chair,Home & Kitchen,302.21,135.0,0.0,16,4835.36,2675.36,1,0,5,12
2025-12-07,HOME-DESK-900,ErgoFlex Ergonomic Lumbar Mesh Chair,Home & Kitchen,302.46,135.0,0.0,15,4536.9,2511.9,1,0,6,12
2025-12-08,HOME-DESK-900,ErgoFlex Ergonomic Lumbar Mesh Chair,Home & Kitchen,303.9,135.0,0.0,16,4862.4,2702.4,0,0,0,12
2025-12-09,HOME-DESK-900,ErgoFlex Ergonomic Lumbar Mesh Chair,Home & Kitchen,293.93,135.0,0.0,14,4115.02,2225.02,0,0,1,12
2025-12-10,HOME-DESK-900,ErgoFlex Ergonomic Lumbar Mesh Chair,Home & Kitchen,295.22,135.0,0.0,18,5313.96,2883.96,0,0,2,12
2025-12-11,HOME-DESK-900,ErgoFlex Ergonomic Lumbar Mesh Chair,Home & Kitchen,297.65,135.0,0.0,16,4762.4,2602.4,0,0,3,12
2025-12-12,HOME-DESK-900,ErgoFlex Ergonomic Lumbar Mesh Chair,Home & Kitchen,294.09,135.0,0.0,15,4411.35,2386.35,0,0,4,12
2025-12-13,HOME-DESK-900,ErgoFlex Ergonomic Lumbar Mesh Chair,Home & Kitchen,295.3,135.0,0.0,16,4724.8,2564.8,1,0,5,12
2025-12-14,HOME-DESK-900,ErgoFlex Ergonomic Lumbar Mesh Chair,Home & Kitchen,269.1,135.0,10.0,27,7265.7,3620.7,1,0,6,12
2025-12-15,HOME-DESK-900,ErgoFlex Ergonomic Lumbar Mesh Chair,Home & Kitchen,301.46,135.0,0.0,11,3316.06,1831.06,0,0,0,12
2025-12-16,HOME-DESK-900,ErgoFlex Ergonomic Lumbar Mesh Chair,Home & Kitchen,300.44,135.0,0.0,12,3605.28,1985.28,0,0,1,12
2025-12-17,HOME-DESK-900,ErgoFlex Ergonomic Lumbar Mesh Chair,Home & Kitchen,296.65,135.0,0.0,27,8009.55,4364.55,0,1,2,12
2025-12-18,HOME-DESK-900,ErgoFlex Ergonomic Lumbar Mesh Chair,Home & Kitchen,303.66,135.0,0.0,21,6376.86,3541.86,0,1,3,12
2025-12-19,HOME-DESK-900,ErgoFlex Ergonomic Lumbar Mesh Chair,Home & Kitchen,300.07,135.0,0.0,38,11402.66,6272.66,0,1,4,12
2025-12-20,HOME-DESK-900,ErgoFlex Ergonomic Lumbar Mesh Chair,Home & Kitchen,300.77,135.0,0.0,14,4210.78,2320.78,1,0,5,12
2025-12-21,HOME-DESK-900,ErgoFlex Ergonomic Lumbar Mesh Chair,Home & Kitchen,302.43,135.0,0.0,22,6653.46,3683.46,1,0,6,12
2025-12-22,HOME-DESK-900,ErgoFlex Ergonomic Lumbar Mesh Chair,Home & Kitchen,297.28,135.0,0.0,14,4161.92,2271.92,0,0,0,12
2025-12-23,HOME-DESK-900,ErgoFlex Ergonomic Lumbar Mesh Chair,Home & Kitchen,301.28,135.0,0.0,19,5724.32,3159.32,0,1,1,12
2025-12-24,HOME-DESK-900,ErgoFlex Ergonomic Lumbar Mesh Chair,Home & Kitchen,302.76,135.0,0.0,23,6963.48,3858.48,0,1,2,12
2025-12-25,HOME-DESK-900,ErgoFlex Ergonomic Lumbar Mesh Chair,Home & Kitchen,297.71,135.0,0.0,25,7442.75,4067.75,0,1,3,12
2025-12-26,HOME-DESK-900,ErgoFlex Ergonomic Lumbar Mesh Chair,Home & Kitchen,295.48,135.0,0.0,19,5614.12,3049.12,0,1,4,12
2025-12-27,HOME-DESK-900,ErgoFlex Ergonomic Lumbar Mesh Chair,Home & Kitchen,299.56,135.0,0.0,23,6889.88,3784.88,1,1,5,12
2025-12-28,HOME-DESK-900,ErgoFlex Ergonomic Lumbar Mesh Chair,Home & Kitchen,300.16,135.0,0.0,16,4802.56,2642.56,1,0,6,12
2025-12-29,HOME-DESK-900,ErgoFlex Ergonomic Lumbar Mesh Chair,Home & Kitchen,224.25,135.0,25.0,23,5157.75,2052.75,0,0,0,12
2025-12-30,HOME-DESK-900,ErgoFlex Ergonomic Lumbar Mesh Chair,Home & Kitchen,295.92,135.0,0.0,9,2663.28,1448.28,0,0,1,12
2025-12-31,HOME-DESK-900,ErgoFlex Ergonomic Lumbar Mesh Chair,Home & Kitchen,302.19,135.0,0.0,20,6043.8,3343.8,0,0,2,12
2026-01-01,HOME-DESK-900,ErgoFlex Ergonomic Lumbar Mesh Chair,Home & Kitchen,254.15,135.0,15.0,27,6862.05,3217.05,0,1,3,1
2026-01-02,HOME-DESK-900,ErgoFlex Ergonomic Lumbar Mesh Chair,Home & Kitchen,296.55,135.0,0.0,24,7117.2,3877.2,0,1,4,1
2026-01-03,HOME-DESK-900,ErgoFlex Ergonomic Lumbar Mesh Chair,Home & Kitchen,295.45,135.0,0.0,16,4727.2,2567.2,1,0,5,1
2026-01-04,HOME-DESK-900,ErgoFlex Ergonomic Lumbar Mesh Chair,Home & Kitchen,295.25,135.0,0.0,25,7381.25,4006.25,1,0,6,1
2026-01-05,HOME-DESK-900,ErgoFlex Ergonomic Lumbar Mesh Chair,Home & Kitchen,294.47,135.0,0.0,16,4711.52,2551.52,0,0,0,1
2026-01-06,HOME-DESK-900,ErgoFlex Ergonomic Lumbar Mesh Chair,Home & Kitchen,293.89,135.0,0.0,18,5290.02,2860.02,0,0,1,1
2026-01-07,HOME-DESK-900,ErgoFlex Ergonomic Lumbar Mesh Chair,Home & Kitchen,300.91,135.0,0.0,22,6620.02,3650.02,0,0,2,1
2026-01-08,HOME-DESK-900,ErgoFlex Ergonomic Lumbar Mesh Chair,Home & Kitchen,298.79,135.0,0.0,6,1792.74,982.74,0,0,3,1
2026-01-09,HOME-DESK-900,ErgoFlex Ergonomic Lumbar Mesh Chair,Home & Kitchen,296.04,135.0,0.0,23,6808.92,3703.92,0,0,4,1
2026-01-10,HOME-DESK-900,ErgoFlex Ergonomic Lumbar Mesh Chair,Home & Kitchen,300.6,135.0,0.0,18,5410.8,2980.8,1,0,5,1
2026-01-11,HOME-DESK-900,ErgoFlex Ergonomic Lumbar Mesh Chair,Home & Kitchen,293.93,135.0,0.0,9,2645.37,1430.37,1,0,6,1
2026-01-12,HOME-DESK-900,ErgoFlex Ergonomic Lumbar Mesh Chair,Home & Kitchen,293.06,135.0,0.0,15,4395.9,2370.9,0,0,0,1
2026-01-13,HOME-DESK-900,ErgoFlex Ergonomic Lumbar Mesh Chair,Home & Kitchen,294.54,135.0,0.0,11,3239.94,1754.94,0,0,1,1
2026-01-14,HOME-DESK-900,ErgoFlex Ergonomic Lumbar Mesh Chair,Home & Kitchen,300.87,135.0,0.0,13,3911.31,2156.31,0,0,2,1
2026-01-15,HOME-DESK-900,ErgoFlex Ergonomic Lumbar Mesh Chair,Home & Kitchen,239.2,135.0,20.0,14,3348.8,1458.8,0,0,3,1
2026-01-16,HOME-DESK-900,ErgoFlex Ergonomic Lumbar Mesh Chair,Home & Kitchen,293.55,135.0,0.0,17,4990.35,2695.35,0,0,4,1
2026-01-17,HOME-DESK-900,ErgoFlex Ergonomic Lumbar Mesh Chair,Home & Kitchen,294.58,135.0,0.0,21,6186.18,3351.18,1,0,5,1
2026-01-18,HOME-DESK-900,ErgoFlex Ergonomic Lumbar Mesh Chair,Home & Kitchen,304.83,135.0,0.0,19,5791.77,3226.77,1,0,6,1
2026-01-19,HOME-DESK-900,ErgoFlex Ergonomic Lumbar Mesh Chair,Home & Kitchen,299.84,135.0,0.0,13,3897.92,2142.92,0,0,0,1
2026-01-20,HOME-DESK-900,ErgoFlex Ergonomic Lumbar Mesh Chair,Home & Kitchen,298.55,135.0,0.0,12,3582.6,1962.6,0,0,1,1
2026-01-21,HOME-DESK-900,ErgoFlex Ergonomic Lumbar Mesh Chair,Home & Kitchen,296.29,135.0,0.0,20,5925.8,3225.8,0,0,2,1
2026-01-22,HOME-DESK-900,ErgoFlex Ergonomic Lumbar Mesh Chair,Home & Kitchen,303.09,135.0,0.0,13,3940.17,2185.17,0,0,3,1
2026-01-23,HOME-DESK-900,ErgoFlex Ergonomic Lumbar Mesh Chair,Home & Kitchen,224.25,135.0,25.0,24,5382.0,2142.0,0,0,4,1
2026-01-24,HOME-DESK-900,ErgoFlex Ergonomic Lumbar Mesh Chair,Home & Kitchen,298.98,135.0,0.0,17,5082.66,2787.66,1,0,5,1
2026-01-25,HOME-DESK-900,ErgoFlex Ergonomic Lumbar Mesh Chair,Home & Kitchen,294.37,135.0,0.0,17,5004.29,2709.29,1,0,6,1
2026-01-26,HOME-DESK-900,ErgoFlex Ergonomic Lumbar Mesh Chair,Home & Kitchen,303.32,135.0,0.0,10,3033.2,1683.2,0,0,0,1
2026-01-27,HOME-DESK-900,ErgoFlex Ergonomic Lumbar Mesh Chair,Home & Kitchen,295.0,135.0,0.0,12,3540.0,1920.0,0,0,1,1
2026-01-28,HOME-DESK-900,ErgoFlex Ergonomic Lumbar Mesh Chair,Home & Kitchen,295.01,135.0,0.0,15,4425.15,2400.15,0,0,2,1
2026-01-29,HOME-DESK-900,ErgoFlex Ergonomic Lumbar Mesh Chair,Home & Kitchen,297.99,135.0,0.0,15,4469.85,2444.85,0,0,3,1
2026-01-30,HOME-DESK-900,ErgoFlex Ergonomic Lumbar Mesh Chair,Home & Kitchen,300.23,135.0,0.0,18,5404.14,2974.14,0,0,4,1
2026-01-31,HOME-DESK-900,ErgoFlex Ergonomic Lumbar Mesh Chair,Home & Kitchen,297.82,135.0,0.0,23,6849.86,3744.86,1,0,5,1
2026-02-01,HOME-DESK-900,ErgoFlex Ergonomic Lumbar Mesh Chair,Home & Kitchen,295.43,135.0,0.0,22,6499.46,3529.46,1,0,6,2
2026-02-02,HOME-DESK-900,ErgoFlex Ergonomic Lumbar Mesh Chair,Home & Kitchen,298.78,135.0,0.0,11,3286.58,1801.58,0,0,0,2
2026-02-03,HOME-DESK-900,ErgoFlex Ergonomic Lumbar Mesh Chair,Home & Kitchen,254.15,135.0,15.0,20,5083.0,2383.0,0,0,1,2
2026-02-04,HOME-DESK-900,ErgoFlex Ergonomic Lumbar Mesh Chair,Home & Kitchen,303.47,135.0,0.0,14,4248.58,2358.58,0,0,2,2
2026-02-05,HOME-DESK-900,ErgoFlex Ergonomic Lumbar Mesh Chair,Home & Kitchen,269.1,135.0,10.0,19,5112.9,2547.9,0,0,3,2
2026-02-06,HOME-DESK-900,ErgoFlex Ergonomic Lumbar Mesh Chair,Home & Kitchen,304.21,135.0,0.0,15,4563.15,2538.15,0,0,4,2
2026-02-07,HOME-DESK-900,ErgoFlex Ergonomic Lumbar Mesh Chair,Home & Kitchen,300.8,135.0,0.0,19,5715.2,3150.2,1,0,5,2
2026-02-08,HOME-DESK-900,ErgoFlex Ergonomic Lumbar Mesh Chair,Home & Kitchen,304.86,135.0,0.0,15,4572.9,2547.9,1,0,6,2
2026-02-09,HOME-DESK-900,ErgoFlex Ergonomic Lumbar Mesh Chair,Home & Kitchen,303.36,135.0,0.0,14,4247.04,2357.04,0,0,0,2
2026-02-10,HOME-DESK-900,ErgoFlex Ergonomic Lumbar Mesh Chair,Home & Kitchen,304.81,135.0,0.0,12,3657.72,2037.72,0,0,1,2
2026-02-11,HOME-DESK-900,ErgoFlex Ergonomic Lumbar Mesh Chair,Home & Kitchen,294.94,135.0,0.0,12,3539.28,1919.28,0,0,2,2
2026-02-12,HOME-DESK-900,ErgoFlex Ergonomic Lumbar Mesh Chair,Home & Kitchen,254.15,135.0,15.0,20,5083.0,2383.0,0,0,3,2
2026-02-13,HOME-DESK-900,ErgoFlex Ergonomic Lumbar Mesh Chair,Home & Kitchen,296.24,135.0,0.0,26,7702.24,4192.24,0,1,4,2
2026-02-14,HOME-DESK-900,ErgoFlex Ergonomic Lumbar Mesh Chair,Home & Kitchen,300.04,135.0,0.0,27,8101.08,4456.08,1,1,5,2
2026-02-15,HOME-DESK-900,ErgoFlex Ergonomic Lumbar Mesh Chair,Home & Kitchen,299.58,135.0,0.0,27,8088.66,4443.66,1,1,6,2
2026-02-16,HOME-DESK-900,ErgoFlex Ergonomic Lumbar Mesh Chair,Home & Kitchen,304.25,135.0,0.0,8,2434.0,1354.0,0,0,0,2
2026-02-17,HOME-DESK-900,ErgoFlex Ergonomic Lumbar Mesh Chair,Home & Kitchen,304.24,135.0,0.0,10,3042.4,1692.4,0,0,1,2
2026-02-18,HOME-DESK-900,ErgoFlex Ergonomic Lumbar Mesh Chair,Home & Kitchen,302.51,135.0,0.0,15,4537.65,2512.65,0,0,2,2
2026-02-19,HOME-DESK-900,ErgoFlex Ergonomic Lumbar Mesh Chair,Home & Kitchen,293.43,135.0,0.0,17,4988.31,2693.31,0,0,3,2
2026-02-20,HOME-DESK-900,ErgoFlex Ergonomic Lumbar Mesh Chair,Home & Kitchen,304.16,135.0,0.0,19,5779.04,3214.04,0,0,4,2
2026-02-21,HOME-DESK-900,ErgoFlex Ergonomic Lumbar Mesh Chair,Home & Kitchen,295.8,135.0,0.0,26,7690.8,4180.8,1,0,5,2
2026-02-22,HOME-DESK-900,ErgoFlex Ergonomic Lumbar Mesh Chair,Home & Kitchen,303.27,135.0,0.0,14,4245.78,2355.78,1,0,6,2
2026-02-23,HOME-DESK-900,ErgoFlex Ergonomic Lumbar Mesh Chair,Home & Kitchen,299.89,135.0,0.0,10,2998.9,1648.9,0,0,0,2
2026-02-24,HOME-DESK-900,ErgoFlex Ergonomic Lumbar Mesh Chair,Home & Kitchen,297.6,135.0,0.0,13,3868.8,2113.8,0,0,1,2
2026-02-25,HOME-DESK-900,ErgoFlex Ergonomic Lumbar Mesh Chair,Home & Kitchen,299.85,135.0,0.0,22,6596.7,3626.7,0,0,2,2
2026-02-26,HOME-DESK-900,ErgoFlex Ergonomic Lumbar Mesh Chair,Home & Kitchen,295.17,135.0,0.0,15,4427.55,2402.55,0,0,3,2
2026-02-27,HOME-DESK-900,ErgoFlex Ergonomic Lumbar Mesh Chair,Home & Kitchen,301.14,135.0,0.0,18,5420.52,2990.52,0,0,4,2
2026-02-28,HOME-DESK-900,ErgoFlex Ergonomic Lumbar Mesh Chair,Home & Kitchen,303.03,135.0,0.0,18,5454.54,3024.54,1,0,5,2
2026-03-01,HOME-DESK-900,ErgoFlex Ergonomic Lumbar Mesh Chair,Home & Kitchen,294.05,135.0,0.0,18,5292.9,2862.9,1,0,6,3
2026-03-02,HOME-DESK-900,ErgoFlex Ergonomic Lumbar Mesh Chair,Home & Kitchen,300.98,135.0,0.0,24,7223.52,3983.52,0,0,0,3
2026-03-03,HOME-DESK-900,ErgoFlex Ergonomic Lumbar Mesh Chair,Home & Kitchen,304.81,135.0,0.0,15,4572.15,2547.15,0,0,1,3
2026-03-04,HOME-DESK-900,ErgoFlex Ergonomic Lumbar Mesh Chair,Home & Kitchen,303.64,135.0,0.0,17,5161.88,2866.88,0,0,2,3
2026-03-05,HOME-DESK-900,ErgoFlex Ergonomic Lumbar Mesh Chair,Home & Kitchen,303.59,135.0,0.0,17,5161.03,2866.03,0,0,3,3
2026-03-06,HOME-DESK-900,ErgoFlex Ergonomic Lumbar Mesh Chair,Home & Kitchen,303.74,135.0,0.0,17,5163.58,2868.58,0,0,4,3
2026-03-07,HOME-DESK-900,ErgoFlex Ergonomic Lumbar Mesh Chair,Home & Kitchen,301.93,135.0,0.0,19,5736.67,3171.67,1,0,5,3
2026-03-08,HOME-DESK-900,ErgoFlex Ergonomic Lumbar Mesh Chair,Home & Kitchen,302.25,135.0,0.0,26,7858.5,4348.5,1,0,6,3
2026-03-09,HOME-DESK-900,ErgoFlex Ergonomic Lumbar Mesh Chair,Home & Kitchen,294.24,135.0,0.0,11,3236.64,1751.64,0,0,0,3
2026-03-10,HOME-DESK-900,ErgoFlex Ergonomic Lumbar Mesh Chair,Home & Kitchen,304.29,135.0,0.0,14,4260.06,2370.06,0,0,1,3
2026-03-11,HOME-DESK-900,ErgoFlex Ergonomic Lumbar Mesh Chair,Home & Kitchen,300.53,135.0,0.0,17,5109.01,2814.01,0,0,2,3
2026-03-12,HOME-DESK-900,ErgoFlex Ergonomic Lumbar Mesh Chair,Home & Kitchen,301.65,135.0,0.0,13,3921.45,2166.45,0,0,3,3
2026-03-13,HOME-DESK-900,ErgoFlex Ergonomic Lumbar Mesh Chair,Home & Kitchen,297.1,135.0,0.0,19,5644.9,3079.9,0,0,4,3
2026-03-14,HOME-DESK-900,ErgoFlex Ergonomic Lumbar Mesh Chair,Home & Kitchen,304.2,135.0,0.0,22,6692.4,3722.4,1,0,5,3
2026-03-15,HOME-DESK-900,ErgoFlex Ergonomic Lumbar Mesh Chair,Home & Kitchen,300.37,135.0,0.0,24,7208.88,3968.88,1,0,6,3
2026-03-16,HOME-DESK-900,ErgoFlex Ergonomic Lumbar Mesh Chair,Home & Kitchen,295.95,135.0,0.0,16,4735.2,2575.2,0,0,0,3
2026-03-17,HOME-DESK-900,ErgoFlex Ergonomic Lumbar Mesh Chair,Home & Kitchen,302.84,135.0,0.0,10,3028.4,1678.4,0,0,1,3
2026-03-18,HOME-DESK-900,ErgoFlex Ergonomic Lumbar Mesh Chair,Home & Kitchen,293.35,135.0,0.0,11,3226.85,1741.85,0,0,2,3
2026-03-19,HOME-DESK-900,ErgoFlex Ergonomic Lumbar Mesh Chair,Home & Kitchen,299.99,135.0,0.0,18,5399.82,2969.82,0,0,3,3
2026-03-20,HOME-DESK-900,ErgoFlex Ergonomic Lumbar Mesh Chair,Home & Kitchen,300.96,135.0,0.0,21,6320.16,3485.16,0,0,4,3
2026-03-21,HOME-DESK-900,ErgoFlex Ergonomic Lumbar Mesh Chair,Home & Kitchen,303.92,135.0,0.0,17,5166.64,2871.64,1,0,5,3
2026-03-22,HOME-DESK-900,ErgoFlex Ergonomic Lumbar Mesh Chair,Home & Kitchen,239.2,135.0,20.0,25,5980.0,2605.0,1,0,6,3
2026-03-23,HOME-DESK-900,ErgoFlex Ergonomic Lumbar Mesh Chair,Home & Kitchen,303.33,135.0,0.0,18,5459.94,3029.94,0,0,0,3
2026-03-24,HOME-DESK-900,ErgoFlex Ergonomic Lumbar Mesh Chair,Home & Kitchen,302.12,135.0,0.0,10,3021.2,1671.2,0,0,1,3
2026-03-25,HOME-DESK-900,ErgoFlex Ergonomic Lumbar Mesh Chair,Home & Kitchen,303.34,135.0,0.0,14,4246.76,2356.76,0,0,2,3
2026-03-26,HOME-DESK-900,ErgoFlex Ergonomic Lumbar Mesh Chair,Home & Kitchen,301.26,135.0,0.0,21,6326.46,3491.46,0,0,3,3
2026-03-27,HOME-DESK-900,ErgoFlex Ergonomic Lumbar Mesh Chair,Home & Kitchen,297.17,135.0,0.0,18,5349.06,2919.06,0,0,4,3
2026-03-28,HOME-DESK-900,ErgoFlex Ergonomic Lumbar Mesh Chair,Home & Kitchen,293.83,135.0,0.0,17,4995.11,2700.11,1,0,5,3
2026-03-29,HOME-DESK-900,ErgoFlex Ergonomic Lumbar Mesh Chair,Home & Kitchen,300.25,135.0,0.0,17,5104.25,2809.25,1,0,6,3
2026-03-30,HOME-DESK-900,ErgoFlex Ergonomic Lumbar Mesh Chair,Home & Kitchen,293.51,135.0,0.0,15,4402.65,2377.65,0,0,0,3
2026-03-31,HOME-DESK-900,ErgoFlex Ergonomic Lumbar Mesh Chair,Home & Kitchen,298.93,135.0,0.0,13,3886.09,2131.09,0,0,1,3
2026-04-01,HOME-DESK-900,ErgoFlex Ergonomic Lumbar Mesh Chair,Home & Kitchen,297.81,135.0,0.0,11,3275.91,1790.91,0,0,2,4
2026-04-02,HOME-DESK-900,ErgoFlex Ergonomic Lumbar Mesh Chair,Home & Kitchen,296.61,135.0,0.0,25,7415.25,4040.25,0,0,3,4
2026-04-03,HOME-DESK-900,ErgoFlex Ergonomic Lumbar Mesh Chair,Home & Kitchen,298.27,135.0,0.0,24,7158.48,3918.48,0,0,4,4
2026-04-04,HOME-DESK-900,ErgoFlex Ergonomic Lumbar Mesh Chair,Home & Kitchen,295.2,135.0,0.0,11,3247.2,1762.2,1,0,5,4
2026-04-05,HOME-DESK-900,ErgoFlex Ergonomic Lumbar Mesh Chair,Home & Kitchen,303.87,135.0,0.0,25,7596.75,4221.75,1,0,6,4
2026-04-06,HOME-DESK-900,ErgoFlex Ergonomic Lumbar Mesh Chair,Home & Kitchen,294.97,135.0,0.0,20,5899.4,3199.4,0,0,0,4
2026-04-07,HOME-DESK-900,ErgoFlex Ergonomic Lumbar Mesh Chair,Home & Kitchen,298.03,135.0,0.0,17,5066.51,2771.51,0,0,1,4
2026-04-08,HOME-DESK-900,ErgoFlex Ergonomic Lumbar Mesh Chair,Home & Kitchen,300.54,135.0,0.0,14,4207.56,2317.56,0,0,2,4
2026-04-09,HOME-DESK-900,ErgoFlex Ergonomic Lumbar Mesh Chair,Home & Kitchen,296.43,135.0,0.0,15,4446.45,2421.45,0,0,3,4
2026-04-10,HOME-DESK-900,ErgoFlex Ergonomic Lumbar Mesh Chair,Home & Kitchen,298.0,135.0,0.0,14,4172.0,2282.0,0,0,4,4
2026-04-11,HOME-DESK-900,ErgoFlex Ergonomic Lumbar Mesh Chair,Home & Kitchen,297.12,135.0,0.0,23,6833.76,3728.76,1,0,5,4
2026-04-12,HOME-DESK-900,ErgoFlex Ergonomic Lumbar Mesh Chair,Home & Kitchen,298.84,135.0,0.0,23,6873.32,3768.32,1,0,6,4
2026-04-13,HOME-DESK-900,ErgoFlex Ergonomic Lumbar Mesh Chair,Home & Kitchen,298.13,135.0,0.0,10,2981.3,1631.3,0,0,0,4
2026-04-14,HOME-DESK-900,ErgoFlex Ergonomic Lumbar Mesh Chair,Home & Kitchen,297.58,135.0,0.0,16,4761.28,2601.28,0,1,1,4
2026-04-15,HOME-DESK-900,ErgoFlex Ergonomic Lumbar Mesh Chair,Home & Kitchen,298.88,135.0,0.0,13,3885.44,2130.44,0,1,2,4
2026-04-16,HOME-DESK-900,ErgoFlex Ergonomic Lumbar Mesh Chair,Home & Kitchen,300.5,135.0,0.0,16,4808.0,2648.0,0,1,3,4
2026-04-17,HOME-DESK-900,ErgoFlex Ergonomic Lumbar Mesh Chair,Home & Kitchen,304.47,135.0,0.0,18,5480.46,3050.46,0,0,4,4
2026-04-18,HOME-DESK-900,ErgoFlex Ergonomic Lumbar Mesh Chair,Home & Kitchen,297.08,135.0,0.0,23,6832.84,3727.84,1,0,5,4
2026-04-19,HOME-DESK-900,ErgoFlex Ergonomic Lumbar Mesh Chair,Home & Kitchen,293.34,135.0,0.0,20,5866.8,3166.8,1,0,6,4
2026-04-20,HOME-DESK-900,ErgoFlex Ergonomic Lumbar Mesh Chair,Home & Kitchen,300.43,135.0,0.0,16,4806.88,2646.88,0,0,0,4
2026-04-21,HOME-DESK-900,ErgoFlex Ergonomic Lumbar Mesh Chair,Home & Kitchen,269.1,135.0,10.0,15,4036.5,2011.5,0,0,1,4
2026-04-22,HOME-DESK-900,ErgoFlex Ergonomic Lumbar Mesh Chair,Home & Kitchen,299.6,135.0,0.0,13,3894.8,2139.8,0,0,2,4
2026-04-23,HOME-DESK-900,ErgoFlex Ergonomic Lumbar Mesh Chair,Home & Kitchen,304.78,135.0,0.0,7,2133.46,1188.46,0,0,3,4
2026-04-24,HOME-DESK-900,ErgoFlex Ergonomic Lumbar Mesh Chair,Home & Kitchen,298.92,135.0,0.0,14,4184.88,2294.88,0,0,4,4
2026-04-25,HOME-DESK-900,ErgoFlex Ergonomic Lumbar Mesh Chair,Home & Kitchen,296.09,135.0,0.0,23,6810.07,3705.07,1,0,5,4
2026-04-26,HOME-DESK-900,ErgoFlex Ergonomic Lumbar Mesh Chair,Home & Kitchen,301.9,135.0,0.0,22,6641.8,3671.8,1,0,6,4
2026-04-27,HOME-DESK-900,ErgoFlex Ergonomic Lumbar Mesh Chair,Home & Kitchen,294.36,135.0,0.0,13,3826.68,2071.68,0,0,0,4
2026-04-28,HOME-DESK-900,ErgoFlex Ergonomic Lumbar Mesh Chair,Home & Kitchen,294.65,135.0,0.0,22,6482.3,3512.3,0,0,1,4
2026-04-29,HOME-DESK-900,ErgoFlex Ergonomic Lumbar Mesh Chair,Home & Kitchen,295.09,135.0,0.0,11,3245.99,1760.99,0,0,2,4
2026-04-30,HOME-DESK-900,ErgoFlex Ergonomic Lumbar Mesh Chair,Home & Kitchen,295.46,135.0,0.0,26,7681.96,4171.96,0,0,3,4
2026-05-01,HOME-DESK-900,ErgoFlex Ergonomic Lumbar Mesh Chair,Home & Kitchen,295.55,135.0,0.0,28,8275.4,4495.4,0,0,4,5
2026-05-02,HOME-DESK-900,ErgoFlex Ergonomic Lumbar Mesh Chair,Home & Kitchen,254.15,135.0,15.0,28,7116.2,3336.2,1,0,5,5
2026-05-03,HOME-DESK-900,ErgoFlex Ergonomic Lumbar Mesh Chair,Home & Kitchen,239.2,135.0,20.0,25,5980.0,2605.0,1,0,6,5
2026-05-04,HOME-DESK-900,ErgoFlex Ergonomic Lumbar Mesh Chair,Home & Kitchen,302.21,135.0,0.0,13,3928.73,2173.73,0,0,0,5
2026-05-05,HOME-DESK-900,ErgoFlex Ergonomic Lumbar Mesh Chair,Home & Kitchen,300.2,135.0,0.0,12,3602.4,1982.4,0,0,1,5
2026-05-06,HOME-DESK-900,ErgoFlex Ergonomic Lumbar Mesh Chair,Home & Kitchen,297.65,135.0,0.0,23,6845.95,3740.95,0,0,2,5
2026-05-07,HOME-DESK-900,ErgoFlex Ergonomic Lumbar Mesh Chair,Home & Kitchen,296.88,135.0,0.0,23,6828.24,3723.24,0,0,3,5
2026-05-08,HOME-DESK-900,ErgoFlex Ergonomic Lumbar Mesh Chair,Home & Kitchen,295.89,135.0,0.0,21,6213.69,3378.69,0,0,4,5
2026-05-09,HOME-DESK-900,ErgoFlex Ergonomic Lumbar Mesh Chair,Home & Kitchen,295.66,135.0,0.0,26,7687.16,4177.16,1,0,5,5
2026-05-10,HOME-DESK-900,ErgoFlex Ergonomic Lumbar Mesh Chair,Home & Kitchen,299.25,135.0,0.0,13,3890.25,2135.25,1,0,6,5
2026-05-11,HOME-DESK-900,ErgoFlex Ergonomic Lumbar Mesh Chair,Home & Kitchen,302.86,135.0,0.0,24,7268.64,4028.64,0,0,0,5
2026-05-12,HOME-DESK-900,ErgoFlex Ergonomic Lumbar Mesh Chair,Home & Kitchen,300.57,135.0,0.0,16,4809.12,2649.12,0,0,1,5
2026-05-13,HOME-DESK-900,ErgoFlex Ergonomic Lumbar Mesh Chair,Home & Kitchen,302.0,135.0,0.0,12,3624.0,2004.0,0,0,2,5
2026-05-14,HOME-DESK-900,ErgoFlex Ergonomic Lumbar Mesh Chair,Home & Kitchen,299.37,135.0,0.0,13,3891.81,2136.81,0,0,3,5
2026-05-15,HOME-DESK-900,ErgoFlex Ergonomic Lumbar Mesh Chair,Home & Kitchen,293.99,135.0,0.0,25,7349.75,3974.75,0,0,4,5
2026-05-16,HOME-DESK-900,ErgoFlex Ergonomic Lumbar Mesh Chair,Home & Kitchen,303.27,135.0,0.0,24,7278.48,4038.48,1,0,5,5
2026-05-17,HOME-DESK-900,ErgoFlex Ergonomic Lumbar Mesh Chair,Home & Kitchen,296.51,135.0,0.0,20,5930.2,3230.2,1,0,6,5
2026-05-18,HOME-DESK-900,ErgoFlex Ergonomic Lumbar Mesh Chair,Home & Kitchen,295.84,135.0,0.0,21,6212.64,3377.64,0,0,0,5
2026-05-19,HOME-DESK-900,ErgoFlex Ergonomic Lumbar Mesh Chair,Home & Kitchen,293.47,135.0,0.0,20,5869.4,3169.4,0,0,1,5
2026-05-20,HOME-DESK-900,ErgoFlex Ergonomic Lumbar Mesh Chair,Home & Kitchen,297.85,135.0,0.0,17,5063.45,2768.45,0,0,2,5
2026-05-21,HOME-DESK-900,ErgoFlex Ergonomic Lumbar Mesh Chair,Home & Kitchen,300.83,135.0,0.0,19,5715.77,3150.77,0,0,3,5
2026-05-22,HOME-DESK-900,ErgoFlex Ergonomic Lumbar Mesh Chair,Home & Kitchen,294.98,135.0,0.0,17,5014.66,2719.66,0,0,4,5
2026-05-23,HOME-DESK-900,ErgoFlex Ergonomic Lumbar Mesh Chair,Home & Kitchen,304.5,135.0,0.0,13,3958.5,2203.5,1,0,5,5
2026-05-24,HOME-DESK-900,ErgoFlex Ergonomic Lumbar Mesh Chair,Home & Kitchen,303.44,135.0,0.0,18,5461.92,3031.92,1,0,6,5
2026-05-25,HOME-DESK-900,ErgoFlex Ergonomic Lumbar Mesh Chair,Home & Kitchen,294.81,135.0,0.0,17,5011.77,2716.77,0,0,0,5
2026-05-26,HOME-DESK-900,ErgoFlex Ergonomic Lumbar Mesh Chair,Home & Kitchen,301.83,135.0,0.0,18,5432.94,3002.94,0,0,1,5
2026-05-27,HOME-DESK-900,ErgoFlex Ergonomic Lumbar Mesh Chair,Home & Kitchen,301.74,135.0,0.0,20,6034.8,3334.8,0,1,2,5
2026-05-28,HOME-DESK-900,ErgoFlex Ergonomic Lumbar Mesh Chair,Home & Kitchen,293.63,135.0,0.0,28,8221.64,4441.64,0,1,3,5
2026-05-29,HOME-DESK-900,ErgoFlex Ergonomic Lumbar Mesh Chair,Home & Kitchen,295.11,135.0,0.0,35,10328.85,5603.85,0,1,4,5
2026-05-30,HOME-DESK-900,ErgoFlex Ergonomic Lumbar Mesh Chair,Home & Kitchen,303.07,135.0,0.0,35,10607.45,5882.45,1,0,5,5
2026-05-31,HOME-DESK-900,ErgoFlex Ergonomic Lumbar Mesh Chair,Home & Kitchen,299.71,135.0,0.0,17,5095.07,2800.07,1,0,6,5
2026-06-01,HOME-DESK-900,ErgoFlex Ergonomic Lumbar Mesh Chair,Home & Kitchen,296.9,135.0,0.0,13,3859.7,2104.7,0,0,0,6
2026-06-02,HOME-DESK-900,ErgoFlex Ergonomic Lumbar Mesh Chair,Home & Kitchen,300.44,135.0,0.0,21,6309.24,3474.24,0,0,1,6
2026-06-03,HOME-DESK-900,ErgoFlex Ergonomic Lumbar Mesh Chair,Home & Kitchen,299.63,135.0,0.0,18,5393.34,2963.34,0,0,2,6
2026-06-04,HOME-DESK-900,ErgoFlex Ergonomic Lumbar Mesh Chair,Home & Kitchen,303.82,135.0,0.0,15,4557.3,2532.3,0,0,3,6
2026-06-05,HOME-DESK-900,ErgoFlex Ergonomic Lumbar Mesh Chair,Home & Kitchen,239.2,135.0,20.0,23,5501.6,2396.6,0,0,4,6
2026-06-06,HOME-DESK-900,ErgoFlex Ergonomic Lumbar Mesh Chair,Home & Kitchen,304.84,135.0,0.0,19,5791.96,3226.96,1,0,5,6
2026-06-07,HOME-DESK-900,ErgoFlex Ergonomic Lumbar Mesh Chair,Home & Kitchen,298.79,135.0,0.0,24,7170.96,3930.96,1,0,6,6
2026-06-08,HOME-DESK-900,ErgoFlex Ergonomic Lumbar Mesh Chair,Home & Kitchen,304.4,135.0,0.0,16,4870.4,2710.4,0,0,0,6
2026-06-09,HOME-DESK-900,ErgoFlex Ergonomic Lumbar Mesh Chair,Home & Kitchen,239.2,135.0,20.0,25,5980.0,2605.0,0,0,1,6
2026-06-10,HOME-DESK-900,ErgoFlex Ergonomic Lumbar Mesh Chair,Home & Kitchen,296.46,135.0,0.0,12,3557.52,1937.52,0,0,2,6
2026-06-11,HOME-DESK-900,ErgoFlex Ergonomic Lumbar Mesh Chair,Home & Kitchen,300.13,135.0,0.0,18,5402.34,2972.34,0,0,3,6
2026-06-12,HOME-DESK-900,ErgoFlex Ergonomic Lumbar Mesh Chair,Home & Kitchen,299.84,135.0,0.0,15,4497.6,2472.6,0,0,4,6
2026-06-13,HOME-DESK-900,ErgoFlex Ergonomic Lumbar Mesh Chair,Home & Kitchen,298.16,135.0,0.0,26,7752.16,4242.16,1,0,5,6
2026-06-14,HOME-DESK-900,ErgoFlex Ergonomic Lumbar Mesh Chair,Home & Kitchen,299.72,135.0,0.0,12,3596.64,1976.64,1,0,6,6
2026-06-15,HOME-DESK-900,ErgoFlex Ergonomic Lumbar Mesh Chair,Home & Kitchen,298.6,135.0,0.0,16,4777.6,2617.6,0,0,0,6
2026-06-16,HOME-DESK-900,ErgoFlex Ergonomic Lumbar Mesh Chair,Home & Kitchen,304.13,135.0,0.0,12,3649.56,2029.56,0,0,1,6
2026-06-17,HOME-DESK-900,ErgoFlex Ergonomic Lumbar Mesh Chair,Home & Kitchen,304.54,135.0,0.0,20,6090.8,3390.8,0,0,2,6
2026-06-18,HOME-DESK-900,ErgoFlex Ergonomic Lumbar Mesh Chair,Home & Kitchen,224.25,135.0,25.0,36,8073.0,3213.0,0,0,3,6
2026-06-19,HOME-DESK-900,ErgoFlex Ergonomic Lumbar Mesh Chair,Home & Kitchen,301.46,135.0,0.0,21,6330.66,3495.66,0,0,4,6
2026-06-20,HOME-DESK-900,ErgoFlex Ergonomic Lumbar Mesh Chair,Home & Kitchen,301.61,135.0,0.0,18,5428.98,2998.98,1,0,5,6
2026-06-21,HOME-DESK-900,ErgoFlex Ergonomic Lumbar Mesh Chair,Home & Kitchen,300.82,135.0,0.0,20,6016.4,3316.4,1,0,6,6
2026-06-22,HOME-DESK-900,ErgoFlex Ergonomic Lumbar Mesh Chair,Home & Kitchen,301.22,135.0,0.0,13,3915.86,2160.86,0,0,0,6
2026-06-23,HOME-DESK-900,ErgoFlex Ergonomic Lumbar Mesh Chair,Home & Kitchen,298.08,135.0,0.0,26,7750.08,4240.08,0,0,1,6
2026-06-24,HOME-DESK-900,ErgoFlex Ergonomic Lumbar Mesh Chair,Home & Kitchen,297.17,135.0,0.0,16,4754.72,2594.72,0,0,2,6
2026-06-25,HOME-DESK-900,ErgoFlex Ergonomic Lumbar Mesh Chair,Home & Kitchen,294.61,135.0,0.0,13,3829.93,2074.93,0,0,3,6
2026-06-26,HOME-DESK-900,ErgoFlex Ergonomic Lumbar Mesh Chair,Home & Kitchen,304.58,135.0,0.0,15,4568.7,2543.7,0,0,4,6
2026-06-27,HOME-DESK-900,ErgoFlex Ergonomic Lumbar Mesh Chair,Home & Kitchen,304.1,135.0,0.0,25,7602.5,4227.5,1,0,5,6
2026-06-28,HOME-DESK-900,ErgoFlex Ergonomic Lumbar Mesh Chair,Home & Kitchen,224.25,135.0,25.0,32,7176.0,2856.0,1,0,6,6
2026-06-29,HOME-DESK-900,ErgoFlex Ergonomic Lumbar Mesh Chair,Home & Kitchen,298.19,135.0,0.0,20,5963.8,3263.8,0,0,0,6
2026-06-30,HOME-DESK-900,ErgoFlex Ergonomic Lumbar Mesh Chair,Home & Kitchen,300.76,135.0,0.0,13,3909.88,2154.88,0,0,1,6
2026-07-01,HOME-DESK-900,ErgoFlex Ergonomic Lumbar Mesh Chair,Home & Kitchen,293.18,135.0,0.0,21,6156.78,3321.78,0,0,2,7
2026-07-02,HOME-DESK-900,ErgoFlex Ergonomic Lumbar Mesh Chair,Home & Kitchen,295.76,135.0,0.0,17,5027.92,2732.92,0,0,3,7
2026-07-03,HOME-DESK-900,ErgoFlex Ergonomic Lumbar Mesh Chair,Home & Kitchen,299.46,135.0,0.0,17,5090.82,2795.82,0,0,4,7
2026-07-04,HOME-DESK-900,ErgoFlex Ergonomic Lumbar Mesh Chair,Home & Kitchen,295.62,135.0,0.0,28,8277.36,4497.36,1,0,5,7
2026-07-05,HOME-DESK-900,ErgoFlex Ergonomic Lumbar Mesh Chair,Home & Kitchen,301.5,135.0,0.0,17,5125.5,2830.5,1,0,6,7
2026-07-06,HOME-DESK-900,ErgoFlex Ergonomic Lumbar Mesh Chair,Home & Kitchen,298.55,135.0,0.0,13,3881.15,2126.15,0,0,0,7
2026-07-07,HOME-DESK-900,ErgoFlex Ergonomic Lumbar Mesh Chair,Home & Kitchen,297.59,135.0,0.0,20,5951.8,3251.8,0,0,1,7
2026-07-08,HOME-DESK-900,ErgoFlex Ergonomic Lumbar Mesh Chair,Home & Kitchen,293.43,135.0,0.0,20,5868.6,3168.6,0,0,2,7
2026-07-09,HOME-DESK-900,ErgoFlex Ergonomic Lumbar Mesh Chair,Home & Kitchen,294.8,135.0,0.0,16,4716.8,2556.8,0,0,3,7
2026-07-10,HOME-DESK-900,ErgoFlex Ergonomic Lumbar Mesh Chair,Home & Kitchen,303.43,135.0,0.0,17,5158.31,2863.31,0,0,4,7
2026-07-11,HOME-DESK-900,ErgoFlex Ergonomic Lumbar Mesh Chair,Home & Kitchen,299.7,135.0,0.0,32,9590.4,5270.4,1,1,5,7
2026-07-12,HOME-DESK-900,ErgoFlex Ergonomic Lumbar Mesh Chair,Home & Kitchen,296.17,135.0,0.0,31,9181.27,4996.27,1,1,6,7
2026-07-13,HOME-DESK-900,ErgoFlex Ergonomic Lumbar Mesh Chair,Home & Kitchen,300.11,135.0,0.0,27,8102.97,4457.97,0,1,0,7
2026-07-14,HOME-DESK-900,ErgoFlex Ergonomic Lumbar Mesh Chair,Home & Kitchen,303.68,135.0,0.0,9,2733.12,1518.12,0,0,1,7
2026-07-15,HOME-DESK-900,ErgoFlex Ergonomic Lumbar Mesh Chair,Home & Kitchen,300.23,135.0,0.0,11,3302.53,1817.53,0,0,2,7
2026-07-16,HOME-DESK-900,ErgoFlex Ergonomic Lumbar Mesh Chair,Home & Kitchen,304.4,135.0,0.0,19,5783.6,3218.6,0,0,3,7
2026-07-17,HOME-DESK-900,ErgoFlex Ergonomic Lumbar Mesh Chair,Home & Kitchen,299.89,135.0,0.0,15,4498.35,2473.35,0,0,4,7
2026-07-18,HOME-DESK-900,ErgoFlex Ergonomic Lumbar Mesh Chair,Home & Kitchen,297.12,135.0,0.0,34,10102.08,5512.08,1,0,5,7
2026-07-19,HOME-DESK-900,ErgoFlex Ergonomic Lumbar Mesh Chair,Home & Kitchen,298.66,135.0,0.0,18,5375.88,2945.88,1,0,6,7
2026-07-20,HOME-DESK-900,ErgoFlex Ergonomic Lumbar Mesh Chair,Home & Kitchen,296.51,135.0,0.0,11,3261.61,1776.61,0,0,0,7
2026-07-21,HOME-DESK-900,ErgoFlex Ergonomic Lumbar Mesh Chair,Home & Kitchen,300.66,135.0,0.0,20,6013.2,3313.2,0,0,1,7
2026-07-22,HOME-DESK-900,ErgoFlex Ergonomic Lumbar Mesh Chair,Home & Kitchen,300.97,135.0,0.0,14,4213.58,2323.58,0,0,2,7
2026-07-23,HOME-DESK-900,ErgoFlex Ergonomic Lumbar Mesh Chair,Home & Kitchen,239.2,135.0,20.0,31,7415.2,3230.2,0,0,3,7
2026-07-24,HOME-DESK-900,ErgoFlex Ergonomic Lumbar Mesh Chair,Home & Kitchen,300.17,135.0,0.0,19,5703.23,3138.23,0,0,4,7
2026-07-25,HOME-DESK-900,ErgoFlex Ergonomic Lumbar Mesh Chair,Home & Kitchen,301.78,135.0,0.0,20,6035.6,3335.6,1,0,5,7
2026-07-26,HOME-DESK-900,ErgoFlex Ergonomic Lumbar Mesh Chair,Home & Kitchen,293.19,135.0,0.0,19,5570.61,3005.61,1,0,6,7
2026-07-27,HOME-DESK-900,ErgoFlex Ergonomic Lumbar Mesh Chair,Home & Kitchen,301.98,135.0,0.0,13,3925.74,2170.74,0,0,0,7
2026-07-28,HOME-DESK-900,ErgoFlex Ergonomic Lumbar Mesh Chair,Home & Kitchen,301.25,135.0,0.0,17,5121.25,2826.25,0,0,1,7
2026-07-29,HOME-DESK-900,ErgoFlex Ergonomic Lumbar Mesh Chair,Home & Kitchen,297.97,135.0,0.0,15,4469.55,2444.55,0,0,2,7
2026-07-30,HOME-DESK-900,ErgoFlex Ergonomic Lumbar Mesh Chair,Home & Kitchen,293.78,135.0,0.0,23,6756.94,3651.94,0,0,3,7
2026-07-31,HOME-DESK-900,ErgoFlex Ergonomic Lumbar Mesh Chair,Home & Kitchen,297.16,135.0,0.0,21,6240.36,3405.36,0,0,4,7
2026-08-01,HOME-DESK-900,ErgoFlex Ergonomic Lumbar Mesh Chair,Home & Kitchen,296.27,135.0,0.0,26,7703.02,4193.02,1,0,5,8
2026-08-02,HOME-DESK-900,ErgoFlex Ergonomic Lumbar Mesh Chair,Home & Kitchen,299.28,135.0,0.0,26,7781.28,4271.28,1,0,6,8
2026-08-03,HOME-DESK-900,ErgoFlex Ergonomic Lumbar Mesh Chair,Home & Kitchen,300.39,135.0,0.0,21,6308.19,3473.19,0,0,0,8
2026-08-04,HOME-DESK-900,ErgoFlex Ergonomic Lumbar Mesh Chair,Home & Kitchen,239.2,135.0,20.0,24,5740.8,2500.8,0,0,1,8
2026-08-05,HOME-DESK-900,ErgoFlex Ergonomic Lumbar Mesh Chair,Home & Kitchen,300.59,135.0,0.0,19,5711.21,3146.21,0,0,2,8
2026-08-06,HOME-DESK-900,ErgoFlex Ergonomic Lumbar Mesh Chair,Home & Kitchen,294.64,135.0,0.0,21,6187.44,3352.44,0,0,3,8
2026-08-07,HOME-DESK-900,ErgoFlex Ergonomic Lumbar Mesh Chair,Home & Kitchen,302.23,135.0,0.0,12,3626.76,2006.76,0,0,4,8
2026-08-08,HOME-DESK-900,ErgoFlex Ergonomic Lumbar Mesh Chair,Home & Kitchen,300.95,135.0,0.0,24,7222.8,3982.8,1,0,5,8
2026-08-09,HOME-DESK-900,ErgoFlex Ergonomic Lumbar Mesh Chair,Home & Kitchen,301.41,135.0,0.0,18,5425.38,2995.38,1,0,6,8
2026-08-10,HOME-DESK-900,ErgoFlex Ergonomic Lumbar Mesh Chair,Home & Kitchen,294.96,135.0,0.0,21,6194.16,3359.16,0,0,0,8
2026-08-11,HOME-DESK-900,ErgoFlex Ergonomic Lumbar Mesh Chair,Home & Kitchen,294.37,135.0,0.0,17,5004.29,2709.29,0,0,1,8
2026-08-12,HOME-DESK-900,ErgoFlex Ergonomic Lumbar Mesh Chair,Home & Kitchen,224.25,135.0,25.0,31,6951.75,2766.75,0,0,2,8
2026-08-13,HOME-DESK-900,ErgoFlex Ergonomic Lumbar Mesh Chair,Home & Kitchen,299.07,135.0,0.0,18,5383.26,2953.26,0,0,3,8
2026-08-14,HOME-DESK-900,ErgoFlex Ergonomic Lumbar Mesh Chair,Home & Kitchen,293.51,135.0,0.0,20,5870.2,3170.2,0,0,4,8
2026-08-15,HOME-DESK-900,ErgoFlex Ergonomic Lumbar Mesh Chair,Home & Kitchen,304.39,135.0,0.0,25,7609.75,4234.75,1,0,5,8
2026-08-16,HOME-DESK-900,ErgoFlex Ergonomic Lumbar Mesh Chair,Home & Kitchen,296.46,135.0,0.0,24,7115.04,3875.04,1,0,6,8
2026-08-17,HOME-DESK-900,ErgoFlex Ergonomic Lumbar Mesh Chair,Home & Kitchen,303.35,135.0,0.0,17,5156.95,2861.95,0,0,0,8
2026-08-18,HOME-DESK-900,ErgoFlex Ergonomic Lumbar Mesh Chair,Home & Kitchen,296.54,135.0,0.0,9,2668.86,1453.86,0,0,1,8
2026-08-19,HOME-DESK-900,ErgoFlex Ergonomic Lumbar Mesh Chair,Home & Kitchen,296.63,135.0,0.0,14,4152.82,2262.82,0,0,2,8
2026-08-20,HOME-DESK-900,ErgoFlex Ergonomic Lumbar Mesh Chair,Home & Kitchen,293.16,135.0,0.0,19,5570.04,3005.04,0,0,3,8
2026-08-21,HOME-DESK-900,ErgoFlex Ergonomic Lumbar Mesh Chair,Home & Kitchen,296.78,135.0,0.0,23,6825.94,3720.94,0,0,4,8
2026-08-22,HOME-DESK-900,ErgoFlex Ergonomic Lumbar Mesh Chair,Home & Kitchen,293.18,135.0,0.0,21,6156.78,3321.78,1,0,5,8
2026-08-23,HOME-DESK-900,ErgoFlex Ergonomic Lumbar Mesh Chair,Home & Kitchen,299.08,135.0,0.0,26,7776.08,4266.08,1,0,6,8
2026-08-24,HOME-DESK-900,ErgoFlex Ergonomic Lumbar Mesh Chair,Home & Kitchen,296.74,135.0,0.0,22,6528.28,3558.28,0,0,0,8
2026-08-25,HOME-DESK-900,ErgoFlex Ergonomic Lumbar Mesh Chair,Home & Kitchen,296.24,135.0,0.0,19,5628.56,3063.56,0,0,1,8
2026-08-26,HOME-DESK-900,ErgoFlex Ergonomic Lumbar Mesh Chair,Home & Kitchen,297.31,135.0,0.0,14,4162.34,2272.34,0,0,2,8
2026-08-27,HOME-DESK-900,ErgoFlex Ergonomic Lumbar Mesh Chair,Home & Kitchen,297.73,135.0,0.0,12,3572.76,1952.76,0,0,3,8
2026-08-28,HOME-DESK-900,ErgoFlex Ergonomic Lumbar Mesh Chair,Home & Kitchen,296.97,135.0,0.0,18,5345.46,2915.46,0,0,4,8
2026-08-29,HOME-DESK-900,ErgoFlex Ergonomic Lumbar Mesh Chair,Home & Kitchen,295.48,135.0,0.0,20,5909.6,3209.6,1,0,5,8
2026-08-30,HOME-DESK-900,ErgoFlex Ergonomic Lumbar Mesh Chair,Home & Kitchen,302.15,135.0,0.0,27,8158.05,4513.05,1,0,6,8
2026-08-31,HOME-DESK-900,ErgoFlex Ergonomic Lumbar Mesh Chair,Home & Kitchen,298.15,135.0,0.0,10,2981.5,1631.5,0,0,0,8
2026-09-01,HOME-DESK-900,ErgoFlex Ergonomic Lumbar Mesh Chair,Home & Kitchen,294.61,135.0,0.0,15,4419.15,2394.15,0,0,1,9
2026-09-02,HOME-DESK-900,ErgoFlex Ergonomic Lumbar Mesh Chair,Home & Kitchen,299.64,135.0,0.0,11,3296.04,1811.04,0,0,2,9
2026-09-03,HOME-DESK-900,ErgoFlex Ergonomic Lumbar Mesh Chair,Home & Kitchen,239.2,135.0,20.0,31,7415.2,3230.2,0,1,3,9
2026-09-04,HOME-DESK-900,ErgoFlex Ergonomic Lumbar Mesh Chair,Home & Kitchen,294.66,135.0,0.0,30,8839.8,4789.8,0,1,4,9
2026-09-05,HOME-DESK-900,ErgoFlex Ergonomic Lumbar Mesh Chair,Home & Kitchen,294.96,135.0,0.0,24,7079.04,3839.04,1,1,5,9
2026-09-06,HOME-DESK-900,ErgoFlex Ergonomic Lumbar Mesh Chair,Home & Kitchen,297.93,135.0,0.0,17,5064.81,2769.81,1,0,6,9
2026-09-07,HOME-DESK-900,ErgoFlex Ergonomic Lumbar Mesh Chair,Home & Kitchen,293.14,135.0,0.0,13,3810.82,2055.82,0,0,0,9
2026-09-08,HOME-DESK-900,ErgoFlex Ergonomic Lumbar Mesh Chair,Home & Kitchen,303.4,135.0,0.0,14,4247.6,2357.6,0,0,1,9
2026-09-09,HOME-DESK-900,ErgoFlex Ergonomic Lumbar Mesh Chair,Home & Kitchen,296.2,135.0,0.0,16,4739.2,2579.2,0,0,2,9
2026-09-10,HOME-DESK-900,ErgoFlex Ergonomic Lumbar Mesh Chair,Home & Kitchen,295.96,135.0,0.0,13,3847.48,2092.48,0,0,3,9
2026-09-11,HOME-DESK-900,ErgoFlex Ergonomic Lumbar Mesh Chair,Home & Kitchen,297.48,135.0,0.0,19,5652.12,3087.12,0,0,4,9
2026-09-12,HOME-DESK-900,ErgoFlex Ergonomic Lumbar Mesh Chair,Home & Kitchen,304.46,135.0,0.0,24,7307.04,4067.04,1,0,5,9
2026-09-13,HOME-DESK-900,ErgoFlex Ergonomic Lumbar Mesh Chair,Home & Kitchen,301.97,135.0,0.0,28,8455.16,4675.16,1,0,6,9
2026-09-14,HOME-DESK-900,ErgoFlex Ergonomic Lumbar Mesh Chair,Home & Kitchen,297.93,135.0,0.0,11,3277.23,1792.23,0,0,0,9
2026-09-15,HOME-DESK-900,ErgoFlex Ergonomic Lumbar Mesh Chair,Home & Kitchen,299.44,135.0,0.0,18,5389.92,2959.92,0,0,1,9
2026-09-16,HOME-DESK-900,ErgoFlex Ergonomic Lumbar Mesh Chair,Home & Kitchen,302.39,135.0,0.0,19,5745.41,3180.41,0,0,2,9
2026-09-17,HOME-DESK-900,ErgoFlex Ergonomic Lumbar Mesh Chair,Home & Kitchen,300.09,135.0,0.0,12,3601.08,1981.08,0,0,3,9
2026-09-18,HOME-DESK-900,ErgoFlex Ergonomic Lumbar Mesh Chair,Home & Kitchen,293.87,135.0,0.0,19,5583.53,3018.53,0,0,4,9
2026-09-19,HOME-DESK-900,ErgoFlex Ergonomic Lumbar Mesh Chair,Home & Kitchen,296.93,135.0,0.0,15,4453.95,2428.95,1,0,5,9
2026-09-20,HOME-DESK-900,ErgoFlex Ergonomic Lumbar Mesh Chair,Home & Kitchen,298.37,135.0,0.0,14,4177.18,2287.18,1,0,6,9
2026-09-21,HOME-DESK-900,ErgoFlex Ergonomic Lumbar Mesh Chair,Home & Kitchen,302.83,135.0,0.0,13,3936.79,2181.79,0,0,0,9
2026-09-22,HOME-DESK-900,ErgoFlex Ergonomic Lumbar Mesh Chair,Home & Kitchen,269.1,135.0,10.0,17,4574.7,2279.7,0,0,1,9
2026-09-23,HOME-DESK-900,ErgoFlex Ergonomic Lumbar Mesh Chair,Home & Kitchen,294.89,135.0,0.0,22,6487.58,3517.58,0,0,2,9
2026-09-24,HOME-DESK-900,ErgoFlex Ergonomic Lumbar Mesh Chair,Home & Kitchen,296.26,135.0,0.0,10,2962.6,1612.6,0,0,3,9
2026-09-25,HOME-DESK-900,ErgoFlex Ergonomic Lumbar Mesh Chair,Home & Kitchen,302.38,135.0,0.0,19,5745.22,3180.22,0,0,4,9
2026-09-26,HOME-DESK-900,ErgoFlex Ergonomic Lumbar Mesh Chair,Home & Kitchen,297.0,135.0,0.0,22,6534.0,3564.0,1,0,5,9
2026-09-27,HOME-DESK-900,ErgoFlex Ergonomic Lumbar Mesh Chair,Home & Kitchen,302.78,135.0,0.0,22,6661.16,3691.16,1,0,6,9
2026-09-28,HOME-DESK-900,ErgoFlex Ergonomic Lumbar Mesh Chair,Home & Kitchen,294.01,135.0,0.0,18,5292.18,2862.18,0,0,0,9
2026-09-29,HOME-DESK-900,ErgoFlex Ergonomic Lumbar Mesh Chair,Home & Kitchen,293.22,135.0,0.0,19,5571.18,3006.18,0,0,1,9
2026-09-30,HOME-DESK-900,ErgoFlex Ergonomic Lumbar Mesh Chair,Home & Kitchen,303.68,135.0,0.0,14,4251.52,2361.52,0,0,2,9
2026-10-01,HOME-DESK-900,ErgoFlex Ergonomic Lumbar Mesh Chair,Home & Kitchen,297.25,135.0,0.0,18,5350.5,2920.5,0,0,3,10
2026-10-02,HOME-DESK-900,ErgoFlex Ergonomic Lumbar Mesh Chair,Home & Kitchen,293.03,135.0,0.0,16,4688.48,2528.48,0,0,4,10
2026-10-03,HOME-DESK-900,ErgoFlex Ergonomic Lumbar Mesh Chair,Home & Kitchen,294.81,135.0,0.0,20,5896.2,3196.2,1,0,5,10
2026-10-04,HOME-DESK-900,ErgoFlex Ergonomic Lumbar Mesh Chair,Home & Kitchen,293.91,135.0,0.0,16,4702.56,2542.56,1,0,6,10
2025-10-05,GROC-COLD-101,Artisan Nitro Cold Brew (12-Pack),Grocery,33.99,16.5,15.0,75,2549.25,1311.75,1,0,6,10
2025-10-06,GROC-COLD-101,Artisan Nitro Cold Brew (12-Pack),Grocery,39.33,16.5,0.0,55,2163.15,1255.65,0,0,0,10
2025-10-07,GROC-COLD-101,Artisan Nitro Cold Brew (12-Pack),Grocery,40.65,16.5,0.0,51,2073.15,1231.65,0,0,1,10
2025-10-08,GROC-COLD-101,Artisan Nitro Cold Brew (12-Pack),Grocery,40.11,16.5,0.0,42,1684.62,991.62,0,0,2,10
2025-10-09,GROC-COLD-101,Artisan Nitro Cold Brew (12-Pack),Grocery,39.24,16.5,0.0,59,2315.16,1341.66,0,0,3,10
2025-10-10,GROC-COLD-101,Artisan Nitro Cold Brew (12-Pack),Grocery,39.94,16.5,0.0,83,3315.02,1945.52,0,0,4,10
2025-10-11,GROC-COLD-101,Artisan Nitro Cold Brew (12-Pack),Grocery,39.31,16.5,0.0,68,2673.08,1551.08,1,0,5,10
2025-10-12,GROC-COLD-101,Artisan Nitro Cold Brew (12-Pack),Grocery,40.62,16.5,0.0,69,2802.78,1664.28,1,0,6,10
2025-10-13,GROC-COLD-101,Artisan Nitro Cold Brew (12-Pack),Grocery,40.72,16.5,0.0,48,1954.56,1162.56,0,0,0,10
2025-10-14,GROC-COLD-101,Artisan Nitro Cold Brew (12-Pack),Grocery,40.17,16.5,0.0,47,1887.99,1112.49,0,0,1,10
2025-10-15,GROC-COLD-101,Artisan Nitro Cold Brew (12-Pack),Grocery,39.57,16.5,0.0,45,1780.65,1038.15,0,0,2,10
2025-10-16,GROC-COLD-101,Artisan Nitro Cold Brew (12-Pack),Grocery,40.37,16.5,0.0,69,2785.53,1647.03,0,0,3,10
2025-10-17,GROC-COLD-101,Artisan Nitro Cold Brew (12-Pack),Grocery,29.99,16.5,25.0,97,2909.03,1308.53,0,0,4,10
2025-10-18,GROC-COLD-101,Artisan Nitro Cold Brew (12-Pack),Grocery,40.64,16.5,0.0,75,3048.0,1810.5,1,0,5,10
2025-10-19,GROC-COLD-101,Artisan Nitro Cold Brew (12-Pack),Grocery,40.46,16.5,0.0,62,2508.52,1485.52,1,0,6,10
2025-10-20,GROC-COLD-101,Artisan Nitro Cold Brew (12-Pack),Grocery,40.73,16.5,0.0,40,1629.2,969.2,0,0,0,10
2025-10-21,GROC-COLD-101,Artisan Nitro Cold Brew (12-Pack),Grocery,40.73,16.5,0.0,46,1873.58,1114.58,0,0,1,10
2025-10-22,GROC-COLD-101,Artisan Nitro Cold Brew (12-Pack),Grocery,40.68,16.5,0.0,58,2359.44,1402.44,0,0,2,10
2025-10-23,GROC-COLD-101,Artisan Nitro Cold Brew (12-Pack),Grocery,39.72,16.5,0.0,67,2661.24,1555.74,0,0,3,10
2025-10-24,GROC-COLD-101,Artisan Nitro Cold Brew (12-Pack),Grocery,39.75,16.5,0.0,53,2106.75,1232.25,0,0,4,10
2025-10-25,GROC-COLD-101,Artisan Nitro Cold Brew (12-Pack),Grocery,40.35,16.5,0.0,88,3550.8,2098.8,1,0,5,10
2025-10-26,GROC-COLD-101,Artisan Nitro Cold Brew (12-Pack),Grocery,40.52,16.5,0.0,74,2998.48,1777.48,1,0,6,10
2025-10-27,GROC-COLD-101,Artisan Nitro Cold Brew (12-Pack),Grocery,39.87,16.5,0.0,64,2551.68,1495.68,0,0,0,10
2025-10-28,GROC-COLD-101,Artisan Nitro Cold Brew (12-Pack),Grocery,39.83,16.5,0.0,39,1553.37,909.87,0,0,1,10
2025-10-29,GROC-COLD-101,Artisan Nitro Cold Brew (12-Pack),Grocery,40.06,16.5,0.0,48,1922.88,1130.88,0,0,2,10
2025-10-30,GROC-COLD-101,Artisan Nitro Cold Brew (12-Pack),Grocery,40.03,16.5,0.0,57,2281.71,1341.21,0,1,3,10
2025-10-31,GROC-COLD-101,Artisan Nitro Cold Brew (12-Pack),Grocery,39.96,16.5,0.0,79,3156.84,1853.34,0,1,4,10
2025-11-01,GROC-COLD-101,Artisan Nitro Cold Brew (12-Pack),Grocery,39.71,16.5,0.0,69,2739.99,1601.49,1,0,5,11
2025-11-02,GROC-COLD-101,Artisan Nitro Cold Brew (12-Pack),Grocery,40.42,16.5,0.0,58,2344.36,1387.36,1,0,6,11
2025-11-03,GROC-COLD-101,Artisan Nitro Cold Brew (12-Pack),Grocery,39.58,16.5,0.0,52,2058.16,1200.16,0,0,0,11
2025-11-04,GROC-COLD-101,Artisan Nitro Cold Brew (12-Pack),Grocery,31.99,16.5,20.0,71,2271.29,1099.79,0,0,1,11
2025-11-05,GROC-COLD-101,Artisan Nitro Cold Brew (12-Pack),Grocery,40.31,16.5,0.0,68,2741.08,1619.08,0,0,2,11
2025-11-06,GROC-COLD-101,Artisan Nitro Cold Brew (12-Pack),Grocery,40.21,16.5,0.0,63,2533.23,1493.73,0,0,3,11
2025-11-07,GROC-COLD-101,Artisan Nitro Cold Brew (12-Pack),Grocery,29.99,16.5,25.0,96,2879.04,1295.04,0,0,4,11
2025-11-08,GROC-COLD-101,Artisan Nitro Cold Brew (12-Pack),Grocery,35.99,16.5,10.0,77,2771.23,1500.73,1,0,5,11
2025-11-09,GROC-COLD-101,Artisan Nitro Cold Brew (12-Pack),Grocery,40.0,16.5,0.0,68,2720.0,1598.0,1,0,6,11
2025-11-10,GROC-COLD-101,Artisan Nitro Cold Brew (12-Pack),Grocery,39.72,16.5,0.0,58,2303.76,1346.76,0,0,0,11
2025-11-11,GROC-COLD-101,Artisan Nitro Cold Brew (12-Pack),Grocery,40.31,16.5,0.0,44,1773.64,1047.64,0,0,1,11
2025-11-12,GROC-COLD-101,Artisan Nitro Cold Brew (12-Pack),Grocery,40.2,16.5,0.0,53,2130.6,1256.1,0,0,2,11
2025-11-13,GROC-COLD-101,Artisan Nitro Cold Brew (12-Pack),Grocery,40.63,16.5,0.0,48,1950.24,1158.24,0,0,3,11
2025-11-14,GROC-COLD-101,Artisan Nitro Cold Brew (12-Pack),Grocery,39.57,16.5,0.0,63,2492.91,1453.41,0,0,4,11
2025-11-15,GROC-COLD-101,Artisan Nitro Cold Brew (12-Pack),Grocery,40.41,16.5,0.0,74,2990.34,1769.34,1,0,5,11
2025-11-16,GROC-COLD-101,Artisan Nitro Cold Brew (12-Pack),Grocery,31.99,16.5,20.0,79,2527.21,1223.71,1,0,6,11
2025-11-17,GROC-COLD-101,Artisan Nitro Cold Brew (12-Pack),Grocery,39.53,16.5,0.0,43,1699.79,990.29,0,0,0,11
2025-11-18,GROC-COLD-101,Artisan Nitro Cold Brew (12-Pack),Grocery,39.75,16.5,0.0,48,1908.0,1116.0,0,0,1,11
2025-11-19,GROC-COLD-101,Artisan Nitro Cold Brew (12-Pack),Grocery,39.84,16.5,0.0,41,1633.44,956.94,0,0,2,11
2025-11-20,GROC-COLD-101,Artisan Nitro Cold Brew (12-Pack),Grocery,39.35,16.5,0.0,62,2439.7,1416.7,0,0,3,11
2025-11-21,GROC-COLD-101,Artisan Nitro Cold Brew (12-Pack),Grocery,40.35,16.5,0.0,61,2461.35,1454.85,0,0,4,11
2025-11-22,GROC-COLD-101,Artisan Nitro Cold Brew (12-Pack),Grocery,39.35,16.5,0.0,73,2872.55,1668.05,1,0,5,11
2025-11-23,GROC-COLD-101,Artisan Nitro Cold Brew (12-Pack),Grocery,31.99,16.5,20.0,84,2687.16,1301.16,1,0,6,11
2025-11-24,GROC-COLD-101,Artisan Nitro Cold Brew (12-Pack),Grocery,40.52,16.5,0.0,55,2228.6,1321.1,0,0,0,11
2025-11-25,GROC-COLD-101,Artisan Nitro Cold Brew (12-Pack),Grocery,40.19,16.5,0.0,37,1487.03,876.53,0,0,1,11
2025-11-26,GROC-COLD-101,Artisan Nitro Cold Brew (12-Pack),Grocery,39.8,16.5,0.0,121,4815.8,2819.3,0,1,2,11
2025-11-27,GROC-COLD-101,Artisan Nitro Cold Brew (12-Pack),Grocery,40.17,16.5,0.0,138,5543.46,3266.46,0,1,3,11
2025-11-28,GROC-COLD-101,Artisan Nitro Cold Brew (12-Pack),Grocery,40.05,16.5,0.0,192,7689.6,4521.6,0,1,4,11
2025-11-29,GROC-COLD-101,Artisan Nitro Cold Brew (12-Pack),Grocery,40.74,16.5,0.0,144,5866.56,3490.56,1,1,5,11
2025-11-30,GROC-COLD-101,Artisan Nitro Cold Brew (12-Pack),Grocery,40.47,16.5,0.0,150,6070.5,3595.5,1,1,6,11
2025-12-01,GROC-COLD-101,Artisan Nitro Cold Brew (12-Pack),Grocery,40.12,16.5,0.0,51,2046.12,1204.62,0,0,0,12
2025-12-02,GROC-COLD-101,Artisan Nitro Cold Brew (12-Pack),Grocery,40.41,16.5,0.0,53,2141.73,1267.23,0,0,1,12
2025-12-03,GROC-COLD-101,Artisan Nitro Cold Brew (12-Pack),Grocery,39.54,16.5,0.0,49,1937.46,1128.96,0,0,2,12
2025-12-04,GROC-COLD-101,Artisan Nitro Cold Brew (12-Pack),Grocery,40.72,16.5,0.0,40,1628.8,968.8,0,0,3,12
2025-12-05,GROC-COLD-101,Artisan Nitro Cold Brew (12-Pack),Grocery,39.69,16.5,0.0,56,2222.64,1298.64,0,0,4,12
2025-12-06,GROC-COLD-101,Artisan Nitro Cold Brew (12-Pack),Grocery,40.16,16.5,0.0,61,2449.76,1443.26,1,0,5,12
2025-12-07,GROC-COLD-101,Artisan Nitro Cold Brew (12-Pack),Grocery,39.87,16.5,0.0,61,2432.07,1425.57,1,0,6,12
2025-12-08,GROC-COLD-101,Artisan Nitro Cold Brew (12-Pack),Grocery,40.44,16.5,0.0,55,2224.2,1316.7,0,0,0,12
2025-12-09,GROC-COLD-101,Artisan Nitro Cold Brew (12-Pack),Grocery,40.41,16.5,0.0,45,1818.45,1075.95,0,0,1,12
2025-12-10,GROC-COLD-101,Artisan Nitro Cold Brew (12-Pack),Grocery,39.81,16.5,0.0,61,2428.41,1421.91,0,0,2,12
2025-12-11,GROC-COLD-101,Artisan Nitro Cold Brew (12-Pack),Grocery,39.66,16.5,0.0,55,2181.3,1273.8,0,0,3,12
2025-12-12,GROC-COLD-101,Artisan Nitro Cold Brew (12-Pack),Grocery,39.87,16.5,0.0,63,2511.81,1472.31,0,0,4,12
2025-12-13,GROC-COLD-101,Artisan Nitro Cold Brew (12-Pack),Grocery,40.03,16.5,0.0,66,2641.98,1552.98,1,0,5,12
2025-12-14,GROC-COLD-101,Artisan Nitro Cold Brew (12-Pack),Grocery,39.84,16.5,0.0,65,2589.6,1517.1,1,0,6,12
2025-12-15,GROC-COLD-101,Artisan Nitro Cold Brew (12-Pack),Grocery,39.38,16.5,0.0,44,1732.72,1006.72,0,0,0,12
2025-12-16,GROC-COLD-101,Artisan Nitro Cold Brew (12-Pack),Grocery,39.77,16.5,0.0,46,1829.42,1070.42,0,0,1,12
2025-12-17,GROC-COLD-101,Artisan Nitro Cold Brew (12-Pack),Grocery,39.71,16.5,0.0,96,3812.16,2228.16,0,1,2,12
2025-12-18,GROC-COLD-101,Artisan Nitro Cold Brew (12-Pack),Grocery,39.56,16.5,0.0,110,4351.6,2536.6,0,1,3,12
2025-12-19,GROC-COLD-101,Artisan Nitro Cold Brew (12-Pack),Grocery,35.99,16.5,10.0,133,4786.67,2592.17,0,1,4,12
2025-12-20,GROC-COLD-101,Artisan Nitro Cold Brew (12-Pack),Grocery,39.58,16.5,0.0,82,3245.56,1892.56,1,0,5,12
2025-12-21,GROC-COLD-101,Artisan Nitro Cold Brew (12-Pack),Grocery,33.99,16.5,15.0,80,2719.2,1399.2,1,0,6,12
2025-12-22,GROC-COLD-101,Artisan Nitro Cold Brew (12-Pack),Grocery,40.5,16.5,0.0,50,2025.0,1200.0,0,0,0,12
2025-12-23,GROC-COLD-101,Artisan Nitro Cold Brew (12-Pack),Grocery,39.88,16.5,0.0,73,2911.24,1706.74,0,1,1,12
2025-12-24,GROC-COLD-101,Artisan Nitro Cold Brew (12-Pack),Grocery,39.33,16.5,0.0,86,3382.38,1963.38,0,1,2,12
2025-12-25,GROC-COLD-101,Artisan Nitro Cold Brew (12-Pack),Grocery,39.46,16.5,0.0,90,3551.4,2066.4,0,1,3,12
2025-12-26,GROC-COLD-101,Artisan Nitro Cold Brew (12-Pack),Grocery,39.64,16.5,0.0,94,3726.16,2175.16,0,1,4,12
2025-12-27,GROC-COLD-101,Artisan Nitro Cold Brew (12-Pack),Grocery,40.43,16.5,0.0,100,4043.0,2393.0,1,1,5,12
2025-12-28,GROC-COLD-101,Artisan Nitro Cold Brew (12-Pack),Grocery,40.35,16.5,0.0,64,2582.4,1526.4,1,0,6,12
2025-12-29,GROC-COLD-101,Artisan Nitro Cold Brew (12-Pack),Grocery,40.63,16.5,0.0,46,1868.98,1109.98,0,0,0,12
2025-12-30,GROC-COLD-101,Artisan Nitro Cold Brew (12-Pack),Grocery,39.2,16.5,0.0,51,1999.2,1157.7,0,0,1,12
2025-12-31,GROC-COLD-101,Artisan Nitro Cold Brew (12-Pack),Grocery,40.0,16.5,0.0,57,2280.0,1339.5,0,0,2,12
2026-01-01,GROC-COLD-101,Artisan Nitro Cold Brew (12-Pack),Grocery,39.62,16.5,0.0,76,3011.12,1757.12,0,1,3,1
2026-01-02,GROC-COLD-101,Artisan Nitro Cold Brew (12-Pack),Grocery,40.36,16.5,0.0,82,3309.52,1956.52,0,1,4,1
2026-01-03,GROC-COLD-101,Artisan Nitro Cold Brew (12-Pack),Grocery,40.64,16.5,0.0,62,2519.68,1496.68,1,0,5,1
2026-01-04,GROC-COLD-101,Artisan Nitro Cold Brew (12-Pack),Grocery,40.36,16.5,0.0,70,2825.2,1670.2,1,0,6,1
2026-01-05,GROC-COLD-101,Artisan Nitro Cold Brew (12-Pack),Grocery,39.6,16.5,0.0,49,1940.4,1131.9,0,0,0,1
2026-01-06,GROC-COLD-101,Artisan Nitro Cold Brew (12-Pack),Grocery,39.89,16.5,0.0,53,2114.17,1239.67,0,0,1,1
2026-01-07,GROC-COLD-101,Artisan Nitro Cold Brew (12-Pack),Grocery,39.37,16.5,0.0,58,2283.46,1326.46,0,0,2,1
2026-01-08,GROC-COLD-101,Artisan Nitro Cold Brew (12-Pack),Grocery,40.24,16.5,0.0,45,1810.8,1068.3,0,0,3,1
2026-01-09,GROC-COLD-101,Artisan Nitro Cold Brew (12-Pack),Grocery,35.99,16.5,10.0,69,2483.31,1344.81,0,0,4,1
2026-01-10,GROC-COLD-101,Artisan Nitro Cold Brew (12-Pack),Grocery,35.99,16.5,10.0,73,2627.27,1422.77,1,0,5,1
2026-01-11,GROC-COLD-101,Artisan Nitro Cold Brew (12-Pack),Grocery,40.21,16.5,0.0,67,2694.07,1588.57,1,0,6,1
2026-01-12,GROC-COLD-101,Artisan Nitro Cold Brew (12-Pack),Grocery,40.66,16.5,0.0,42,1707.72,1014.72,0,0,0,1
2026-01-13,GROC-COLD-101,Artisan Nitro Cold Brew (12-Pack),Grocery,40.74,16.5,0.0,51,2077.74,1236.24,0,0,1,1
2026-01-14,GROC-COLD-101,Artisan Nitro Cold Brew (12-Pack),Grocery,39.52,16.5,0.0,48,1896.96,1104.96,0,0,2,1
2026-01-15,GROC-COLD-101,Artisan Nitro Cold Brew (12-Pack),Grocery,29.99,16.5,25.0,80,2399.2,1079.2,0,0,3,1
2026-01-16,GROC-COLD-101,Artisan Nitro Cold Brew (12-Pack),Grocery,40.49,16.5,0.0,60,2429.4,1439.4,0,0,4,1
2026-01-17,GROC-COLD-101,Artisan Nitro Cold Brew (12-Pack),Grocery,40.73,16.5,0.0,63,2565.99,1526.49,1,0,5,1
2026-01-18,GROC-COLD-101,Artisan Nitro Cold Brew (12-Pack),Grocery,40.4,16.5,0.0,58,2343.2,1386.2,1,0,6,1
2026-01-19,GROC-COLD-101,Artisan Nitro Cold Brew (12-Pack),Grocery,39.75,16.5,0.0,56,2226.0,1302.0,0,0,0,1
2026-01-20,GROC-COLD-101,Artisan Nitro Cold Brew (12-Pack),Grocery,39.95,16.5,0.0,55,2197.25,1289.75,0,0,1,1
2026-01-21,GROC-COLD-101,Artisan Nitro Cold Brew (12-Pack),Grocery,40.4,16.5,0.0,57,2302.8,1362.3,0,0,2,1
2026-01-22,GROC-COLD-101,Artisan Nitro Cold Brew (12-Pack),Grocery,40.76,16.5,0.0,51,2078.76,1237.26,0,0,3,1
2026-01-23,GROC-COLD-101,Artisan Nitro Cold Brew (12-Pack),Grocery,39.45,16.5,0.0,71,2800.95,1629.45,0,0,4,1
2026-01-24,GROC-COLD-101,Artisan Nitro Cold Brew (12-Pack),Grocery,40.41,16.5,0.0,77,3111.57,1841.07,1,0,5,1
2026-01-25,GROC-COLD-101,Artisan Nitro Cold Brew (12-Pack),Grocery,39.66,16.5,0.0,66,2617.56,1528.56,1,0,6,1
2026-01-26,GROC-COLD-101,Artisan Nitro Cold Brew (12-Pack),Grocery,39.94,16.5,0.0,44,1757.36,1031.36,0,0,0,1
2026-01-27,GROC-COLD-101,Artisan Nitro Cold Brew (12-Pack),Grocery,39.45,16.5,0.0,44,1735.8,1009.8,0,0,1,1
2026-01-28,GROC-COLD-101,Artisan Nitro Cold Brew (12-Pack),Grocery,40.66,16.5,0.0,51,2073.66,1232.16,0,0,2,1
2026-01-29,GROC-COLD-101,Artisan Nitro Cold Brew (12-Pack),Grocery,40.05,16.5,0.0,57,2282.85,1342.35,0,0,3,1
2026-01-30,GROC-COLD-101,Artisan Nitro Cold Brew (12-Pack),Grocery,39.48,16.5,0.0,62,2447.76,1424.76,0,0,4,1
2026-01-31,GROC-COLD-101,Artisan Nitro Cold Brew (12-Pack),Grocery,39.43,16.5,0.0,48,1892.64,1100.64,1,0,5,1
2026-02-01,GROC-COLD-101,Artisan Nitro Cold Brew (12-Pack),Grocery,39.96,16.5,0.0,66,2637.36,1548.36,1,0,6,2
2026-02-02,GROC-COLD-101,Artisan Nitro Cold Brew (12-Pack),Grocery,39.89,16.5,0.0,66,2632.74,1543.74,0,0,0,2
2026-02-03,GROC-COLD-101,Artisan Nitro Cold Brew (12-Pack),Grocery,40.3,16.5,0.0,61,2458.3,1451.8,0,0,1,2
2026-02-04,GROC-COLD-101,Artisan Nitro Cold Brew (12-Pack),Grocery,39.56,16.5,0.0,43,1701.08,991.58,0,0,2,2
2026-02-05,GROC-COLD-101,Artisan Nitro Cold Brew (12-Pack),Grocery,40.01,16.5,0.0,53,2120.53,1246.03,0,0,3,2
2026-02-06,GROC-COLD-101,Artisan Nitro Cold Brew (12-Pack),Grocery,40.76,16.5,0.0,56,2282.56,1358.56,0,0,4,2
2026-02-07,GROC-COLD-101,Artisan Nitro Cold Brew (12-Pack),Grocery,39.35,16.5,0.0,71,2793.85,1622.35,1,0,5,2
2026-02-08,GROC-COLD-101,Artisan Nitro Cold Brew (12-Pack),Grocery,40.7,16.5,0.0,65,2645.5,1573.0,1,0,6,2
2026-02-09,GROC-COLD-101,Artisan Nitro Cold Brew (12-Pack),Grocery,39.81,16.5,0.0,44,1751.64,1025.64,0,0,0,2
2026-02-10,GROC-COLD-101,Artisan Nitro Cold Brew (12-Pack),Grocery,40.18,16.5,0.0,37,1486.66,876.16,0,0,1,2
2026-02-11,GROC-COLD-101,Artisan Nitro Cold Brew (12-Pack),Grocery,40.17,16.5,0.0,52,2088.84,1230.84,0,0,2,2
2026-02-12,GROC-COLD-101,Artisan Nitro Cold Brew (12-Pack),Grocery,40.77,16.5,0.0,53,2160.81,1286.31,0,0,3,2
2026-02-13,GROC-COLD-101,Artisan Nitro Cold Brew (12-Pack),Grocery,39.71,16.5,0.0,90,3573.9,2088.9,0,1,4,2
2026-02-14,GROC-COLD-101,Artisan Nitro Cold Brew (12-Pack),Grocery,39.74,16.5,0.0,116,4609.84,2695.84,1,1,5,2
2026-02-15,GROC-COLD-101,Artisan Nitro Cold Brew (12-Pack),Grocery,39.42,16.5,0.0,97,3823.74,2223.24,1,1,6,2
2026-02-16,GROC-COLD-101,Artisan Nitro Cold Brew (12-Pack),Grocery,40.31,16.5,0.0,48,1934.88,1142.88,0,0,0,2
2026-02-17,GROC-COLD-101,Artisan Nitro Cold Brew (12-Pack),Grocery,40.03,16.5,0.0,64,2561.92,1505.92,0,0,1,2
2026-02-18,GROC-COLD-101,Artisan Nitro Cold Brew (12-Pack),Grocery,40.66,16.5,0.0,37,1504.42,893.92,0,0,2,2
2026-02-19,GROC-COLD-101,Artisan Nitro Cold Brew (12-Pack),Grocery,40.01,16.5,0.0,57,2280.57,1340.07,0,0,3,2
2026-02-20,GROC-COLD-101,Artisan Nitro Cold Brew (12-Pack),Grocery,39.96,16.5,0.0,83,3316.68,1947.18,0,0,4,2
2026-02-21,GROC-COLD-101,Artisan Nitro Cold Brew (12-Pack),Grocery,31.99,16.5,20.0,90,2879.1,1394.1,1,0,5,2
2026-02-22,GROC-COLD-101,Artisan Nitro Cold Brew (12-Pack),Grocery,39.31,16.5,0.0,73,2869.63,1665.13,1,0,6,2
2026-02-23,GROC-COLD-101,Artisan Nitro Cold Brew (12-Pack),Grocery,40.0,16.5,0.0,57,2280.0,1339.5,0,0,0,2
2026-02-24,GROC-COLD-101,Artisan Nitro Cold Brew (12-Pack),Grocery,40.55,16.5,0.0,41,1662.55,986.05,0,0,1,2
2026-02-25,GROC-COLD-101,Artisan Nitro Cold Brew (12-Pack),Grocery,39.31,16.5,0.0,56,2201.36,1277.36,0,0,2,2
2026-02-26,GROC-COLD-101,Artisan Nitro Cold Brew (12-Pack),Grocery,40.7,16.5,0.0,61,2482.7,1476.2,0,0,3,2
2026-02-27,GROC-COLD-101,Artisan Nitro Cold Brew (12-Pack),Grocery,40.68,16.5,0.0,65,2644.2,1571.7,0,0,4,2
2026-02-28,GROC-COLD-101,Artisan Nitro Cold Brew (12-Pack),Grocery,40.14,16.5,0.0,72,2890.08,1702.08,1,0,5,2
2026-03-01,GROC-COLD-101,Artisan Nitro Cold Brew (12-Pack),Grocery,39.49,16.5,0.0,76,3001.24,1747.24,1,0,6,3
2026-03-02,GROC-COLD-101,Artisan Nitro Cold Brew (12-Pack),Grocery,40.64,16.5,0.0,65,2641.6,1569.1,0,0,0,3
2026-03-03,GROC-COLD-101,Artisan Nitro Cold Brew (12-Pack),Grocery,40.22,16.5,0.0,52,2091.44,1233.44,0,0,1,3
2026-03-04,GROC-COLD-101,Artisan Nitro Cold Brew (12-Pack),Grocery,40.64,16.5,0.0,72,2926.08,1738.08,0,0,2,3
2026-03-05,GROC-COLD-101,Artisan Nitro Cold Brew (12-Pack),Grocery,40.02,16.5,0.0,68,2721.36,1599.36,0,0,3,3
2026-03-06,GROC-COLD-101,Artisan Nitro Cold Brew (12-Pack),Grocery,40.78,16.5,0.0,69,2813.82,1675.32,0,0,4,3
2026-03-07,GROC-COLD-101,Artisan Nitro Cold Brew (12-Pack),Grocery,40.46,16.5,0.0,78,3155.88,1868.88,1,0,5,3
2026-03-08,GROC-COLD-101,Artisan Nitro Cold Brew (12-Pack),Grocery,40.06,16.5,0.0,71,2844.26,1672.76,1,0,6,3
2026-03-09,GROC-COLD-101,Artisan Nitro Cold Brew (12-Pack),Grocery,39.82,16.5,0.0,50,1991.0,1166.0,0,0,0,3
2026-03-10,GROC-COLD-101,Artisan Nitro Cold Brew (12-Pack),Grocery,33.99,16.5,15.0,56,1903.44,979.44,0,0,1,3
2026-03-11,GROC-COLD-101,Artisan Nitro Cold Brew (12-Pack),Grocery,40.73,16.5,0.0,59,2403.07,1429.57,0,0,2,3
2026-03-12,GROC-COLD-101,Artisan Nitro Cold Brew (12-Pack),Grocery,40.08,16.5,0.0,48,1923.84,1131.84,0,0,3,3
2026-03-13,GROC-COLD-101,Artisan Nitro Cold Brew (12-Pack),Grocery,40.15,16.5,0.0,75,3011.25,1773.75,0,0,4,3
2026-03-14,GROC-COLD-101,Artisan Nitro Cold Brew (12-Pack),Grocery,40.44,16.5,0.0,65,2628.6,1556.1,1,0,5,3
2026-03-15,GROC-COLD-101,Artisan Nitro Cold Brew (12-Pack),Grocery,40.45,16.5,0.0,45,1820.25,1077.75,1,0,6,3
2026-03-16,GROC-COLD-101,Artisan Nitro Cold Brew (12-Pack),Grocery,39.3,16.5,0.0,62,2436.6,1413.6,0,0,0,3
2026-03-17,GROC-COLD-101,Artisan Nitro Cold Brew (12-Pack),Grocery,39.78,16.5,0.0,44,1750.32,1024.32,0,0,1,3
2026-03-18,GROC-COLD-101,Artisan Nitro Cold Brew (12-Pack),Grocery,39.7,16.5,0.0,52,2064.4,1206.4,0,0,2,3
2026-03-19,GROC-COLD-101,Artisan Nitro Cold Brew (12-Pack),Grocery,40.08,16.5,0.0,57,2284.56,1344.06,0,0,3,3
2026-03-20,GROC-COLD-101,Artisan Nitro Cold Brew (12-Pack),Grocery,39.62,16.5,0.0,80,3169.6,1849.6,0,0,4,3
2026-03-21,GROC-COLD-101,Artisan Nitro Cold Brew (12-Pack),Grocery,39.44,16.5,0.0,89,3510.16,2041.66,1,0,5,3
2026-03-22,GROC-COLD-101,Artisan Nitro Cold Brew (12-Pack),Grocery,39.48,16.5,0.0,62,2447.76,1424.76,1,0,6,3
2026-03-23,GROC-COLD-101,Artisan Nitro Cold Brew (12-Pack),Grocery,40.43,16.5,0.0,51,2061.93,1220.43,0,0,0,3
2026-03-24,GROC-COLD-101,Artisan Nitro Cold Brew (12-Pack),Grocery,39.39,16.5,0.0,56,2205.84,1281.84,0,0,1,3
2026-03-25,GROC-COLD-101,Artisan Nitro Cold Brew (12-Pack),Grocery,39.82,16.5,0.0,44,1752.08,1026.08,0,0,2,3
2026-03-26,GROC-COLD-101,Artisan Nitro Cold Brew (12-Pack),Grocery,39.86,16.5,0.0,60,2391.6,1401.6,0,0,3,3
2026-03-27,GROC-COLD-101,Artisan Nitro Cold Brew (12-Pack),Grocery,39.77,16.5,0.0,78,3102.06,1815.06,0,0,4,3
2026-03-28,GROC-COLD-101,Artisan Nitro Cold Brew (12-Pack),Grocery,40.33,16.5,0.0,75,3024.75,1787.25,1,0,5,3
2026-03-29,GROC-COLD-101,Artisan Nitro Cold Brew (12-Pack),Grocery,40.09,16.5,0.0,92,3688.28,2170.28,1,0,6,3
2026-03-30,GROC-COLD-101,Artisan Nitro Cold Brew (12-Pack),Grocery,39.24,16.5,0.0,59,2315.16,1341.66,0,0,0,3
2026-03-31,GROC-COLD-101,Artisan Nitro Cold Brew (12-Pack),Grocery,40.77,16.5,0.0,53,2160.81,1286.31,0,0,1,3
2026-04-01,GROC-COLD-101,Artisan Nitro Cold Brew (12-Pack),Grocery,40.22,16.5,0.0,61,2453.42,1446.92,0,0,2,4
2026-04-02,GROC-COLD-101,Artisan Nitro Cold Brew (12-Pack),Grocery,40.59,16.5,0.0,69,2800.71,1662.21,0,0,3,4
2026-04-03,GROC-COLD-101,Artisan Nitro Cold Brew (12-Pack),Grocery,39.93,16.5,0.0,79,3154.47,1850.97,0,0,4,4
2026-04-04,GROC-COLD-101,Artisan Nitro Cold Brew (12-Pack),Grocery,39.92,16.5,0.0,84,3353.28,1967.28,1,0,5,4
2026-04-05,GROC-COLD-101,Artisan Nitro Cold Brew (12-Pack),Grocery,33.99,16.5,15.0,87,2957.13,1521.63,1,0,6,4
2026-04-06,GROC-COLD-101,Artisan Nitro Cold Brew (12-Pack),Grocery,39.74,16.5,0.0,69,2742.06,1603.56,0,0,0,4
2026-04-07,GROC-COLD-101,Artisan Nitro Cold Brew (12-Pack),Grocery,40.34,16.5,0.0,53,2138.02,1263.52,0,0,1,4
2026-04-08,GROC-COLD-101,Artisan Nitro Cold Brew (12-Pack),Grocery,40.1,16.5,0.0,69,2766.9,1628.4,0,0,2,4
2026-04-09,GROC-COLD-101,Artisan Nitro Cold Brew (12-Pack),Grocery,40.32,16.5,0.0,64,2580.48,1524.48,0,0,3,4
2026-04-10,GROC-COLD-101,Artisan Nitro Cold Brew (12-Pack),Grocery,29.99,16.5,25.0,110,3298.9,1483.9,0,0,4,4
2026-04-11,GROC-COLD-101,Artisan Nitro Cold Brew (12-Pack),Grocery,40.0,16.5,0.0,85,3400.0,1997.5,1,0,5,4
2026-04-12,GROC-COLD-101,Artisan Nitro Cold Brew (12-Pack),Grocery,40.1,16.5,0.0,83,3328.3,1958.8,1,0,6,4
2026-04-13,GROC-COLD-101,Artisan Nitro Cold Brew (12-Pack),Grocery,40.1,16.5,0.0,60,2406.0,1416.0,0,0,0,4
2026-04-14,GROC-COLD-101,Artisan Nitro Cold Brew (12-Pack),Grocery,39.33,16.5,0.0,74,2910.42,1689.42,0,1,1,4
2026-04-15,GROC-COLD-101,Artisan Nitro Cold Brew (12-Pack),Grocery,40.0,16.5,0.0,80,3200.0,1880.0,0,1,2,4
2026-04-16,GROC-COLD-101,Artisan Nitro Cold Brew (12-Pack),Grocery,39.38,16.5,0.0,68,2677.84,1555.84,0,1,3,4
2026-04-17,GROC-COLD-101,Artisan Nitro Cold Brew (12-Pack),Grocery,40.31,16.5,0.0,82,3305.42,1952.42,0,0,4,4
2026-04-18,GROC-COLD-101,Artisan Nitro Cold Brew (12-Pack),Grocery,39.65,16.5,0.0,99,3925.35,2291.85,1,0,5,4
2026-04-19,GROC-COLD-101,Artisan Nitro Cold Brew (12-Pack),Grocery,39.29,16.5,0.0,82,3221.78,1868.78,1,0,6,4
2026-04-20,GROC-COLD-101,Artisan Nitro Cold Brew (12-Pack),Grocery,40.46,16.5,0.0,62,2508.52,1485.52,0,0,0,4
2026-04-21,GROC-COLD-101,Artisan Nitro Cold Brew (12-Pack),Grocery,40.45,16.5,0.0,46,1860.7,1101.7,0,0,1,4
2026-04-22,GROC-COLD-101,Artisan Nitro Cold Brew (12-Pack),Grocery,40.43,16.5,0.0,58,2344.94,1387.94,0,0,2,4
2026-04-23,GROC-COLD-101,Artisan Nitro Cold Brew (12-Pack),Grocery,40.37,16.5,0.0,52,2099.24,1241.24,0,0,3,4
2026-04-24,GROC-COLD-101,Artisan Nitro Cold Brew (12-Pack),Grocery,40.37,16.5,0.0,86,3471.82,2052.82,0,0,4,4
2026-04-25,GROC-COLD-101,Artisan Nitro Cold Brew (12-Pack),Grocery,39.65,16.5,0.0,81,3211.65,1875.15,1,0,5,4
2026-04-26,GROC-COLD-101,Artisan Nitro Cold Brew (12-Pack),Grocery,39.71,16.5,0.0,71,2819.41,1647.91,1,0,6,4
2026-04-27,GROC-COLD-101,Artisan Nitro Cold Brew (12-Pack),Grocery,40.63,16.5,0.0,54,2194.02,1303.02,0,0,0,4
2026-04-28,GROC-COLD-101,Artisan Nitro Cold Brew (12-Pack),Grocery,40.53,16.5,0.0,48,1945.44,1153.44,0,0,1,4
2026-04-29,GROC-COLD-101,Artisan Nitro Cold Brew (12-Pack),Grocery,40.06,16.5,0.0,63,2523.78,1484.28,0,0,2,4
2026-04-30,GROC-COLD-101,Artisan Nitro Cold Brew (12-Pack),Grocery,40.15,16.5,0.0,56,2248.4,1324.4,0,0,3,4
2026-05-01,GROC-COLD-101,Artisan Nitro Cold Brew (12-Pack),Grocery,40.24,16.5,0.0,76,3058.24,1804.24,0,0,4,5
2026-05-02,GROC-COLD-101,Artisan Nitro Cold Brew (12-Pack),Grocery,39.91,16.5,0.0,83,3312.53,1943.03,1,0,5,5
2026-05-03,GROC-COLD-101,Artisan Nitro Cold Brew (12-Pack),Grocery,39.85,16.5,0.0,92,3666.2,2148.2,1,0,6,5
2026-05-04,GROC-COLD-101,Artisan Nitro Cold Brew (12-Pack),Grocery,39.26,16.5,0.0,52,2041.52,1183.52,0,0,0,5
2026-05-05,GROC-COLD-101,Artisan Nitro Cold Brew (12-Pack),Grocery,40.37,16.5,0.0,55,2220.35,1312.85,0,0,1,5
2026-05-06,GROC-COLD-101,Artisan Nitro Cold Brew (12-Pack),Grocery,39.85,16.5,0.0,52,2072.2,1214.2,0,0,2,5
2026-05-07,GROC-COLD-101,Artisan Nitro Cold Brew (12-Pack),Grocery,40.35,16.5,0.0,69,2784.15,1645.65,0,0,3,5
2026-05-08,GROC-COLD-101,Artisan Nitro Cold Brew (12-Pack),Grocery,39.45,16.5,0.0,84,3313.8,1927.8,0,0,4,5
2026-05-09,GROC-COLD-101,Artisan Nitro Cold Brew (12-Pack),Grocery,39.75,16.5,0.0,91,3617.25,2115.75,1,0,5,5
2026-05-10,GROC-COLD-101,Artisan Nitro Cold Brew (12-Pack),Grocery,39.69,16.5,0.0,79,3135.51,1832.01,1,0,6,5
2026-05-11,GROC-COLD-101,Artisan Nitro Cold Brew (12-Pack),Grocery,40.32,16.5,0.0,69,2782.08,1643.58,0,0,0,5
2026-05-12,GROC-COLD-101,Artisan Nitro Cold Brew (12-Pack),Grocery,39.49,16.5,0.0,70,2764.3,1609.3,0,0,1,5
2026-05-13,GROC-COLD-101,Artisan Nitro Cold Brew (12-Pack),Grocery,31.99,16.5,20.0,77,2463.23,1192.73,0,0,2,5
2026-05-14,GROC-COLD-101,Artisan Nitro Cold Brew (12-Pack),Grocery,39.31,16.5,0.0,70,2751.7,1596.7,0,0,3,5
2026-05-15,GROC-COLD-101,Artisan Nitro Cold Brew (12-Pack),Grocery,39.22,16.5,0.0,73,2863.06,1658.56,0,0,4,5
2026-05-16,GROC-COLD-101,Artisan Nitro Cold Brew (12-Pack),Grocery,39.37,16.5,0.0,93,3661.41,2126.91,1,0,5,5
2026-05-17,GROC-COLD-101,Artisan Nitro Cold Brew (12-Pack),Grocery,39.63,16.5,0.0,95,3764.85,2197.35,1,0,6,5
2026-05-18,GROC-COLD-101,Artisan Nitro Cold Brew (12-Pack),Grocery,39.82,16.5,0.0,64,2548.48,1492.48,0,0,0,5
2026-05-19,GROC-COLD-101,Artisan Nitro Cold Brew (12-Pack),Grocery,40.43,16.5,0.0,54,2183.22,1292.22,0,0,1,5
2026-05-20,GROC-COLD-101,Artisan Nitro Cold Brew (12-Pack),Grocery,40.72,16.5,0.0,61,2483.92,1477.42,0,0,2,5
2026-05-21,GROC-COLD-101,Artisan Nitro Cold Brew (12-Pack),Grocery,40.32,16.5,0.0,61,2459.52,1453.02,0,0,3,5
2026-05-22,GROC-COLD-101,Artisan Nitro Cold Brew (12-Pack),Grocery,31.99,16.5,20.0,115,3678.85,1781.35,0,0,4,5
2026-05-23,GROC-COLD-101,Artisan Nitro Cold Brew (12-Pack),Grocery,39.29,16.5,0.0,83,3261.07,1891.57,1,0,5,5
2026-05-24,GROC-COLD-101,Artisan Nitro Cold Brew (12-Pack),Grocery,39.39,16.5,0.0,81,3190.59,1854.09,1,0,6,5
2026-05-25,GROC-COLD-101,Artisan Nitro Cold Brew (12-Pack),Grocery,40.55,16.5,0.0,54,2189.7,1298.7,0,0,0,5
2026-05-26,GROC-COLD-101,Artisan Nitro Cold Brew (12-Pack),Grocery,39.57,16.5,0.0,65,2572.05,1499.55,0,0,1,5
2026-05-27,GROC-COLD-101,Artisan Nitro Cold Brew (12-Pack),Grocery,39.37,16.5,0.0,96,3779.52,2195.52,0,1,2,5
2026-05-28,GROC-COLD-101,Artisan Nitro Cold Brew (12-Pack),Grocery,39.47,16.5,0.0,91,3591.77,2090.27,0,1,3,5
2026-05-29,GROC-COLD-101,Artisan Nitro Cold Brew (12-Pack),Grocery,39.56,16.5,0.0,101,3995.56,2329.06,0,1,4,5
2026-05-30,GROC-COLD-101,Artisan Nitro Cold Brew (12-Pack),Grocery,39.94,16.5,0.0,86,3434.84,2015.84,1,0,5,5
2026-05-31,GROC-COLD-101,Artisan Nitro Cold Brew (12-Pack),Grocery,39.28,16.5,0.0,81,3181.68,1845.18,1,0,6,5
2026-06-01,GROC-COLD-101,Artisan Nitro Cold Brew (12-Pack),Grocery,40.33,16.5,0.0,72,2903.76,1715.76,0,0,0,6
2026-06-02,GROC-COLD-101,Artisan Nitro Cold Brew (12-Pack),Grocery,40.74,16.5,0.0,54,2199.96,1308.96,0,0,1,6
2026-06-03,GROC-COLD-101,Artisan Nitro Cold Brew (12-Pack),Grocery,39.76,16.5,0.0,61,2425.36,1418.86,0,0,2,6
2026-06-04,GROC-COLD-101,Artisan Nitro Cold Brew (12-Pack),Grocery,40.38,16.5,0.0,66,2665.08,1576.08,0,0,3,6
2026-06-05,GROC-COLD-101,Artisan Nitro Cold Brew (12-Pack),Grocery,40.78,16.5,0.0,79,3221.62,1918.12,0,0,4,6
2026-06-06,GROC-COLD-101,Artisan Nitro Cold Brew (12-Pack),Grocery,39.84,16.5,0.0,91,3625.44,2123.94,1,0,5,6
2026-06-07,GROC-COLD-101,Artisan Nitro Cold Brew (12-Pack),Grocery,39.46,16.5,0.0,77,3038.42,1767.92,1,0,6,6
2026-06-08,GROC-COLD-101,Artisan Nitro Cold Brew (12-Pack),Grocery,33.99,16.5,15.0,83,2821.17,1451.67,0,0,0,6
2026-06-09,GROC-COLD-101,Artisan Nitro Cold Brew (12-Pack),Grocery,39.32,16.5,0.0,57,2241.24,1300.74,0,0,1,6
2026-06-10,GROC-COLD-101,Artisan Nitro Cold Brew (12-Pack),Grocery,39.84,16.5,0.0,83,3306.72,1937.22,0,0,2,6
2026-06-11,GROC-COLD-101,Artisan Nitro Cold Brew (12-Pack),Grocery,40.36,16.5,0.0,69,2784.84,1646.34,0,0,3,6
2026-06-12,GROC-COLD-101,Artisan Nitro Cold Brew (12-Pack),Grocery,39.61,16.5,0.0,80,3168.8,1848.8,0,0,4,6
2026-06-13,GROC-COLD-101,Artisan Nitro Cold Brew (12-Pack),Grocery,39.66,16.5,0.0,99,3926.34,2292.84,1,0,5,6
2026-06-14,GROC-COLD-101,Artisan Nitro Cold Brew (12-Pack),Grocery,40.24,16.5,0.0,72,2897.28,1709.28,1,0,6,6
2026-06-15,GROC-COLD-101,Artisan Nitro Cold Brew (12-Pack),Grocery,39.7,16.5,0.0,64,2540.8,1484.8,0,0,0,6
2026-06-16,GROC-COLD-101,Artisan Nitro Cold Brew (12-Pack),Grocery,40.42,16.5,0.0,57,2303.94,1363.44,0,0,1,6
2026-06-17,GROC-COLD-101,Artisan Nitro Cold Brew (12-Pack),Grocery,40.7,16.5,0.0,65,2645.5,1573.0,0,0,2,6
2026-06-18,GROC-COLD-101,Artisan Nitro Cold Brew (12-Pack),Grocery,40.28,16.5,0.0,68,2739.04,1617.04,0,0,3,6
2026-06-19,GROC-COLD-101,Artisan Nitro Cold Brew (12-Pack),Grocery,39.28,16.5,0.0,78,3063.84,1776.84,0,0,4,6
2026-06-20,GROC-COLD-101,Artisan Nitro Cold Brew (12-Pack),Grocery,39.22,16.5,0.0,90,3529.8,2044.8,1,0,5,6
2026-06-21,GROC-COLD-101,Artisan Nitro Cold Brew (12-Pack),Grocery,39.82,16.5,0.0,80,3185.6,1865.6,1,0,6,6
2026-06-22,GROC-COLD-101,Artisan Nitro Cold Brew (12-Pack),Grocery,39.93,16.5,0.0,54,2156.22,1265.22,0,0,0,6
2026-06-23,GROC-COLD-101,Artisan Nitro Cold Brew (12-Pack),Grocery,40.17,16.5,0.0,74,2972.58,1751.58,0,0,1,6
2026-06-24,GROC-COLD-101,Artisan Nitro Cold Brew (12-Pack),Grocery,35.99,16.5,10.0,64,2303.36,1247.36,0,0,2,6
2026-06-25,GROC-COLD-101,Artisan Nitro Cold Brew (12-Pack),Grocery,40.48,16.5,0.0,61,2469.28,1462.78,0,0,3,6
2026-06-26,GROC-COLD-101,Artisan Nitro Cold Brew (12-Pack),Grocery,39.28,16.5,0.0,100,3928.0,2278.0,0,0,4,6
2026-06-27,GROC-COLD-101,Artisan Nitro Cold Brew (12-Pack),Grocery,40.24,16.5,0.0,85,3420.4,2017.9,1,0,5,6
2026-06-28,GROC-COLD-101,Artisan Nitro Cold Brew (12-Pack),Grocery,39.46,16.5,0.0,62,2446.52,1423.52,1,0,6,6
2026-06-29,GROC-COLD-101,Artisan Nitro Cold Brew (12-Pack),Grocery,40.56,16.5,0.0,68,2758.08,1636.08,0,0,0,6
2026-06-30,GROC-COLD-101,Artisan Nitro Cold Brew (12-Pack),Grocery,40.11,16.5,0.0,51,2045.61,1204.11,0,0,1,6
2026-07-01,GROC-COLD-101,Artisan Nitro Cold Brew (12-Pack),Grocery,40.45,16.5,0.0,66,2669.7,1580.7,0,0,2,7
2026-07-02,GROC-COLD-101,Artisan Nitro Cold Brew (12-Pack),Grocery,40.73,16.5,0.0,77,3136.21,1865.71,0,0,3,7
2026-07-03,GROC-COLD-101,Artisan Nitro Cold Brew (12-Pack),Grocery,39.78,16.5,0.0,82,3261.96,1908.96,0,0,4,7
2026-07-04,GROC-COLD-101,Artisan Nitro Cold Brew (12-Pack),Grocery,39.82,16.5,0.0,83,3305.06,1935.56,1,0,5,7
2026-07-05,GROC-COLD-101,Artisan Nitro Cold Brew (12-Pack),Grocery,40.11,16.5,0.0,79,3168.69,1865.19,1,0,6,7
2026-07-06,GROC-COLD-101,Artisan Nitro Cold Brew (12-Pack),Grocery,40.41,16.5,0.0,62,2505.42,1482.42,0,0,0,7
2026-07-07,GROC-COLD-101,Artisan Nitro Cold Brew (12-Pack),Grocery,39.78,16.5,0.0,71,2824.38,1652.88,0,0,1,7
2026-07-08,GROC-COLD-101,Artisan Nitro Cold Brew (12-Pack),Grocery,39.71,16.5,0.0,79,3137.09,1833.59,0,0,2,7
2026-07-09,GROC-COLD-101,Artisan Nitro Cold Brew (12-Pack),Grocery,40.73,16.5,0.0,59,2403.07,1429.57,0,0,3,7
2026-07-10,GROC-COLD-101,Artisan Nitro Cold Brew (12-Pack),Grocery,39.88,16.5,0.0,75,2991.0,1753.5,0,0,4,7
2026-07-11,GROC-COLD-101,Artisan Nitro Cold Brew (12-Pack),Grocery,31.99,16.5,20.0,206,6589.94,3190.94,1,1,5,7
2026-07-12,GROC-COLD-101,Artisan Nitro Cold Brew (12-Pack),Grocery,29.99,16.5,25.0,187,5608.13,2522.63,1,1,6,7
2026-07-13,GROC-COLD-101,Artisan Nitro Cold Brew (12-Pack),Grocery,39.43,16.5,0.0,86,3390.98,1971.98,0,1,0,7
2026-07-14,GROC-COLD-101,Artisan Nitro Cold Brew (12-Pack),Grocery,40.05,16.5,0.0,52,2082.6,1224.6,0,0,1,7
2026-07-15,GROC-COLD-101,Artisan Nitro Cold Brew (12-Pack),Grocery,39.48,16.5,0.0,62,2447.76,1424.76,0,0,2,7
2026-07-16,GROC-COLD-101,Artisan Nitro Cold Brew (12-Pack),Grocery,33.99,16.5,15.0,80,2719.2,1399.2,0,0,3,7
2026-07-17,GROC-COLD-101,Artisan Nitro Cold Brew (12-Pack),Grocery,40.35,16.5,0.0,69,2784.15,1645.65,0,0,4,7
2026-07-18,GROC-COLD-101,Artisan Nitro Cold Brew (12-Pack),Grocery,39.96,16.5,0.0,86,3436.56,2017.56,1,0,5,7
2026-07-19,GROC-COLD-101,Artisan Nitro Cold Brew (12-Pack),Grocery,40.32,16.5,0.0,92,3709.44,2191.44,1,0,6,7
2026-07-20,GROC-COLD-101,Artisan Nitro Cold Brew (12-Pack),Grocery,40.06,16.5,0.0,67,2684.02,1578.52,0,0,0,7
2026-07-21,GROC-COLD-101,Artisan Nitro Cold Brew (12-Pack),Grocery,40.41,16.5,0.0,65,2626.65,1554.15,0,0,1,7
2026-07-22,GROC-COLD-101,Artisan Nitro Cold Brew (12-Pack),Grocery,40.5,16.5,0.0,65,2632.5,1560.0,0,0,2,7
2026-07-23,GROC-COLD-101,Artisan Nitro Cold Brew (12-Pack),Grocery,39.95,16.5,0.0,61,2436.95,1430.45,0,0,3,7
2026-07-24,GROC-COLD-101,Artisan Nitro Cold Brew (12-Pack),Grocery,40.68,16.5,0.0,79,3213.72,1910.22,0,0,4,7
2026-07-25,GROC-COLD-101,Artisan Nitro Cold Brew (12-Pack),Grocery,40.25,16.5,0.0,94,3783.5,2232.5,1,0,5,7
2026-07-26,GROC-COLD-101,Artisan Nitro Cold Brew (12-Pack),Grocery,40.59,16.5,0.0,80,3247.2,1927.2,1,0,6,7
2026-07-27,GROC-COLD-101,Artisan Nitro Cold Brew (12-Pack),Grocery,39.72,16.5,0.0,46,1827.12,1068.12,0,0,0,7
2026-07-28,GROC-COLD-101,Artisan Nitro Cold Brew (12-Pack),Grocery,39.62,16.5,0.0,65,2575.3,1502.8,0,0,1,7
2026-07-29,GROC-COLD-101,Artisan Nitro Cold Brew (12-Pack),Grocery,39.91,16.5,0.0,68,2713.88,1591.88,0,0,2,7
2026-07-30,GROC-COLD-101,Artisan Nitro Cold Brew (12-Pack),Grocery,40.19,16.5,0.0,72,2893.68,1705.68,0,0,3,7
2026-07-31,GROC-COLD-101,Artisan Nitro Cold Brew (12-Pack),Grocery,40.49,16.5,0.0,97,3927.53,2327.03,0,0,4,7
2026-08-01,GROC-COLD-101,Artisan Nitro Cold Brew (12-Pack),Grocery,40.31,16.5,0.0,90,3627.9,2142.9,1,0,5,8
2026-08-02,GROC-COLD-101,Artisan Nitro Cold Brew (12-Pack),Grocery,40.07,16.5,0.0,89,3566.23,2097.73,1,0,6,8
2026-08-03,GROC-COLD-101,Artisan Nitro Cold Brew (12-Pack),Grocery,39.29,16.5,0.0,69,2711.01,1572.51,0,0,0,8
2026-08-04,GROC-COLD-101,Artisan Nitro Cold Brew (12-Pack),Grocery,40.55,16.5,0.0,47,1905.85,1130.35,0,0,1,8
2026-08-05,GROC-COLD-101,Artisan Nitro Cold Brew (12-Pack),Grocery,40.68,16.5,0.0,50,2034.0,1209.0,0,0,2,8
2026-08-06,GROC-COLD-101,Artisan Nitro Cold Brew (12-Pack),Grocery,40.51,16.5,0.0,68,2754.68,1632.68,0,0,3,8
2026-08-07,GROC-COLD-101,Artisan Nitro Cold Brew (12-Pack),Grocery,40.26,16.5,0.0,87,3502.62,2067.12,0,0,4,8
2026-08-08,GROC-COLD-101,Artisan Nitro Cold Brew (12-Pack),Grocery,39.85,16.5,0.0,83,3307.55,1938.05,1,0,5,8
2026-08-09,GROC-COLD-101,Artisan Nitro Cold Brew (12-Pack),Grocery,40.62,16.5,0.0,78,3168.36,1881.36,1,0,6,8
2026-08-10,GROC-COLD-101,Artisan Nitro Cold Brew (12-Pack),Grocery,39.51,16.5,0.0,64,2528.64,1472.64,0,0,0,8
2026-08-11,GROC-COLD-101,Artisan Nitro Cold Brew (12-Pack),Grocery,40.63,16.5,0.0,59,2397.17,1423.67,0,0,1,8
2026-08-12,GROC-COLD-101,Artisan Nitro Cold Brew (12-Pack),Grocery,39.28,16.5,0.0,66,2592.48,1503.48,0,0,2,8
2026-08-13,GROC-COLD-101,Artisan Nitro Cold Brew (12-Pack),Grocery,39.94,16.5,0.0,73,2915.62,1711.12,0,0,3,8
2026-08-14,GROC-COLD-101,Artisan Nitro Cold Brew (12-Pack),Grocery,39.81,16.5,0.0,69,2746.89,1608.39,0,0,4,8
2026-08-15,GROC-COLD-101,Artisan Nitro Cold Brew (12-Pack),Grocery,39.37,16.5,0.0,73,2874.01,1669.51,1,0,5,8
2026-08-16,GROC-COLD-101,Artisan Nitro Cold Brew (12-Pack),Grocery,29.99,16.5,25.0,109,3268.91,1470.41,1,0,6,8
2026-08-17,GROC-COLD-101,Artisan Nitro Cold Brew (12-Pack),Grocery,39.25,16.5,0.0,78,3061.5,1774.5,0,0,0,8
2026-08-18,GROC-COLD-101,Artisan Nitro Cold Brew (12-Pack),Grocery,39.22,16.5,0.0,45,1764.9,1022.4,0,0,1,8
2026-08-19,GROC-COLD-101,Artisan Nitro Cold Brew (12-Pack),Grocery,39.41,16.5,0.0,42,1655.22,962.22,0,0,2,8
2026-08-20,GROC-COLD-101,Artisan Nitro Cold Brew (12-Pack),Grocery,40.19,16.5,0.0,53,2130.07,1255.57,0,0,3,8
2026-08-21,GROC-COLD-101,Artisan Nitro Cold Brew (12-Pack),Grocery,39.86,16.5,0.0,66,2630.76,1541.76,0,0,4,8
2026-08-22,GROC-COLD-101,Artisan Nitro Cold Brew (12-Pack),Grocery,39.33,16.5,0.0,64,2517.12,1461.12,1,0,5,8
2026-08-23,GROC-COLD-101,Artisan Nitro Cold Brew (12-Pack),Grocery,39.59,16.5,0.0,65,2573.35,1500.85,1,0,6,8
2026-08-24,GROC-COLD-101,Artisan Nitro Cold Brew (12-Pack),Grocery,40.65,16.5,0.0,63,2560.95,1521.45,0,0,0,8
2026-08-25,GROC-COLD-101,Artisan Nitro Cold Brew (12-Pack),Grocery,40.58,16.5,0.0,59,2394.22,1420.72,0,0,1,8
2026-08-26,GROC-COLD-101,Artisan Nitro Cold Brew (12-Pack),Grocery,39.48,16.5,0.0,61,2408.28,1401.78,0,0,2,8
2026-08-27,GROC-COLD-101,Artisan Nitro Cold Brew (12-Pack),Grocery,39.98,16.5,0.0,63,2518.74,1479.24,0,0,3,8
2026-08-28,GROC-COLD-101,Artisan Nitro Cold Brew (12-Pack),Grocery,40.0,16.5,0.0,72,2880.0,1692.0,0,0,4,8
2026-08-29,GROC-COLD-101,Artisan Nitro Cold Brew (12-Pack),Grocery,40.59,16.5,0.0,95,3856.05,2288.55,1,0,5,8
2026-08-30,GROC-COLD-101,Artisan Nitro Cold Brew (12-Pack),Grocery,33.99,16.5,15.0,108,3670.92,1888.92,1,0,6,8
2026-08-31,GROC-COLD-101,Artisan Nitro Cold Brew (12-Pack),Grocery,39.68,16.5,0.0,65,2579.2,1506.7,0,0,0,8
2026-09-01,GROC-COLD-101,Artisan Nitro Cold Brew (12-Pack),Grocery,39.27,16.5,0.0,53,2081.31,1206.81,0,0,1,9
2026-09-02,GROC-COLD-101,Artisan Nitro Cold Brew (12-Pack),Grocery,39.71,16.5,0.0,60,2382.6,1392.6,0,0,2,9
2026-09-03,GROC-COLD-101,Artisan Nitro Cold Brew (12-Pack),Grocery,40.36,16.5,0.0,91,3672.76,2171.26,0,1,3,9
2026-09-04,GROC-COLD-101,Artisan Nitro Cold Brew (12-Pack),Grocery,39.46,16.5,0.0,89,3511.94,2043.44,0,1,4,9
2026-09-05,GROC-COLD-101,Artisan Nitro Cold Brew (12-Pack),Grocery,40.33,16.5,0.0,111,4476.63,2645.13,1,1,5,9
2026-09-06,GROC-COLD-101,Artisan Nitro Cold Brew (12-Pack),Grocery,40.36,16.5,0.0,81,3269.16,1932.66,1,0,6,9
2026-09-07,GROC-COLD-101,Artisan Nitro Cold Brew (12-Pack),Grocery,40.28,16.5,0.0,57,2295.96,1355.46,0,0,0,9
2026-09-08,GROC-COLD-101,Artisan Nitro Cold Brew (12-Pack),Grocery,39.66,16.5,0.0,47,1864.02,1088.52,0,0,1,9
2026-09-09,GROC-COLD-101,Artisan Nitro Cold Brew (12-Pack),Grocery,40.6,16.5,0.0,68,2760.8,1638.8,0,0,2,9
2026-09-10,GROC-COLD-101,Artisan Nitro Cold Brew (12-Pack),Grocery,39.79,16.5,0.0,65,2586.35,1513.85,0,0,3,9
2026-09-11,GROC-COLD-101,Artisan Nitro Cold Brew (12-Pack),Grocery,40.59,16.5,0.0,58,2354.22,1397.22,0,0,4,9
2026-09-12,GROC-COLD-101,Artisan Nitro Cold Brew (12-Pack),Grocery,39.52,16.5,0.0,75,2964.0,1726.5,1,0,5,9
2026-09-13,GROC-COLD-101,Artisan Nitro Cold Brew (12-Pack),Grocery,39.3,16.5,0.0,81,3183.3,1846.8,1,0,6,9
2026-09-14,GROC-COLD-101,Artisan Nitro Cold Brew (12-Pack),Grocery,40.65,16.5,0.0,52,2113.8,1255.8,0,0,0,9
2026-09-15,GROC-COLD-101,Artisan Nitro Cold Brew (12-Pack),Grocery,39.55,16.5,0.0,49,1937.95,1129.45,0,0,1,9
2026-09-16,GROC-COLD-101,Artisan Nitro Cold Brew (12-Pack),Grocery,40.09,16.5,0.0,63,2525.67,1486.17,0,0,2,9
2026-09-17,GROC-COLD-101,Artisan Nitro Cold Brew (12-Pack),Grocery,40.26,16.5,0.0,59,2375.34,1401.84,0,0,3,9
2026-09-18,GROC-COLD-101,Artisan Nitro Cold Brew (12-Pack),Grocery,40.19,16.5,0.0,51,2049.69,1208.19,0,0,4,9
2026-09-19,GROC-COLD-101,Artisan Nitro Cold Brew (12-Pack),Grocery,40.1,16.5,0.0,85,3408.5,2006.0,1,0,5,9
2026-09-20,GROC-COLD-101,Artisan Nitro Cold Brew (12-Pack),Grocery,40.45,16.5,0.0,66,2669.7,1580.7,1,0,6,9
2026-09-21,GROC-COLD-101,Artisan Nitro Cold Brew (12-Pack),Grocery,39.28,16.5,0.0,59,2317.52,1344.02,0,0,0,9
2026-09-22,GROC-COLD-101,Artisan Nitro Cold Brew (12-Pack),Grocery,39.71,16.5,0.0,57,2263.47,1322.97,0,0,1,9
2026-09-23,GROC-COLD-101,Artisan Nitro Cold Brew (12-Pack),Grocery,39.35,16.5,0.0,63,2479.05,1439.55,0,0,2,9
2026-09-24,GROC-COLD-101,Artisan Nitro Cold Brew (12-Pack),Grocery,40.26,16.5,0.0,52,2093.52,1235.52,0,0,3,9
2026-09-25,GROC-COLD-101,Artisan Nitro Cold Brew (12-Pack),Grocery,29.99,16.5,25.0,106,3178.94,1429.94,0,0,4,9
2026-09-26,GROC-COLD-101,Artisan Nitro Cold Brew (12-Pack),Grocery,40.45,16.5,0.0,71,2871.95,1700.45,1,0,5,9
2026-09-27,GROC-COLD-101,Artisan Nitro Cold Brew (12-Pack),Grocery,40.13,16.5,0.0,79,3170.27,1866.77,1,0,6,9
2026-09-28,GROC-COLD-101,Artisan Nitro Cold Brew (12-Pack),Grocery,39.36,16.5,0.0,62,2440.32,1417.32,0,0,0,9
2026-09-29,GROC-COLD-101,Artisan Nitro Cold Brew (12-Pack),Grocery,39.46,16.5,0.0,46,1815.16,1056.16,0,0,1,9
2026-09-30,GROC-COLD-101,Artisan Nitro Cold Brew (12-Pack),Grocery,40.14,16.5,0.0,54,2167.56,1276.56,0,0,2,9
2026-10-01,GROC-COLD-101,Artisan Nitro Cold Brew (12-Pack),Grocery,39.35,16.5,0.0,53,2085.55,1211.05,0,0,3,10
2026-10-02,GROC-COLD-101,Artisan Nitro Cold Brew (12-Pack),Grocery,39.35,16.5,0.0,70,2754.5,1599.5,0,0,4,10
2026-10-03,GROC-COLD-101,Artisan Nitro Cold Brew (12-Pack),Grocery,39.53,16.5,0.0,66,2608.98,1519.98,1,0,5,10
2026-10-04,GROC-COLD-101,Artisan Nitro Cold Brew (12-Pack),Grocery,40.26,16.5,0.0,67,2697.42,1591.92,1,0,6,10
2025-10-05,GROC-MATC-102,Ceremonial Grade Uji Matcha (100g),Grocery,33.43,12.0,0.0,49,1638.07,1050.07,1,0,6,10
2025-10-06,GROC-MATC-102,Ceremonial Grade Uji Matcha (100g),Grocery,33.82,12.0,0.0,29,980.78,632.78,0,0,0,10
2025-10-07,GROC-MATC-102,Ceremonial Grade Uji Matcha (100g),Grocery,33.98,12.0,0.0,35,1189.3,769.3,0,0,1,10
2025-10-08,GROC-MATC-102,Ceremonial Grade Uji Matcha (100g),Grocery,34.52,12.0,0.0,33,1139.16,743.16,0,0,2,10
2025-10-09,GROC-MATC-102,Ceremonial Grade Uji Matcha (100g),Grocery,33.54,12.0,0.0,34,1140.36,732.36,0,0,3,10
2025-10-10,GROC-MATC-102,Ceremonial Grade Uji Matcha (100g),Grocery,33.51,12.0,0.0,44,1474.44,946.44,0,0,4,10
2025-10-11,GROC-MATC-102,Ceremonial Grade Uji Matcha (100g),Grocery,34.22,12.0,0.0,48,1642.56,1066.56,1,0,5,10
2025-10-12,GROC-MATC-102,Ceremonial Grade Uji Matcha (100g),Grocery,33.68,12.0,0.0,33,1111.44,715.44,1,0,6,10
2025-10-13,GROC-MATC-102,Ceremonial Grade Uji Matcha (100g),Grocery,30.6,12.0,10.0,36,1101.6,669.6,0,0,0,10
2025-10-14,GROC-MATC-102,Ceremonial Grade Uji Matcha (100g),Grocery,34.3,12.0,0.0,31,1063.3,691.3,0,0,1,10
2025-10-15,GROC-MATC-102,Ceremonial Grade Uji Matcha (100g),Grocery,33.67,12.0,0.0,40,1346.8,866.8,0,0,2,10
2025-10-16,GROC-MATC-102,Ceremonial Grade Uji Matcha (100g),Grocery,33.53,12.0,0.0,33,1106.49,710.49,0,0,3,10
2025-10-17,GROC-MATC-102,Ceremonial Grade Uji Matcha (100g),Grocery,33.41,12.0,0.0,38,1269.58,813.58,0,0,4,10
2025-10-18,GROC-MATC-102,Ceremonial Grade Uji Matcha (100g),Grocery,33.33,12.0,0.0,56,1866.48,1194.48,1,0,5,10
2025-10-19,GROC-MATC-102,Ceremonial Grade Uji Matcha (100g),Grocery,34.54,12.0,0.0,49,1692.46,1104.46,1,0,6,10
2025-10-20,GROC-MATC-102,Ceremonial Grade Uji Matcha (100g),Grocery,33.65,12.0,0.0,37,1245.05,801.05,0,0,0,10
2025-10-21,GROC-MATC-102,Ceremonial Grade Uji Matcha (100g),Grocery,33.37,12.0,0.0,39,1301.43,833.43,0,0,1,10
2025-10-22,GROC-MATC-102,Ceremonial Grade Uji Matcha (100g),Grocery,34.61,12.0,0.0,35,1211.35,791.35,0,0,2,10
2025-10-23,GROC-MATC-102,Ceremonial Grade Uji Matcha (100g),Grocery,33.87,12.0,0.0,34,1151.58,743.58,0,0,3,10
2025-10-24,GROC-MATC-102,Ceremonial Grade Uji Matcha (100g),Grocery,34.13,12.0,0.0,45,1535.85,995.85,0,0,4,10
2025-10-25,GROC-MATC-102,Ceremonial Grade Uji Matcha (100g),Grocery,33.58,12.0,0.0,56,1880.48,1208.48,1,0,5,10
2025-10-26,GROC-MATC-102,Ceremonial Grade Uji Matcha (100g),Grocery,33.74,12.0,0.0,38,1282.12,826.12,1,0,6,10
2025-10-27,GROC-MATC-102,Ceremonial Grade Uji Matcha (100g),Grocery,34.23,12.0,0.0,37,1266.51,822.51,0,0,0,10
2025-10-28,GROC-MATC-102,Ceremonial Grade Uji Matcha (100g),Grocery,34.13,12.0,0.0,43,1467.59,951.59,0,0,1,10
2025-10-29,GROC-MATC-102,Ceremonial Grade Uji Matcha (100g),Grocery,33.61,12.0,0.0,41,1378.01,886.01,0,0,2,10
2025-10-30,GROC-MATC-102,Ceremonial Grade Uji Matcha (100g),Grocery,28.9,12.0,15.0,48,1387.2,811.2,0,1,3,10
2025-10-31,GROC-MATC-102,Ceremonial Grade Uji Matcha (100g),Grocery,33.68,12.0,0.0,50,1684.0,1084.0,0,1,4,10
2025-11-01,GROC-MATC-102,Ceremonial Grade Uji Matcha (100g),Grocery,34.51,12.0,0.0,46,1587.46,1035.46,1,0,5,11
2025-11-02,GROC-MATC-102,Ceremonial Grade Uji Matcha (100g),Grocery,33.82,12.0,0.0,47,1589.54,1025.54,1,0,6,11
2025-11-03,GROC-MATC-102,Ceremonial Grade Uji Matcha (100g),Grocery,34.36,12.0,0.0,39,1340.04,872.04,0,0,0,11
2025-11-04,GROC-MATC-102,Ceremonial Grade Uji Matcha (100g),Grocery,33.99,12.0,0.0,37,1257.63,813.63,0,0,1,11
2025-11-05,GROC-MATC-102,Ceremonial Grade Uji Matcha (100g),Grocery,33.47,12.0,0.0,29,970.63,622.63,0,0,2,11
2025-11-06,GROC-MATC-102,Ceremonial Grade Uji Matcha (100g),Grocery,27.2,12.0,20.0,42,1142.4,638.4,0,0,3,11
2025-11-07,GROC-MATC-102,Ceremonial Grade Uji Matcha (100g),Grocery,34.21,12.0,0.0,34,1163.14,755.14,0,0,4,11
2025-11-08,GROC-MATC-102,Ceremonial Grade Uji Matcha (100g),Grocery,34.26,12.0,0.0,47,1610.22,1046.22,1,0,5,11
2025-11-09,GROC-MATC-102,Ceremonial Grade Uji Matcha (100g),Grocery,30.6,12.0,10.0,39,1193.4,725.4,1,0,6,11
2025-11-10,GROC-MATC-102,Ceremonial Grade Uji Matcha (100g),Grocery,33.44,12.0,0.0,30,1003.2,643.2,0,0,0,11
2025-11-11,GROC-MATC-102,Ceremonial Grade Uji Matcha (100g),Grocery,34.1,12.0,0.0,36,1227.6,795.6,0,0,1,11
2025-11-12,GROC-MATC-102,Ceremonial Grade Uji Matcha (100g),Grocery,33.58,12.0,0.0,36,1208.88,776.88,0,0,2,11
2025-11-13,GROC-MATC-102,Ceremonial Grade Uji Matcha (100g),Grocery,33.51,12.0,0.0,43,1440.93,924.93,0,0,3,11
2025-11-14,GROC-MATC-102,Ceremonial Grade Uji Matcha (100g),Grocery,33.33,12.0,0.0,44,1466.52,938.52,0,0,4,11
2025-11-15,GROC-MATC-102,Ceremonial Grade Uji Matcha (100g),Grocery,33.72,12.0,0.0,53,1787.16,1151.16,1,0,5,11
2025-11-16,GROC-MATC-102,Ceremonial Grade Uji Matcha (100g),Grocery,30.6,12.0,10.0,39,1193.4,725.4,1,0,6,11
2025-11-17,GROC-MATC-102,Ceremonial Grade Uji Matcha (100g),Grocery,33.32,12.0,0.0,34,1132.88,724.88,0,0,0,11
2025-11-18,GROC-MATC-102,Ceremonial Grade Uji Matcha (100g),Grocery,33.59,12.0,0.0,35,1175.65,755.65,0,0,1,11
2025-11-19,GROC-MATC-102,Ceremonial Grade Uji Matcha (100g),Grocery,33.54,12.0,0.0,29,972.66,624.66,0,0,2,11
2025-11-20,GROC-MATC-102,Ceremonial Grade Uji Matcha (100g),Grocery,33.58,12.0,0.0,38,1276.04,820.04,0,0,3,11
2025-11-21,GROC-MATC-102,Ceremonial Grade Uji Matcha (100g),Grocery,34.03,12.0,0.0,34,1157.02,749.02,0,0,4,11
2025-11-22,GROC-MATC-102,Ceremonial Grade Uji Matcha (100g),Grocery,33.39,12.0,0.0,58,1936.62,1240.62,1,0,5,11
2025-11-23,GROC-MATC-102,Ceremonial Grade Uji Matcha (100g),Grocery,34.48,12.0,0.0,47,1620.56,1056.56,1,0,6,11
2025-11-24,GROC-MATC-102,Ceremonial Grade Uji Matcha (100g),Grocery,33.75,12.0,0.0,28,945.0,609.0,0,0,0,11
2025-11-25,GROC-MATC-102,Ceremonial Grade Uji Matcha (100g),Grocery,33.35,12.0,0.0,43,1434.05,918.05,0,0,1,11
2025-11-26,GROC-MATC-102,Ceremonial Grade Uji Matcha (100g),Grocery,34.66,12.0,0.0,95,3292.7,2152.7,0,1,2,11
2025-11-27,GROC-MATC-102,Ceremonial Grade Uji Matcha (100g),Grocery,34.22,12.0,0.0,88,3011.36,1955.36,0,1,3,11
2025-11-28,GROC-MATC-102,Ceremonial Grade Uji Matcha (100g),Grocery,33.67,12.0,0.0,131,4410.77,2838.77,0,1,4,11
2025-11-29,GROC-MATC-102,Ceremonial Grade Uji Matcha (100g),Grocery,34.23,12.0,0.0,100,3423.0,2223.0,1,1,5,11
2025-11-30,GROC-MATC-102,Ceremonial Grade Uji Matcha (100g),Grocery,33.8,12.0,0.0,95,3211.0,2071.0,1,1,6,11
2025-12-01,GROC-MATC-102,Ceremonial Grade Uji Matcha (100g),Grocery,33.88,12.0,0.0,35,1185.8,765.8,0,0,0,12
2025-12-02,GROC-MATC-102,Ceremonial Grade Uji Matcha (100g),Grocery,34.63,12.0,0.0,23,796.49,520.49,0,0,1,12
2025-12-03,GROC-MATC-102,Ceremonial Grade Uji Matcha (100g),Grocery,27.2,12.0,20.0,33,897.6,501.6,0,0,2,12
2025-12-04,GROC-MATC-102,Ceremonial Grade Uji Matcha (100g),Grocery,34.57,12.0,0.0,41,1417.37,925.37,0,0,3,12
2025-12-05,GROC-MATC-102,Ceremonial Grade Uji Matcha (100g),Grocery,34.5,12.0,0.0,47,1621.5,1057.5,0,0,4,12
2025-12-06,GROC-MATC-102,Ceremonial Grade Uji Matcha (100g),Grocery,28.9,12.0,15.0,65,1878.5,1098.5,1,0,5,12
2025-12-07,GROC-MATC-102,Ceremonial Grade Uji Matcha (100g),Grocery,34.07,12.0,0.0,48,1635.36,1059.36,1,0,6,12
2025-12-08,GROC-MATC-102,Ceremonial Grade Uji Matcha (100g),Grocery,34.49,12.0,0.0,29,1000.21,652.21,0,0,0,12
2025-12-09,GROC-MATC-102,Ceremonial Grade Uji Matcha (100g),Grocery,33.42,12.0,0.0,40,1336.8,856.8,0,0,1,12
2025-12-10,GROC-MATC-102,Ceremonial Grade Uji Matcha (100g),Grocery,34.18,12.0,0.0,35,1196.3,776.3,0,0,2,12
2025-12-11,GROC-MATC-102,Ceremonial Grade Uji Matcha (100g),Grocery,34.66,12.0,0.0,23,797.18,521.18,0,0,3,12
2025-12-12,GROC-MATC-102,Ceremonial Grade Uji Matcha (100g),Grocery,33.97,12.0,0.0,36,1222.92,790.92,0,0,4,12
2025-12-13,GROC-MATC-102,Ceremonial Grade Uji Matcha (100g),Grocery,34.32,12.0,0.0,57,1956.24,1272.24,1,0,5,12
2025-12-14,GROC-MATC-102,Ceremonial Grade Uji Matcha (100g),Grocery,33.58,12.0,0.0,43,1443.94,927.94,1,0,6,12
2025-12-15,GROC-MATC-102,Ceremonial Grade Uji Matcha (100g),Grocery,33.68,12.0,0.0,32,1077.76,693.76,0,0,0,12
2025-12-16,GROC-MATC-102,Ceremonial Grade Uji Matcha (100g),Grocery,34.2,12.0,0.0,31,1060.2,688.2,0,0,1,12
2025-12-17,GROC-MATC-102,Ceremonial Grade Uji Matcha (100g),Grocery,34.33,12.0,0.0,59,2025.47,1317.47,0,1,2,12
2025-12-18,GROC-MATC-102,Ceremonial Grade Uji Matcha (100g),Grocery,34.61,12.0,0.0,60,2076.6,1356.6,0,1,3,12
2025-12-19,GROC-MATC-102,Ceremonial Grade Uji Matcha (100g),Grocery,34.15,12.0,0.0,72,2458.8,1594.8,0,1,4,12
2025-12-20,GROC-MATC-102,Ceremonial Grade Uji Matcha (100g),Grocery,34.65,12.0,0.0,50,1732.5,1132.5,1,0,5,12
2025-12-21,GROC-MATC-102,Ceremonial Grade Uji Matcha (100g),Grocery,33.63,12.0,0.0,30,1008.9,648.9,1,0,6,12
2025-12-22,GROC-MATC-102,Ceremonial Grade Uji Matcha (100g),Grocery,34.21,12.0,0.0,32,1094.72,710.72,0,0,0,12
2025-12-23,GROC-MATC-102,Ceremonial Grade Uji Matcha (100g),Grocery,34.64,12.0,0.0,50,1732.0,1132.0,0,1,1,12
2025-12-24,GROC-MATC-102,Ceremonial Grade Uji Matcha (100g),Grocery,25.5,12.0,25.0,65,1657.5,877.5,0,1,2,12
2025-12-25,GROC-MATC-102,Ceremonial Grade Uji Matcha (100g),Grocery,33.82,12.0,0.0,58,1961.56,1265.56,0,1,3,12
2025-12-26,GROC-MATC-102,Ceremonial Grade Uji Matcha (100g),Grocery,33.45,12.0,0.0,74,2475.3,1587.3,0,1,4,12
2025-12-27,GROC-MATC-102,Ceremonial Grade Uji Matcha (100g),Grocery,33.85,12.0,0.0,87,2944.95,1900.95,1,1,5,12
2025-12-28,GROC-MATC-102,Ceremonial Grade Uji Matcha (100g),Grocery,34.3,12.0,0.0,45,1543.5,1003.5,1,0,6,12
2025-12-29,GROC-MATC-102,Ceremonial Grade Uji Matcha (100g),Grocery,34.67,12.0,0.0,31,1074.77,702.77,0,0,0,12
2025-12-30,GROC-MATC-102,Ceremonial Grade Uji Matcha (100g),Grocery,34.57,12.0,0.0,32,1106.24,722.24,0,0,1,12
2025-12-31,GROC-MATC-102,Ceremonial Grade Uji Matcha (100g),Grocery,34.47,12.0,0.0,28,965.16,629.16,0,0,2,12
2026-01-01,GROC-MATC-102,Ceremonial Grade Uji Matcha (100g),Grocery,33.41,12.0,0.0,56,1870.96,1198.96,0,1,3,1
2026-01-02,GROC-MATC-102,Ceremonial Grade Uji Matcha (100g),Grocery,33.74,12.0,0.0,48,1619.52,1043.52,0,1,4,1
2026-01-03,GROC-MATC-102,Ceremonial Grade Uji Matcha (100g),Grocery,34.23,12.0,0.0,63,2156.49,1400.49,1,0,5,1
2026-01-04,GROC-MATC-102,Ceremonial Grade Uji Matcha (100g),Grocery,33.87,12.0,0.0,49,1659.63,1071.63,1,0,6,1
2026-01-05,GROC-MATC-102,Ceremonial Grade Uji Matcha (100g),Grocery,34.58,12.0,0.0,32,1106.56,722.56,0,0,0,1
2026-01-06,GROC-MATC-102,Ceremonial Grade Uji Matcha (100g),Grocery,28.9,12.0,15.0,34,982.6,574.6,0,0,1,1
2026-01-07,GROC-MATC-102,Ceremonial Grade Uji Matcha (100g),Grocery,34.67,12.0,0.0,37,1282.79,838.79,0,0,2,1
2026-01-08,GROC-MATC-102,Ceremonial Grade Uji Matcha (100g),Grocery,34.44,12.0,0.0,36,1239.84,807.84,0,0,3,1
2026-01-09,GROC-MATC-102,Ceremonial Grade Uji Matcha (100g),Grocery,34.33,12.0,0.0,47,1613.51,1049.51,0,0,4,1
2026-01-10,GROC-MATC-102,Ceremonial Grade Uji Matcha (100g),Grocery,33.38,12.0,0.0,36,1201.68,769.68,1,0,5,1
2026-01-11,GROC-MATC-102,Ceremonial Grade Uji Matcha (100g),Grocery,27.2,12.0,20.0,65,1768.0,988.0,1,0,6,1
2026-01-12,GROC-MATC-102,Ceremonial Grade Uji Matcha (100g),Grocery,34.46,12.0,0.0,26,895.96,583.96,0,0,0,1
2026-01-13,GROC-MATC-102,Ceremonial Grade Uji Matcha (100g),Grocery,33.95,12.0,0.0,29,984.55,636.55,0,0,1,1
2026-01-14,GROC-MATC-102,Ceremonial Grade Uji Matcha (100g),Grocery,34.56,12.0,0.0,32,1105.92,721.92,0,0,2,1
2026-01-15,GROC-MATC-102,Ceremonial Grade Uji Matcha (100g),Grocery,34.02,12.0,0.0,36,1224.72,792.72,0,0,3,1
2026-01-16,GROC-MATC-102,Ceremonial Grade Uji Matcha (100g),Grocery,33.68,12.0,0.0,40,1347.2,867.2,0,0,4,1
2026-01-17,GROC-MATC-102,Ceremonial Grade Uji Matcha (100g),Grocery,34.6,12.0,0.0,49,1695.4,1107.4,1,0,5,1
2026-01-18,GROC-MATC-102,Ceremonial Grade Uji Matcha (100g),Grocery,33.33,12.0,0.0,58,1933.14,1237.14,1,0,6,1
2026-01-19,GROC-MATC-102,Ceremonial Grade Uji Matcha (100g),Grocery,34.14,12.0,0.0,37,1263.18,819.18,0,0,0,1
2026-01-20,GROC-MATC-102,Ceremonial Grade Uji Matcha (100g),Grocery,34.27,12.0,0.0,32,1096.64,712.64,0,0,1,1
2026-01-21,GROC-MATC-102,Ceremonial Grade Uji Matcha (100g),Grocery,34.46,12.0,0.0,27,930.42,606.42,0,0,2,1
2026-01-22,GROC-MATC-102,Ceremonial Grade Uji Matcha (100g),Grocery,33.39,12.0,0.0,28,934.92,598.92,0,0,3,1
2026-01-23,GROC-MATC-102,Ceremonial Grade Uji Matcha (100g),Grocery,33.42,12.0,0.0,45,1503.9,963.9,0,0,4,1
2026-01-24,GROC-MATC-102,Ceremonial Grade Uji Matcha (100g),Grocery,27.2,12.0,20.0,57,1550.4,866.4,1,0,5,1
2026-01-25,GROC-MATC-102,Ceremonial Grade Uji Matcha (100g),Grocery,33.66,12.0,0.0,51,1716.66,1104.66,1,0,6,1
2026-01-26,GROC-MATC-102,Ceremonial Grade Uji Matcha (100g),Grocery,34.61,12.0,0.0,36,1245.96,813.96,0,0,0,1
2026-01-27,GROC-MATC-102,Ceremonial Grade Uji Matcha (100g),Grocery,34.31,12.0,0.0,36,1235.16,803.16,0,0,1,1
2026-01-28,GROC-MATC-102,Ceremonial Grade Uji Matcha (100g),Grocery,34.26,12.0,0.0,32,1096.32,712.32,0,0,2,1
2026-01-29,GROC-MATC-102,Ceremonial Grade Uji Matcha (100g),Grocery,33.95,12.0,0.0,45,1527.75,987.75,0,0,3,1
2026-01-30,GROC-MATC-102,Ceremonial Grade Uji Matcha (100g),Grocery,33.87,12.0,0.0,44,1490.28,962.28,0,0,4,1
2026-01-31,GROC-MATC-102,Ceremonial Grade Uji Matcha (100g),Grocery,30.6,12.0,10.0,59,1805.4,1097.4,1,0,5,1
2026-02-01,GROC-MATC-102,Ceremonial Grade Uji Matcha (100g),Grocery,34.25,12.0,0.0,44,1507.0,979.0,1,0,6,2
2026-02-02,GROC-MATC-102,Ceremonial Grade Uji Matcha (100g),Grocery,30.6,12.0,10.0,41,1254.6,762.6,0,0,0,2
2026-02-03,GROC-MATC-102,Ceremonial Grade Uji Matcha (100g),Grocery,34.45,12.0,0.0,36,1240.2,808.2,0,0,1,2
2026-02-04,GROC-MATC-102,Ceremonial Grade Uji Matcha (100g),Grocery,33.83,12.0,0.0,35,1184.05,764.05,0,0,2,2
2026-02-05,GROC-MATC-102,Ceremonial Grade Uji Matcha (100g),Grocery,34.34,12.0,0.0,26,892.84,580.84,0,0,3,2
2026-02-06,GROC-MATC-102,Ceremonial Grade Uji Matcha (100g),Grocery,34.4,12.0,0.0,49,1685.6,1097.6,0,0,4,2
2026-02-07,GROC-MATC-102,Ceremonial Grade Uji Matcha (100g),Grocery,34.04,12.0,0.0,34,1157.36,749.36,1,0,5,2
2026-02-08,GROC-MATC-102,Ceremonial Grade Uji Matcha (100g),Grocery,34.3,12.0,0.0,36,1234.8,802.8,1,0,6,2
2026-02-09,GROC-MATC-102,Ceremonial Grade Uji Matcha (100g),Grocery,28.9,12.0,15.0,41,1184.9,692.9,0,0,0,2
2026-02-10,GROC-MATC-102,Ceremonial Grade Uji Matcha (100g),Grocery,34.05,12.0,0.0,31,1055.55,683.55,0,0,1,2
2026-02-11,GROC-MATC-102,Ceremonial Grade Uji Matcha (100g),Grocery,34.54,12.0,0.0,34,1174.36,766.36,0,0,2,2
2026-02-12,GROC-MATC-102,Ceremonial Grade Uji Matcha (100g),Grocery,33.37,12.0,0.0,36,1201.32,769.32,0,0,3,2
2026-02-13,GROC-MATC-102,Ceremonial Grade Uji Matcha (100g),Grocery,34.35,12.0,0.0,52,1786.2,1162.2,0,1,4,2
2026-02-14,GROC-MATC-102,Ceremonial Grade Uji Matcha (100g),Grocery,33.59,12.0,0.0,87,2922.33,1878.33,1,1,5,2
2026-02-15,GROC-MATC-102,Ceremonial Grade Uji Matcha (100g),Grocery,34.35,12.0,0.0,78,2679.3,1743.3,1,1,6,2
2026-02-16,GROC-MATC-102,Ceremonial Grade Uji Matcha (100g),Grocery,34.65,12.0,0.0,41,1420.65,928.65,0,0,0,2
2026-02-17,GROC-MATC-102,Ceremonial Grade Uji Matcha (100g),Grocery,34.46,12.0,0.0,28,964.88,628.88,0,0,1,2
2026-02-18,GROC-MATC-102,Ceremonial Grade Uji Matcha (100g),Grocery,30.6,12.0,10.0,55,1683.0,1023.0,0,0,2,2
2026-02-19,GROC-MATC-102,Ceremonial Grade Uji Matcha (100g),Grocery,34.02,12.0,0.0,42,1428.84,924.84,0,0,3,2
2026-02-20,GROC-MATC-102,Ceremonial Grade Uji Matcha (100g),Grocery,34.17,12.0,0.0,48,1640.16,1064.16,0,0,4,2
2026-02-21,GROC-MATC-102,Ceremonial Grade Uji Matcha (100g),Grocery,33.51,12.0,0.0,55,1843.05,1183.05,1,0,5,2
2026-02-22,GROC-MATC-102,Ceremonial Grade Uji Matcha (100g),Grocery,34.53,12.0,0.0,41,1415.73,923.73,1,0,6,2
2026-02-23,GROC-MATC-102,Ceremonial Grade Uji Matcha (100g),Grocery,34.2,12.0,0.0,38,1299.6,843.6,0,0,0,2
2026-02-24,GROC-MATC-102,Ceremonial Grade Uji Matcha (100g),Grocery,34.25,12.0,0.0,34,1164.5,756.5,0,0,1,2
2026-02-25,GROC-MATC-102,Ceremonial Grade Uji Matcha (100g),Grocery,33.38,12.0,0.0,34,1134.92,726.92,0,0,2,2
2026-02-26,GROC-MATC-102,Ceremonial Grade Uji Matcha (100g),Grocery,33.46,12.0,0.0,33,1104.18,708.18,0,0,3,2
2026-02-27,GROC-MATC-102,Ceremonial Grade Uji Matcha (100g),Grocery,34.64,12.0,0.0,39,1350.96,882.96,0,0,4,2
2026-02-28,GROC-MATC-102,Ceremonial Grade Uji Matcha (100g),Grocery,34.46,12.0,0.0,47,1619.62,1055.62,1,0,5,2
2026-03-01,GROC-MATC-102,Ceremonial Grade Uji Matcha (100g),Grocery,28.9,12.0,15.0,58,1676.2,980.2,1,0,6,3
2026-03-02,GROC-MATC-102,Ceremonial Grade Uji Matcha (100g),Grocery,33.76,12.0,0.0,33,1114.08,718.08,0,0,0,3
2026-03-03,GROC-MATC-102,Ceremonial Grade Uji Matcha (100g),Grocery,33.54,12.0,0.0,30,1006.2,646.2,0,0,1,3
2026-03-04,GROC-MATC-102,Ceremonial Grade Uji Matcha (100g),Grocery,33.79,12.0,0.0,37,1250.23,806.23,0,0,2,3
2026-03-05,GROC-MATC-102,Ceremonial Grade Uji Matcha (100g),Grocery,34.55,12.0,0.0,45,1554.75,1014.75,0,0,3,3
2026-03-06,GROC-MATC-102,Ceremonial Grade Uji Matcha (100g),Grocery,34.65,12.0,0.0,43,1489.95,973.95,0,0,4,3
2026-03-07,GROC-MATC-102,Ceremonial Grade Uji Matcha (100g),Grocery,34.0,12.0,0.0,57,1938.0,1254.0,1,0,5,3
2026-03-08,GROC-MATC-102,Ceremonial Grade Uji Matcha (100g),Grocery,34.18,12.0,0.0,57,1948.26,1264.26,1,0,6,3
2026-03-09,GROC-MATC-102,Ceremonial Grade Uji Matcha (100g),Grocery,34.26,12.0,0.0,35,1199.1,779.1,0,0,0,3
2026-03-10,GROC-MATC-102,Ceremonial Grade Uji Matcha (100g),Grocery,25.5,12.0,25.0,47,1198.5,634.5,0,0,1,3
2026-03-11,GROC-MATC-102,Ceremonial Grade Uji Matcha (100g),Grocery,27.2,12.0,20.0,47,1278.4,714.4,0,0,2,3
2026-03-12,GROC-MATC-102,Ceremonial Grade Uji Matcha (100g),Grocery,28.9,12.0,15.0,41,1184.9,692.9,0,0,3,3
2026-03-13,GROC-MATC-102,Ceremonial Grade Uji Matcha (100g),Grocery,33.92,12.0,0.0,53,1797.76,1161.76,0,0,4,3
2026-03-14,GROC-MATC-102,Ceremonial Grade Uji Matcha (100g),Grocery,33.36,12.0,0.0,62,2068.32,1324.32,1,0,5,3
2026-03-15,GROC-MATC-102,Ceremonial Grade Uji Matcha (100g),Grocery,33.4,12.0,0.0,58,1937.2,1241.2,1,0,6,3
2026-03-16,GROC-MATC-102,Ceremonial Grade Uji Matcha (100g),Grocery,33.49,12.0,0.0,35,1172.15,752.15,0,0,0,3
2026-03-17,GROC-MATC-102,Ceremonial Grade Uji Matcha (100g),Grocery,34.19,12.0,0.0,32,1094.08,710.08,0,0,1,3
2026-03-18,GROC-MATC-102,Ceremonial Grade Uji Matcha (100g),Grocery,28.9,12.0,15.0,43,1242.7,726.7,0,0,2,3
2026-03-19,GROC-MATC-102,Ceremonial Grade Uji Matcha (100g),Grocery,33.41,12.0,0.0,37,1236.17,792.17,0,0,3,3
2026-03-20,GROC-MATC-102,Ceremonial Grade Uji Matcha (100g),Grocery,34.32,12.0,0.0,41,1407.12,915.12,0,0,4,3
2026-03-21,GROC-MATC-102,Ceremonial Grade Uji Matcha (100g),Grocery,34.43,12.0,0.0,49,1687.07,1099.07,1,0,5,3
2026-03-22,GROC-MATC-102,Ceremonial Grade Uji Matcha (100g),Grocery,33.91,12.0,0.0,51,1729.41,1117.41,1,0,6,3
2026-03-23,GROC-MATC-102,Ceremonial Grade Uji Matcha (100g),Grocery,33.79,12.0,0.0,35,1182.65,762.65,0,0,0,3
2026-03-24,GROC-MATC-102,Ceremonial Grade Uji Matcha (100g),Grocery,34.05,12.0,0.0,32,1089.6,705.6,0,0,1,3
2026-03-25,GROC-MATC-102,Ceremonial Grade Uji Matcha (100g),Grocery,34.12,12.0,0.0,31,1057.72,685.72,0,0,2,3
2026-03-26,GROC-MATC-102,Ceremonial Grade Uji Matcha (100g),Grocery,33.63,12.0,0.0,37,1244.31,800.31,0,0,3,3
2026-03-27,GROC-MATC-102,Ceremonial Grade Uji Matcha (100g),Grocery,34.56,12.0,0.0,39,1347.84,879.84,0,0,4,3
2026-03-28,GROC-MATC-102,Ceremonial Grade Uji Matcha (100g),Grocery,33.72,12.0,0.0,55,1854.6,1194.6,1,0,5,3
2026-03-29,GROC-MATC-102,Ceremonial Grade Uji Matcha (100g),Grocery,30.6,12.0,10.0,45,1377.0,837.0,1,0,6,3
2026-03-30,GROC-MATC-102,Ceremonial Grade Uji Matcha (100g),Grocery,33.69,12.0,0.0,44,1482.36,954.36,0,0,0,3
2026-03-31,GROC-MATC-102,Ceremonial Grade Uji Matcha (100g),Grocery,33.53,12.0,0.0,29,972.37,624.37,0,0,1,3
2026-04-01,GROC-MATC-102,Ceremonial Grade Uji Matcha (100g),Grocery,33.66,12.0,0.0,41,1380.06,888.06,0,0,2,4
2026-04-02,GROC-MATC-102,Ceremonial Grade Uji Matcha (100g),Grocery,33.61,12.0,0.0,48,1613.28,1037.28,0,0,3,4
2026-04-03,GROC-MATC-102,Ceremonial Grade Uji Matcha (100g),Grocery,34.41,12.0,0.0,50,1720.5,1120.5,0,0,4,4
2026-04-04,GROC-MATC-102,Ceremonial Grade Uji Matcha (100g),Grocery,33.33,12.0,0.0,63,2099.79,1343.79,1,0,5,4
2026-04-05,GROC-MATC-102,Ceremonial Grade Uji Matcha (100g),Grocery,34.61,12.0,0.0,54,1868.94,1220.94,1,0,6,4
2026-04-06,GROC-MATC-102,Ceremonial Grade Uji Matcha (100g),Grocery,33.75,12.0,0.0,46,1552.5,1000.5,0,0,0,4
2026-04-07,GROC-MATC-102,Ceremonial Grade Uji Matcha (100g),Grocery,33.36,12.0,0.0,29,967.44,619.44,0,0,1,4
2026-04-08,GROC-MATC-102,Ceremonial Grade Uji Matcha (100g),Grocery,33.87,12.0,0.0,41,1388.67,896.67,0,0,2,4
2026-04-09,GROC-MATC-102,Ceremonial Grade Uji Matcha (100g),Grocery,34.2,12.0,0.0,37,1265.4,821.4,0,0,3,4
2026-04-10,GROC-MATC-102,Ceremonial Grade Uji Matcha (100g),Grocery,30.6,12.0,10.0,56,1713.6,1041.6,0,0,4,4
2026-04-11,GROC-MATC-102,Ceremonial Grade Uji Matcha (100g),Grocery,34.51,12.0,0.0,55,1898.05,1238.05,1,0,5,4
2026-04-12,GROC-MATC-102,Ceremonial Grade Uji Matcha (100g),Grocery,33.68,12.0,0.0,44,1481.92,953.92,1,0,6,4
2026-04-13,GROC-MATC-102,Ceremonial Grade Uji Matcha (100g),Grocery,33.45,12.0,0.0,32,1070.4,686.4,0,0,0,4
2026-04-14,GROC-MATC-102,Ceremonial Grade Uji Matcha (100g),Grocery,34.54,12.0,0.0,62,2141.48,1397.48,0,1,1,4
2026-04-15,GROC-MATC-102,Ceremonial Grade Uji Matcha (100g),Grocery,34.04,12.0,0.0,39,1327.56,859.56,0,1,2,4
2026-04-16,GROC-MATC-102,Ceremonial Grade Uji Matcha (100g),Grocery,34.37,12.0,0.0,59,2027.83,1319.83,0,1,3,4
2026-04-17,GROC-MATC-102,Ceremonial Grade Uji Matcha (100g),Grocery,34.46,12.0,0.0,44,1516.24,988.24,0,0,4,4
2026-04-18,GROC-MATC-102,Ceremonial Grade Uji Matcha (100g),Grocery,33.94,12.0,0.0,58,1968.52,1272.52,1,0,5,4
2026-04-19,GROC-MATC-102,Ceremonial Grade Uji Matcha (100g),Grocery,33.67,12.0,0.0,49,1649.83,1061.83,1,0,6,4
2026-04-20,GROC-MATC-102,Ceremonial Grade Uji Matcha (100g),Grocery,33.55,12.0,0.0,34,1140.7,732.7,0,0,0,4
2026-04-21,GROC-MATC-102,Ceremonial Grade Uji Matcha (100g),Grocery,34.58,12.0,0.0,37,1279.46,835.46,0,0,1,4
2026-04-22,GROC-MATC-102,Ceremonial Grade Uji Matcha (100g),Grocery,33.85,12.0,0.0,34,1150.9,742.9,0,0,2,4
2026-04-23,GROC-MATC-102,Ceremonial Grade Uji Matcha (100g),Grocery,34.41,12.0,0.0,51,1754.91,1142.91,0,0,3,4
2026-04-24,GROC-MATC-102,Ceremonial Grade Uji Matcha (100g),Grocery,33.81,12.0,0.0,57,1927.17,1243.17,0,0,4,4
2026-04-25,GROC-MATC-102,Ceremonial Grade Uji Matcha (100g),Grocery,33.38,12.0,0.0,53,1769.14,1133.14,1,0,5,4
2026-04-26,GROC-MATC-102,Ceremonial Grade Uji Matcha (100g),Grocery,34.1,12.0,0.0,37,1261.7,817.7,1,0,6,4
2026-04-27,GROC-MATC-102,Ceremonial Grade Uji Matcha (100g),Grocery,33.78,12.0,0.0,43,1452.54,936.54,0,0,0,4
2026-04-28,GROC-MATC-102,Ceremonial Grade Uji Matcha (100g),Grocery,34.0,12.0,0.0,46,1564.0,1012.0,0,0,1,4
2026-04-29,GROC-MATC-102,Ceremonial Grade Uji Matcha (100g),Grocery,34.53,12.0,0.0,35,1208.55,788.55,0,0,2,4
2026-04-30,GROC-MATC-102,Ceremonial Grade Uji Matcha (100g),Grocery,34.17,12.0,0.0,61,2084.37,1352.37,0,0,3,4
2026-05-01,GROC-MATC-102,Ceremonial Grade Uji Matcha (100g),Grocery,33.36,12.0,0.0,52,1734.72,1110.72,0,0,4,5
2026-05-02,GROC-MATC-102,Ceremonial Grade Uji Matcha (100g),Grocery,34.41,12.0,0.0,64,2202.24,1434.24,1,0,5,5
2026-05-03,GROC-MATC-102,Ceremonial Grade Uji Matcha (100g),Grocery,34.19,12.0,0.0,44,1504.36,976.36,1,0,6,5
2026-05-04,GROC-MATC-102,Ceremonial Grade Uji Matcha (100g),Grocery,33.53,12.0,0.0,43,1441.79,925.79,0,0,0,5
2026-05-05,GROC-MATC-102,Ceremonial Grade Uji Matcha (100g),Grocery,34.21,12.0,0.0,46,1573.66,1021.66,0,0,1,5
2026-05-06,GROC-MATC-102,Ceremonial Grade Uji Matcha (100g),Grocery,34.08,12.0,0.0,52,1772.16,1148.16,0,0,2,5
2026-05-07,GROC-MATC-102,Ceremonial Grade Uji Matcha (100g),Grocery,33.6,12.0,0.0,42,1411.2,907.2,0,0,3,5
2026-05-08,GROC-MATC-102,Ceremonial Grade Uji Matcha (100g),Grocery,33.53,12.0,0.0,56,1877.68,1205.68,0,0,4,5
2026-05-09,GROC-MATC-102,Ceremonial Grade Uji Matcha (100g),Grocery,33.77,12.0,0.0,58,1958.66,1262.66,1,0,5,5
2026-05-10,GROC-MATC-102,Ceremonial Grade Uji Matcha (100g),Grocery,34.29,12.0,0.0,49,1680.21,1092.21,1,0,6,5
2026-05-11,GROC-MATC-102,Ceremonial Grade Uji Matcha (100g),Grocery,33.74,12.0,0.0,40,1349.6,869.6,0,0,0,5
2026-05-12,GROC-MATC-102,Ceremonial Grade Uji Matcha (100g),Grocery,33.61,12.0,0.0,43,1445.23,929.23,0,0,1,5
2026-05-13,GROC-MATC-102,Ceremonial Grade Uji Matcha (100g),Grocery,34.6,12.0,0.0,39,1349.4,881.4,0,0,2,5
2026-05-14,GROC-MATC-102,Ceremonial Grade Uji Matcha (100g),Grocery,33.62,12.0,0.0,49,1647.38,1059.38,0,0,3,5
2026-05-15,GROC-MATC-102,Ceremonial Grade Uji Matcha (100g),Grocery,33.39,12.0,0.0,56,1869.84,1197.84,0,0,4,5
2026-05-16,GROC-MATC-102,Ceremonial Grade Uji Matcha (100g),Grocery,34.36,12.0,0.0,41,1408.76,916.76,1,0,5,5
2026-05-17,GROC-MATC-102,Ceremonial Grade Uji Matcha (100g),Grocery,34.66,12.0,0.0,55,1906.3,1246.3,1,0,6,5
2026-05-18,GROC-MATC-102,Ceremonial Grade Uji Matcha (100g),Grocery,33.45,12.0,0.0,30,1003.5,643.5,0,0,0,5
2026-05-19,GROC-MATC-102,Ceremonial Grade Uji Matcha (100g),Grocery,25.5,12.0,25.0,55,1402.5,742.5,0,0,1,5
2026-05-20,GROC-MATC-102,Ceremonial Grade Uji Matcha (100g),Grocery,33.93,12.0,0.0,43,1458.99,942.99,0,0,2,5
2026-05-21,GROC-MATC-102,Ceremonial Grade Uji Matcha (100g),Grocery,33.48,12.0,0.0,43,1439.64,923.64,0,0,3,5
2026-05-22,GROC-MATC-102,Ceremonial Grade Uji Matcha (100g),Grocery,33.5,12.0,0.0,47,1574.5,1010.5,0,0,4,5
2026-05-23,GROC-MATC-102,Ceremonial Grade Uji Matcha (100g),Grocery,34.29,12.0,0.0,47,1611.63,1047.63,1,0,5,5
2026-05-24,GROC-MATC-102,Ceremonial Grade Uji Matcha (100g),Grocery,34.48,12.0,0.0,56,1930.88,1258.88,1,0,6,5
2026-05-25,GROC-MATC-102,Ceremonial Grade Uji Matcha (100g),Grocery,33.92,12.0,0.0,55,1865.6,1205.6,0,0,0,5
2026-05-26,GROC-MATC-102,Ceremonial Grade Uji Matcha (100g),Grocery,34.16,12.0,0.0,39,1332.24,864.24,0,0,1,5
2026-05-27,GROC-MATC-102,Ceremonial Grade Uji Matcha (100g),Grocery,33.51,12.0,0.0,59,1977.09,1269.09,0,1,2,5
2026-05-28,GROC-MATC-102,Ceremonial Grade Uji Matcha (100g),Grocery,34.64,12.0,0.0,70,2424.8,1584.8,0,1,3,5
2026-05-29,GROC-MATC-102,Ceremonial Grade Uji Matcha (100g),Grocery,34.3,12.0,0.0,67,2298.1,1494.1,0,1,4,5
2026-05-30,GROC-MATC-102,Ceremonial Grade Uji Matcha (100g),Grocery,34.23,12.0,0.0,52,1779.96,1155.96,1,0,5,5
2026-05-31,GROC-MATC-102,Ceremonial Grade Uji Matcha (100g),Grocery,33.46,12.0,0.0,38,1271.48,815.48,1,0,6,5
2026-06-01,GROC-MATC-102,Ceremonial Grade Uji Matcha (100g),Grocery,33.64,12.0,0.0,51,1715.64,1103.64,0,0,0,6
2026-06-02,GROC-MATC-102,Ceremonial Grade Uji Matcha (100g),Grocery,33.58,12.0,0.0,45,1511.1,971.1,0,0,1,6
2026-06-03,GROC-MATC-102,Ceremonial Grade Uji Matcha (100g),Grocery,25.5,12.0,25.0,57,1453.5,769.5,0,0,2,6
2026-06-04,GROC-MATC-102,Ceremonial Grade Uji Matcha (100g),Grocery,33.66,12.0,0.0,56,1884.96,1212.96,0,0,3,6
2026-06-05,GROC-MATC-102,Ceremonial Grade Uji Matcha (100g),Grocery,34.05,12.0,0.0,47,1600.35,1036.35,0,0,4,6
2026-06-06,GROC-MATC-102,Ceremonial Grade Uji Matcha (100g),Grocery,34.1,12.0,0.0,50,1705.0,1105.0,1,0,5,6
2026-06-07,GROC-MATC-102,Ceremonial Grade Uji Matcha (100g),Grocery,33.96,12.0,0.0,58,1969.68,1273.68,1,0,6,6
2026-06-08,GROC-MATC-102,Ceremonial Grade Uji Matcha (100g),Grocery,33.66,12.0,0.0,41,1380.06,888.06,0,0,0,6
2026-06-09,GROC-MATC-102,Ceremonial Grade Uji Matcha (100g),Grocery,33.46,12.0,0.0,37,1238.02,794.02,0,0,1,6
2026-06-10,GROC-MATC-102,Ceremonial Grade Uji Matcha (100g),Grocery,34.61,12.0,0.0,37,1280.57,836.57,0,0,2,6
2026-06-11,GROC-MATC-102,Ceremonial Grade Uji Matcha (100g),Grocery,33.97,12.0,0.0,56,1902.32,1230.32,0,0,3,6
2026-06-12,GROC-MATC-102,Ceremonial Grade Uji Matcha (100g),Grocery,33.62,12.0,0.0,45,1512.9,972.9,0,0,4,6
2026-06-13,GROC-MATC-102,Ceremonial Grade Uji Matcha (100g),Grocery,34.41,12.0,0.0,53,1823.73,1187.73,1,0,5,6
2026-06-14,GROC-MATC-102,Ceremonial Grade Uji Matcha (100g),Grocery,34.14,12.0,0.0,53,1809.42,1173.42,1,0,6,6
2026-06-15,GROC-MATC-102,Ceremonial Grade Uji Matcha (100g),Grocery,34.57,12.0,0.0,42,1451.94,947.94,0,0,0,6
2026-06-16,GROC-MATC-102,Ceremonial Grade Uji Matcha (100g),Grocery,34.19,12.0,0.0,39,1333.41,865.41,0,0,1,6
2026-06-17,GROC-MATC-102,Ceremonial Grade Uji Matcha (100g),Grocery,33.81,12.0,0.0,51,1724.31,1112.31,0,0,2,6
2026-06-18,GROC-MATC-102,Ceremonial Grade Uji Matcha (100g),Grocery,33.74,12.0,0.0,43,1450.82,934.82,0,0,3,6
2026-06-19,GROC-MATC-102,Ceremonial Grade Uji Matcha (100g),Grocery,34.54,12.0,0.0,50,1727.0,1127.0,0,0,4,6
2026-06-20,GROC-MATC-102,Ceremonial Grade Uji Matcha (100g),Grocery,33.91,12.0,0.0,64,2170.24,1402.24,1,0,5,6
2026-06-21,GROC-MATC-102,Ceremonial Grade Uji Matcha (100g),Grocery,33.85,12.0,0.0,52,1760.2,1136.2,1,0,6,6
2026-06-22,GROC-MATC-102,Ceremonial Grade Uji Matcha (100g),Grocery,33.37,12.0,0.0,46,1535.02,983.02,0,0,0,6
2026-06-23,GROC-MATC-102,Ceremonial Grade Uji Matcha (100g),Grocery,34.44,12.0,0.0,37,1274.28,830.28,0,0,1,6
2026-06-24,GROC-MATC-102,Ceremonial Grade Uji Matcha (100g),Grocery,34.38,12.0,0.0,41,1409.58,917.58,0,0,2,6
2026-06-25,GROC-MATC-102,Ceremonial Grade Uji Matcha (100g),Grocery,34.12,12.0,0.0,39,1330.68,862.68,0,0,3,6
2026-06-26,GROC-MATC-102,Ceremonial Grade Uji Matcha (100g),Grocery,33.33,12.0,0.0,50,1666.5,1066.5,0,0,4,6
2026-06-27,GROC-MATC-102,Ceremonial Grade Uji Matcha (100g),Grocery,34.21,12.0,0.0,49,1676.29,1088.29,1,0,5,6
2026-06-28,GROC-MATC-102,Ceremonial Grade Uji Matcha (100g),Grocery,33.77,12.0,0.0,50,1688.5,1088.5,1,0,6,6
2026-06-29,GROC-MATC-102,Ceremonial Grade Uji Matcha (100g),Grocery,33.48,12.0,0.0,46,1540.08,988.08,0,0,0,6
2026-06-30,GROC-MATC-102,Ceremonial Grade Uji Matcha (100g),Grocery,27.2,12.0,20.0,65,1768.0,988.0,0,0,1,6
2026-07-01,GROC-MATC-102,Ceremonial Grade Uji Matcha (100g),Grocery,33.79,12.0,0.0,49,1655.71,1067.71,0,0,2,7
2026-07-02,GROC-MATC-102,Ceremonial Grade Uji Matcha (100g),Grocery,34.66,12.0,0.0,57,1975.62,1291.62,0,0,3,7
2026-07-03,GROC-MATC-102,Ceremonial Grade Uji Matcha (100g),Grocery,34.64,12.0,0.0,66,2286.24,1494.24,0,0,4,7
2026-07-04,GROC-MATC-102,Ceremonial Grade Uji Matcha (100g),Grocery,34.66,12.0,0.0,51,1767.66,1155.66,1,0,5,7
2026-07-05,GROC-MATC-102,Ceremonial Grade Uji Matcha (100g),Grocery,34.11,12.0,0.0,49,1671.39,1083.39,1,0,6,7
2026-07-06,GROC-MATC-102,Ceremonial Grade Uji Matcha (100g),Grocery,34.05,12.0,0.0,39,1327.95,859.95,0,0,0,7
2026-07-07,GROC-MATC-102,Ceremonial Grade Uji Matcha (100g),Grocery,34.14,12.0,0.0,46,1570.44,1018.44,0,0,1,7
2026-07-08,GROC-MATC-102,Ceremonial Grade Uji Matcha (100g),Grocery,34.15,12.0,0.0,42,1434.3,930.3,0,0,2,7
2026-07-09,GROC-MATC-102,Ceremonial Grade Uji Matcha (100g),Grocery,33.94,12.0,0.0,43,1459.42,943.42,0,0,3,7
2026-07-10,GROC-MATC-102,Ceremonial Grade Uji Matcha (100g),Grocery,34.0,12.0,0.0,55,1870.0,1210.0,0,0,4,7
2026-07-11,GROC-MATC-102,Ceremonial Grade Uji Matcha (100g),Grocery,34.25,12.0,0.0,92,3151.0,2047.0,1,1,5,7
2026-07-12,GROC-MATC-102,Ceremonial Grade Uji Matcha (100g),Grocery,34.5,12.0,0.0,79,2725.5,1777.5,1,1,6,7
2026-07-13,GROC-MATC-102,Ceremonial Grade Uji Matcha (100g),Grocery,33.95,12.0,0.0,77,2614.15,1690.15,0,1,0,7
2026-07-14,GROC-MATC-102,Ceremonial Grade Uji Matcha (100g),Grocery,33.56,12.0,0.0,35,1174.6,754.6,0,0,1,7
2026-07-15,GROC-MATC-102,Ceremonial Grade Uji Matcha (100g),Grocery,33.72,12.0,0.0,41,1382.52,890.52,0,0,2,7
2026-07-16,GROC-MATC-102,Ceremonial Grade Uji Matcha (100g),Grocery,34.13,12.0,0.0,39,1331.07,863.07,0,0,3,7
2026-07-17,GROC-MATC-102,Ceremonial Grade Uji Matcha (100g),Grocery,33.86,12.0,0.0,40,1354.4,874.4,0,0,4,7
2026-07-18,GROC-MATC-102,Ceremonial Grade Uji Matcha (100g),Grocery,28.9,12.0,15.0,81,2340.9,1368.9,1,0,5,7
2026-07-19,GROC-MATC-102,Ceremonial Grade Uji Matcha (100g),Grocery,33.47,12.0,0.0,42,1405.74,901.74,1,0,6,7
2026-07-20,GROC-MATC-102,Ceremonial Grade Uji Matcha (100g),Grocery,33.43,12.0,0.0,38,1270.34,814.34,0,0,0,7
2026-07-21,GROC-MATC-102,Ceremonial Grade Uji Matcha (100g),Grocery,34.12,12.0,0.0,41,1398.92,906.92,0,0,1,7
2026-07-22,GROC-MATC-102,Ceremonial Grade Uji Matcha (100g),Grocery,33.74,12.0,0.0,39,1315.86,847.86,0,0,2,7
2026-07-23,GROC-MATC-102,Ceremonial Grade Uji Matcha (100g),Grocery,33.9,12.0,0.0,41,1389.9,897.9,0,0,3,7
2026-07-24,GROC-MATC-102,Ceremonial Grade Uji Matcha (100g),Grocery,33.72,12.0,0.0,49,1652.28,1064.28,0,0,4,7
2026-07-25,GROC-MATC-102,Ceremonial Grade Uji Matcha (100g),Grocery,33.33,12.0,0.0,59,1966.47,1258.47,1,0,5,7
2026-07-26,GROC-MATC-102,Ceremonial Grade Uji Matcha (100g),Grocery,33.4,12.0,0.0,67,2237.8,1433.8,1,0,6,7
2026-07-27,GROC-MATC-102,Ceremonial Grade Uji Matcha (100g),Grocery,33.9,12.0,0.0,48,1627.2,1051.2,0,0,0,7
2026-07-28,GROC-MATC-102,Ceremonial Grade Uji Matcha (100g),Grocery,34.48,12.0,0.0,34,1172.32,764.32,0,0,1,7
2026-07-29,GROC-MATC-102,Ceremonial Grade Uji Matcha (100g),Grocery,34.25,12.0,0.0,51,1746.75,1134.75,0,0,2,7
2026-07-30,GROC-MATC-102,Ceremonial Grade Uji Matcha (100g),Grocery,33.94,12.0,0.0,46,1561.24,1009.24,0,0,3,7
2026-07-31,GROC-MATC-102,Ceremonial Grade Uji Matcha (100g),Grocery,34.26,12.0,0.0,44,1507.44,979.44,0,0,4,7
2026-08-01,GROC-MATC-102,Ceremonial Grade Uji Matcha (100g),Grocery,27.2,12.0,20.0,77,2094.4,1170.4,1,0,5,8
2026-08-02,GROC-MATC-102,Ceremonial Grade Uji Matcha (100g),Grocery,33.93,12.0,0.0,58,1967.94,1271.94,1,0,6,8
2026-08-03,GROC-MATC-102,Ceremonial Grade Uji Matcha (100g),Grocery,33.53,12.0,0.0,40,1341.2,861.2,0,0,0,8
2026-08-04,GROC-MATC-102,Ceremonial Grade Uji Matcha (100g),Grocery,34.18,12.0,0.0,43,1469.74,953.74,0,0,1,8
2026-08-05,GROC-MATC-102,Ceremonial Grade Uji Matcha (100g),Grocery,30.6,12.0,10.0,48,1468.8,892.8,0,0,2,8
2026-08-06,GROC-MATC-102,Ceremonial Grade Uji Matcha (100g),Grocery,33.62,12.0,0.0,31,1042.22,670.22,0,0,3,8
2026-08-07,GROC-MATC-102,Ceremonial Grade Uji Matcha (100g),Grocery,34.01,12.0,0.0,44,1496.44,968.44,0,0,4,8
2026-08-08,GROC-MATC-102,Ceremonial Grade Uji Matcha (100g),Grocery,33.8,12.0,0.0,64,2163.2,1395.2,1,0,5,8
2026-08-09,GROC-MATC-102,Ceremonial Grade Uji Matcha (100g),Grocery,33.36,12.0,0.0,57,1901.52,1217.52,1,0,6,8
2026-08-10,GROC-MATC-102,Ceremonial Grade Uji Matcha (100g),Grocery,33.66,12.0,0.0,43,1447.38,931.38,0,0,0,8
2026-08-11,GROC-MATC-102,Ceremonial Grade Uji Matcha (100g),Grocery,34.49,12.0,0.0,33,1138.17,742.17,0,0,1,8
2026-08-12,GROC-MATC-102,Ceremonial Grade Uji Matcha (100g),Grocery,34.18,12.0,0.0,49,1674.82,1086.82,0,0,2,8
2026-08-13,GROC-MATC-102,Ceremonial Grade Uji Matcha (100g),Grocery,33.85,12.0,0.0,36,1218.6,786.6,0,0,3,8
2026-08-14,GROC-MATC-102,Ceremonial Grade Uji Matcha (100g),Grocery,33.64,12.0,0.0,59,1984.76,1276.76,0,0,4,8
2026-08-15,GROC-MATC-102,Ceremonial Grade Uji Matcha (100g),Grocery,34.41,12.0,0.0,70,2408.7,1568.7,1,0,5,8
2026-08-16,GROC-MATC-102,Ceremonial Grade Uji Matcha (100g),Grocery,33.39,12.0,0.0,48,1602.72,1026.72,1,0,6,8
2026-08-17,GROC-MATC-102,Ceremonial Grade Uji Matcha (100g),Grocery,34.17,12.0,0.0,45,1537.65,997.65,0,0,0,8
2026-08-18,GROC-MATC-102,Ceremonial Grade Uji Matcha (100g),Grocery,33.96,12.0,0.0,44,1494.24,966.24,0,0,1,8
2026-08-19,GROC-MATC-102,Ceremonial Grade Uji Matcha (100g),Grocery,33.62,12.0,0.0,42,1412.04,908.04,0,0,2,8
2026-08-20,GROC-MATC-102,Ceremonial Grade Uji Matcha (100g),Grocery,34.61,12.0,0.0,39,1349.79,881.79,0,0,3,8
2026-08-21,GROC-MATC-102,Ceremonial Grade Uji Matcha (100g),Grocery,34.11,12.0,0.0,35,1193.85,773.85,0,0,4,8
2026-08-22,GROC-MATC-102,Ceremonial Grade Uji Matcha (100g),Grocery,33.6,12.0,0.0,47,1579.2,1015.2,1,0,5,8
2026-08-23,GROC-MATC-102,Ceremonial Grade Uji Matcha (100g),Grocery,34.11,12.0,0.0,53,1807.83,1171.83,1,0,6,8
2026-08-24,GROC-MATC-102,Ceremonial Grade Uji Matcha (100g),Grocery,33.48,12.0,0.0,42,1406.16,902.16,0,0,0,8
2026-08-25,GROC-MATC-102,Ceremonial Grade Uji Matcha (100g),Grocery,34.55,12.0,0.0,47,1623.85,1059.85,0,0,1,8
2026-08-26,GROC-MATC-102,Ceremonial Grade Uji Matcha (100g),Grocery,34.28,12.0,0.0,31,1062.68,690.68,0,0,2,8
2026-08-27,GROC-MATC-102,Ceremonial Grade Uji Matcha (100g),Grocery,34.46,12.0,0.0,40,1378.4,898.4,0,0,3,8
2026-08-28,GROC-MATC-102,Ceremonial Grade Uji Matcha (100g),Grocery,34.47,12.0,0.0,52,1792.44,1168.44,0,0,4,8
2026-08-29,GROC-MATC-102,Ceremonial Grade Uji Matcha (100g),Grocery,33.61,12.0,0.0,56,1882.16,1210.16,1,0,5,8
2026-08-30,GROC-MATC-102,Ceremonial Grade Uji Matcha (100g),Grocery,34.29,12.0,0.0,40,1371.6,891.6,1,0,6,8
2026-08-31,GROC-MATC-102,Ceremonial Grade Uji Matcha (100g),Grocery,34.0,12.0,0.0,50,1700.0,1100.0,0,0,0,8
2026-09-01,GROC-MATC-102,Ceremonial Grade Uji Matcha (100g),Grocery,34.44,12.0,0.0,32,1102.08,718.08,0,0,1,9
2026-09-02,GROC-MATC-102,Ceremonial Grade Uji Matcha (100g),Grocery,34.55,12.0,0.0,31,1071.05,699.05,0,0,2,9
2026-09-03,GROC-MATC-102,Ceremonial Grade Uji Matcha (100g),Grocery,34.0,12.0,0.0,47,1598.0,1034.0,0,1,3,9
2026-09-04,GROC-MATC-102,Ceremonial Grade Uji Matcha (100g),Grocery,34.02,12.0,0.0,52,1769.04,1145.04,0,1,4,9
2026-09-05,GROC-MATC-102,Ceremonial Grade Uji Matcha (100g),Grocery,34.41,12.0,0.0,89,3062.49,1994.49,1,1,5,9
2026-09-06,GROC-MATC-102,Ceremonial Grade Uji Matcha (100g),Grocery,33.78,12.0,0.0,42,1418.76,914.76,1,0,6,9
2026-09-07,GROC-MATC-102,Ceremonial Grade Uji Matcha (100g),Grocery,33.76,12.0,0.0,33,1114.08,718.08,0,0,0,9
2026-09-08,GROC-MATC-102,Ceremonial Grade Uji Matcha (100g),Grocery,33.69,12.0,0.0,27,909.63,585.63,0,0,1,9
2026-09-09,GROC-MATC-102,Ceremonial Grade Uji Matcha (100g),Grocery,33.92,12.0,0.0,31,1051.52,679.52,0,0,2,9
2026-09-10,GROC-MATC-102,Ceremonial Grade Uji Matcha (100g),Grocery,28.9,12.0,15.0,52,1502.8,878.8,0,0,3,9
2026-09-11,GROC-MATC-102,Ceremonial Grade Uji Matcha (100g),Grocery,33.4,12.0,0.0,60,2004.0,1284.0,0,0,4,9
2026-09-12,GROC-MATC-102,Ceremonial Grade Uji Matcha (100g),Grocery,34.12,12.0,0.0,62,2115.44,1371.44,1,0,5,9
2026-09-13,GROC-MATC-102,Ceremonial Grade Uji Matcha (100g),Grocery,34.44,12.0,0.0,59,2031.96,1323.96,1,0,6,9
2026-09-14,GROC-MATC-102,Ceremonial Grade Uji Matcha (100g),Grocery,34.53,12.0,0.0,28,966.84,630.84,0,0,0,9
2026-09-15,GROC-MATC-102,Ceremonial Grade Uji Matcha (100g),Grocery,34.42,12.0,0.0,45,1548.9,1008.9,0,0,1,9
2026-09-16,GROC-MATC-102,Ceremonial Grade Uji Matcha (100g),Grocery,33.46,12.0,0.0,39,1304.94,836.94,0,0,2,9
2026-09-17,GROC-MATC-102,Ceremonial Grade Uji Matcha (100g),Grocery,33.7,12.0,0.0,35,1179.5,759.5,0,0,3,9
2026-09-18,GROC-MATC-102,Ceremonial Grade Uji Matcha (100g),Grocery,33.83,12.0,0.0,51,1725.33,1113.33,0,0,4,9
2026-09-19,GROC-MATC-102,Ceremonial Grade Uji Matcha (100g),Grocery,34.37,12.0,0.0,42,1443.54,939.54,1,0,5,9
2026-09-20,GROC-MATC-102,Ceremonial Grade Uji Matcha (100g),Grocery,34.28,12.0,0.0,39,1336.92,868.92,1,0,6,9
2026-09-21,GROC-MATC-102,Ceremonial Grade Uji Matcha (100g),Grocery,34.41,12.0,0.0,38,1307.58,851.58,0,0,0,9
2026-09-22,GROC-MATC-102,Ceremonial Grade Uji Matcha (100g),Grocery,34.46,12.0,0.0,39,1343.94,875.94,0,0,1,9
2026-09-23,GROC-MATC-102,Ceremonial Grade Uji Matcha (100g),Grocery,28.9,12.0,15.0,30,867.0,507.0,0,0,2,9
2026-09-24,GROC-MATC-102,Ceremonial Grade Uji Matcha (100g),Grocery,34.64,12.0,0.0,40,1385.6,905.6,0,0,3,9
2026-09-25,GROC-MATC-102,Ceremonial Grade Uji Matcha (100g),Grocery,30.6,12.0,10.0,51,1560.6,948.6,0,0,4,9
2026-09-26,GROC-MATC-102,Ceremonial Grade Uji Matcha (100g),Grocery,34.49,12.0,0.0,54,1862.46,1214.46,1,0,5,9
2026-09-27,GROC-MATC-102,Ceremonial Grade Uji Matcha (100g),Grocery,33.89,12.0,0.0,61,2067.29,1335.29,1,0,6,9
2026-09-28,GROC-MATC-102,Ceremonial Grade Uji Matcha (100g),Grocery,33.42,12.0,0.0,33,1102.86,706.86,0,0,0,9
2026-09-29,GROC-MATC-102,Ceremonial Grade Uji Matcha (100g),Grocery,34.05,12.0,0.0,41,1396.05,904.05,0,0,1,9
2026-09-30,GROC-MATC-102,Ceremonial Grade Uji Matcha (100g),Grocery,34.35,12.0,0.0,40,1374.0,894.0,0,0,2,9
2026-10-01,GROC-MATC-102,Ceremonial Grade Uji Matcha (100g),Grocery,34.61,12.0,0.0,36,1245.96,813.96,0,0,3,10
2026-10-02,GROC-MATC-102,Ceremonial Grade Uji Matcha (100g),Grocery,34.25,12.0,0.0,51,1746.75,1134.75,0,0,4,10
2026-10-03,GROC-MATC-102,Ceremonial Grade Uji Matcha (100g),Grocery,34.47,12.0,0.0,34,1171.98,763.98,1,0,5,10
2026-10-04,GROC-MATC-102,Ceremonial Grade Uji Matcha (100g),Grocery,33.54,12.0,0.0,51,1710.54,1098.54,1,0,6,10
2025-10-05,CARE-TOOTH-103,SonicPulse Magnetic Electric Toothbrush,Personal Care,69.67,24.0,0.0,39,2717.13,1781.13,1,0,6,10
2025-10-06,CARE-TOOTH-103,SonicPulse Magnetic Electric Toothbrush,Personal Care,69.67,24.0,0.0,29,2020.43,1324.43,0,0,0,10
2025-10-07,CARE-TOOTH-103,SonicPulse Magnetic Electric Toothbrush,Personal Care,69.23,24.0,0.0,33,2284.59,1492.59,0,0,1,10
2025-10-08,CARE-TOOTH-103,SonicPulse Magnetic Electric Toothbrush,Personal Care,68.48,24.0,0.0,25,1712.0,1112.0,0,0,2,10
2025-10-09,CARE-TOOTH-103,SonicPulse Magnetic Electric Toothbrush,Personal Care,69.61,24.0,0.0,39,2714.79,1778.79,0,0,3,10
2025-10-10,CARE-TOOTH-103,SonicPulse Magnetic Electric Toothbrush,Personal Care,69.71,24.0,0.0,42,2927.82,1919.82,0,0,4,10
2025-10-11,CARE-TOOTH-103,SonicPulse Magnetic Electric Toothbrush,Personal Care,69.12,24.0,0.0,40,2764.8,1804.8,1,0,5,10
2025-10-12,CARE-TOOTH-103,SonicPulse Magnetic Electric Toothbrush,Personal Care,68.56,24.0,0.0,54,3702.24,2406.24,1,0,6,10
2025-10-13,CARE-TOOTH-103,SonicPulse Magnetic Electric Toothbrush,Personal Care,70.29,24.0,0.0,33,2319.57,1527.57,0,0,0,10
2025-10-14,CARE-TOOTH-103,SonicPulse Magnetic Electric Toothbrush,Personal Care,70.11,24.0,0.0,35,2453.85,1613.85,0,0,1,10
2025-10-15,CARE-TOOTH-103,SonicPulse Magnetic Electric Toothbrush,Personal Care,69.04,24.0,0.0,26,1795.04,1171.04,0,0,2,10
2025-10-16,CARE-TOOTH-103,SonicPulse Magnetic Electric Toothbrush,Personal Care,70.57,24.0,0.0,30,2117.1,1397.1,0,0,3,10
2025-10-17,CARE-TOOTH-103,SonicPulse Magnetic Electric Toothbrush,Personal Care,70.5,24.0,0.0,38,2679.0,1767.0,0,0,4,10
2025-10-18,CARE-TOOTH-103,SonicPulse Magnetic Electric Toothbrush,Personal Care,70.5,24.0,0.0,42,2961.0,1953.0,1,0,5,10
2025-10-19,CARE-TOOTH-103,SonicPulse Magnetic Electric Toothbrush,Personal Care,68.35,24.0,0.0,34,2323.9,1507.9,1,0,6,10
2025-10-20,CARE-TOOTH-103,SonicPulse Magnetic Electric Toothbrush,Personal Care,69.49,24.0,0.0,37,2571.13,1683.13,0,0,0,10
2025-10-21,CARE-TOOTH-103,SonicPulse Magnetic Electric Toothbrush,Personal Care,70.79,24.0,0.0,32,2265.28,1497.28,0,0,1,10
2025-10-22,CARE-TOOTH-103,SonicPulse Magnetic Electric Toothbrush,Personal Care,55.6,24.0,20.0,46,2557.6,1453.6,0,0,2,10
2025-10-23,CARE-TOOTH-103,SonicPulse Magnetic Electric Toothbrush,Personal Care,68.52,24.0,0.0,40,2740.8,1780.8,0,0,3,10
2025-10-24,CARE-TOOTH-103,SonicPulse Magnetic Electric Toothbrush,Personal Care,52.12,24.0,25.0,53,2762.36,1490.36,0,0,4,10
2025-10-25,CARE-TOOTH-103,SonicPulse Magnetic Electric Toothbrush,Personal Care,70.63,24.0,0.0,45,3178.35,2098.35,1,0,5,10
2025-10-26,CARE-TOOTH-103,SonicPulse Magnetic Electric Toothbrush,Personal Care,68.44,24.0,0.0,39,2669.16,1733.16,1,0,6,10
2025-10-27,CARE-TOOTH-103,SonicPulse Magnetic Electric Toothbrush,Personal Care,69.5,24.0,0.0,38,2641.0,1729.0,0,0,0,10
2025-10-28,CARE-TOOTH-103,SonicPulse Magnetic Electric Toothbrush,Personal Care,70.04,24.0,0.0,28,1961.12,1289.12,0,0,1,10
2025-10-29,CARE-TOOTH-103,SonicPulse Magnetic Electric Toothbrush,Personal Care,70.7,24.0,0.0,33,2333.1,1541.1,0,0,2,10
2025-10-30,CARE-TOOTH-103,SonicPulse Magnetic Electric Toothbrush,Personal Care,69.78,24.0,0.0,30,2093.4,1373.4,0,1,3,10
2025-10-31,CARE-TOOTH-103,SonicPulse Magnetic Electric Toothbrush,Personal Care,70.81,24.0,0.0,41,2903.21,1919.21,0,1,4,10
2025-11-01,CARE-TOOTH-103,SonicPulse Magnetic Electric Toothbrush,Personal Care,68.37,24.0,0.0,39,2666.43,1730.43,1,0,5,11
2025-11-02,CARE-TOOTH-103,SonicPulse Magnetic Electric Toothbrush,Personal Care,68.25,24.0,0.0,30,2047.5,1327.5,1,0,6,11
2025-11-03,CARE-TOOTH-103,SonicPulse Magnetic Electric Toothbrush,Personal Care,70.44,24.0,0.0,18,1267.92,835.92,0,0,0,11
2025-11-04,CARE-TOOTH-103,SonicPulse Magnetic Electric Toothbrush,Personal Care,68.14,24.0,0.0,32,2180.48,1412.48,0,0,1,11
2025-11-05,CARE-TOOTH-103,SonicPulse Magnetic Electric Toothbrush,Personal Care,69.9,24.0,0.0,27,1887.3,1239.3,0,0,2,11
2025-11-06,CARE-TOOTH-103,SonicPulse Magnetic Electric Toothbrush,Personal Care,70.11,24.0,0.0,37,2594.07,1706.07,0,0,3,11
2025-11-07,CARE-TOOTH-103,SonicPulse Magnetic Electric Toothbrush,Personal Care,69.46,24.0,0.0,32,2222.72,1454.72,0,0,4,11
2025-11-08,CARE-TOOTH-103,SonicPulse Magnetic Electric Toothbrush,Personal Care,70.15,24.0,0.0,41,2876.15,1892.15,1,0,5,11
2025-11-09,CARE-TOOTH-103,SonicPulse Magnetic Electric Toothbrush,Personal Care,68.97,24.0,0.0,47,3241.59,2113.59,1,0,6,11
2025-11-10,CARE-TOOTH-103,SonicPulse Magnetic Electric Toothbrush,Personal Care,69.84,24.0,0.0,27,1885.68,1237.68,0,0,0,11
2025-11-11,CARE-TOOTH-103,SonicPulse Magnetic Electric Toothbrush,Personal Care,69.22,24.0,0.0,30,2076.6,1356.6,0,0,1,11
2025-11-12,CARE-TOOTH-103,SonicPulse Magnetic Electric Toothbrush,Personal Care,70.47,24.0,0.0,23,1620.81,1068.81,0,0,2,11
2025-11-13,CARE-TOOTH-103,SonicPulse Magnetic Electric Toothbrush,Personal Care,52.12,24.0,25.0,37,1928.44,1040.44,0,0,3,11
2025-11-14,CARE-TOOTH-103,SonicPulse Magnetic Electric Toothbrush,Personal Care,68.22,24.0,0.0,34,2319.48,1503.48,0,0,4,11
2025-11-15,CARE-TOOTH-103,SonicPulse Magnetic Electric Toothbrush,Personal Care,69.44,24.0,0.0,42,2916.48,1908.48,1,0,5,11
2025-11-16,CARE-TOOTH-103,SonicPulse Magnetic Electric Toothbrush,Personal Care,69.56,24.0,0.0,38,2643.28,1731.28,1,0,6,11
2025-11-17,CARE-TOOTH-103,SonicPulse Magnetic Electric Toothbrush,Personal Care,70.42,24.0,0.0,29,2042.18,1346.18,0,0,0,11
2025-11-18,CARE-TOOTH-103,SonicPulse Magnetic Electric Toothbrush,Personal Care,70.74,24.0,0.0,31,2192.94,1448.94,0,0,1,11
2025-11-19,CARE-TOOTH-103,SonicPulse Magnetic Electric Toothbrush,Personal Care,68.89,24.0,0.0,32,2204.48,1436.48,0,0,2,11
2025-11-20,CARE-TOOTH-103,SonicPulse Magnetic Electric Toothbrush,Personal Care,69.02,24.0,0.0,30,2070.6,1350.6,0,0,3,11
2025-11-21,CARE-TOOTH-103,SonicPulse Magnetic Electric Toothbrush,Personal Care,70.21,24.0,0.0,36,2527.56,1663.56,0,0,4,11
2025-11-22,CARE-TOOTH-103,SonicPulse Magnetic Electric Toothbrush,Personal Care,70.61,24.0,0.0,41,2895.01,1911.01,1,0,5,11
2025-11-23,CARE-TOOTH-103,SonicPulse Magnetic Electric Toothbrush,Personal Care,69.32,24.0,0.0,38,2634.16,1722.16,1,0,6,11
2025-11-24,CARE-TOOTH-103,SonicPulse Magnetic Electric Toothbrush,Personal Care,59.08,24.0,15.0,40,2363.2,1403.2,0,0,0,11
2025-11-25,CARE-TOOTH-103,SonicPulse Magnetic Electric Toothbrush,Personal Care,69.24,24.0,0.0,34,2354.16,1538.16,0,0,1,11
2025-11-26,CARE-TOOTH-103,SonicPulse Magnetic Electric Toothbrush,Personal Care,70.45,24.0,0.0,73,5142.85,3390.85,0,1,2,11
2025-11-27,CARE-TOOTH-103,SonicPulse Magnetic Electric Toothbrush,Personal Care,68.69,24.0,0.0,92,6319.48,4111.48,0,1,3,11
2025-11-28,CARE-TOOTH-103,SonicPulse Magnetic Electric Toothbrush,Personal Care,70.85,24.0,0.0,96,6801.6,4497.6,0,1,4,11
2025-11-29,CARE-TOOTH-103,SonicPulse Magnetic Electric Toothbrush,Personal Care,52.12,24.0,25.0,138,7192.56,3880.56,1,1,5,11
2025-11-30,CARE-TOOTH-103,SonicPulse Magnetic Electric Toothbrush,Personal Care,69.36,24.0,0.0,83,5756.88,3764.88,1,1,6,11
2025-12-01,CARE-TOOTH-103,SonicPulse Magnetic Electric Toothbrush,Personal Care,69.37,24.0,0.0,24,1664.88,1088.88,0,0,0,12
2025-12-02,CARE-TOOTH-103,SonicPulse Magnetic Electric Toothbrush,Personal Care,69.77,24.0,0.0,25,1744.25,1144.25,0,0,1,12
2025-12-03,CARE-TOOTH-103,SonicPulse Magnetic Electric Toothbrush,Personal Care,69.23,24.0,0.0,29,2007.67,1311.67,0,0,2,12
2025-12-04,CARE-TOOTH-103,SonicPulse Magnetic Electric Toothbrush,Personal Care,69.67,24.0,0.0,27,1881.09,1233.09,0,0,3,12
2025-12-05,CARE-TOOTH-103,SonicPulse Magnetic Electric Toothbrush,Personal Care,69.52,24.0,0.0,29,2016.08,1320.08,0,0,4,12
2025-12-06,CARE-TOOTH-103,SonicPulse Magnetic Electric Toothbrush,Personal Care,55.6,24.0,20.0,66,3669.6,2085.6,1,0,5,12
2025-12-07,CARE-TOOTH-103,SonicPulse Magnetic Electric Toothbrush,Personal Care,69.74,24.0,0.0,35,2440.9,1600.9,1,0,6,12
2025-12-08,CARE-TOOTH-103,SonicPulse Magnetic Electric Toothbrush,Personal Care,69.42,24.0,0.0,33,2290.86,1498.86,0,0,0,12
2025-12-09,CARE-TOOTH-103,SonicPulse Magnetic Electric Toothbrush,Personal Care,68.76,24.0,0.0,38,2612.88,1700.88,0,0,1,12
2025-12-10,CARE-TOOTH-103,SonicPulse Magnetic Electric Toothbrush,Personal Care,69.88,24.0,0.0,22,1537.36,1009.36,0,0,2,12
2025-12-11,CARE-TOOTH-103,SonicPulse Magnetic Electric Toothbrush,Personal Care,68.4,24.0,0.0,34,2325.6,1509.6,0,0,3,12
2025-12-12,CARE-TOOTH-103,SonicPulse Magnetic Electric Toothbrush,Personal Care,70.45,24.0,0.0,35,2465.75,1625.75,0,0,4,12
2025-12-13,CARE-TOOTH-103,SonicPulse Magnetic Electric Toothbrush,Personal Care,70.72,24.0,0.0,49,3465.28,2289.28,1,0,5,12
2025-12-14,CARE-TOOTH-103,SonicPulse Magnetic Electric Toothbrush,Personal Care,68.58,24.0,0.0,43,2948.94,1916.94,1,0,6,12
2025-12-15,CARE-TOOTH-103,SonicPulse Magnetic Electric Toothbrush,Personal Care,68.48,24.0,0.0,29,1985.92,1289.92,0,0,0,12
2025-12-16,CARE-TOOTH-103,SonicPulse Magnetic Electric Toothbrush,Personal Care,68.72,24.0,0.0,35,2405.2,1565.2,0,0,1,12
2025-12-17,CARE-TOOTH-103,SonicPulse Magnetic Electric Toothbrush,Personal Care,70.28,24.0,0.0,57,4005.96,2637.96,0,1,2,12
2025-12-18,CARE-TOOTH-103,SonicPulse Magnetic Electric Toothbrush,Personal Care,70.11,24.0,0.0,55,3856.05,2536.05,0,1,3,12
2025-12-19,CARE-TOOTH-103,SonicPulse Magnetic Electric Toothbrush,Personal Care,69.79,24.0,0.0,69,4815.51,3159.51,0,1,4,12
2025-12-20,CARE-TOOTH-103,SonicPulse Magnetic Electric Toothbrush,Personal Care,68.12,24.0,0.0,37,2520.44,1632.44,1,0,5,12
2025-12-21,CARE-TOOTH-103,SonicPulse Magnetic Electric Toothbrush,Personal Care,68.61,24.0,0.0,48,3293.28,2141.28,1,0,6,12
2025-12-22,CARE-TOOTH-103,SonicPulse Magnetic Electric Toothbrush,Personal Care,69.44,24.0,0.0,34,2360.96,1544.96,0,0,0,12
2025-12-23,CARE-TOOTH-103,SonicPulse Magnetic Electric Toothbrush,Personal Care,52.12,24.0,25.0,62,3231.44,1743.44,0,1,1,12
2025-12-24,CARE-TOOTH-103,SonicPulse Magnetic Electric Toothbrush,Personal Care,69.13,24.0,0.0,36,2488.68,1624.68,0,1,2,12
2025-12-25,CARE-TOOTH-103,SonicPulse Magnetic Electric Toothbrush,Personal Care,69.44,24.0,0.0,42,2916.48,1908.48,0,1,3,12
2025-12-26,CARE-TOOTH-103,SonicPulse Magnetic Electric Toothbrush,Personal Care,68.69,24.0,0.0,67,4602.23,2994.23,0,1,4,12
2025-12-27,CARE-TOOTH-103,SonicPulse Magnetic Electric Toothbrush,Personal Care,70.52,24.0,0.0,58,4090.16,2698.16,1,1,5,12
2025-12-28,CARE-TOOTH-103,SonicPulse Magnetic Electric Toothbrush,Personal Care,68.95,24.0,0.0,55,3792.25,2472.25,1,0,6,12
2025-12-29,CARE-TOOTH-103,SonicPulse Magnetic Electric Toothbrush,Personal Care,69.75,24.0,0.0,32,2232.0,1464.0,0,0,0,12
2025-12-30,CARE-TOOTH-103,SonicPulse Magnetic Electric Toothbrush,Personal Care,69.24,24.0,0.0,25,1731.0,1131.0,0,0,1,12
2025-12-31,CARE-TOOTH-103,SonicPulse Magnetic Electric Toothbrush,Personal Care,70.22,24.0,0.0,30,2106.6,1386.6,0,0,2,12
2026-01-01,CARE-TOOTH-103,SonicPulse Magnetic Electric Toothbrush,Personal Care,59.08,24.0,15.0,58,3426.64,2034.64,0,1,3,1
2026-01-02,CARE-TOOTH-103,SonicPulse Magnetic Electric Toothbrush,Personal Care,62.55,24.0,10.0,68,4253.4,2621.4,0,1,4,1
2026-01-03,CARE-TOOTH-103,SonicPulse Magnetic Electric Toothbrush,Personal Care,68.72,24.0,0.0,42,2886.24,1878.24,1,0,5,1
2026-01-04,CARE-TOOTH-103,SonicPulse Magnetic Electric Toothbrush,Personal Care,68.83,24.0,0.0,41,2822.03,1838.03,1,0,6,1
2026-01-05,CARE-TOOTH-103,SonicPulse Magnetic Electric Toothbrush,Personal Care,70.81,24.0,0.0,37,2619.97,1731.97,0,0,0,1
2026-01-06,CARE-TOOTH-103,SonicPulse Magnetic Electric Toothbrush,Personal Care,69.54,24.0,0.0,28,1947.12,1275.12,0,0,1,1
2026-01-07,CARE-TOOTH-103,SonicPulse Magnetic Electric Toothbrush,Personal Care,70.02,24.0,0.0,26,1820.52,1196.52,0,0,2,1
2026-01-08,CARE-TOOTH-103,SonicPulse Magnetic Electric Toothbrush,Personal Care,55.6,24.0,20.0,41,2279.6,1295.6,0,0,3,1
2026-01-09,CARE-TOOTH-103,SonicPulse Magnetic Electric Toothbrush,Personal Care,68.6,24.0,0.0,28,1920.8,1248.8,0,0,4,1
2026-01-10,CARE-TOOTH-103,SonicPulse Magnetic Electric Toothbrush,Personal Care,70.6,24.0,0.0,49,3459.4,2283.4,1,0,5,1
2026-01-11,CARE-TOOTH-103,SonicPulse Magnetic Electric Toothbrush,Personal Care,69.94,24.0,0.0,39,2727.66,1791.66,1,0,6,1
2026-01-12,CARE-TOOTH-103,SonicPulse Magnetic Electric Toothbrush,Personal Care,69.77,24.0,0.0,39,2721.03,1785.03,0,0,0,1
2026-01-13,CARE-TOOTH-103,SonicPulse Magnetic Electric Toothbrush,Personal Care,70.72,24.0,0.0,24,1697.28,1121.28,0,0,1,1
2026-01-14,CARE-TOOTH-103,SonicPulse Magnetic Electric Toothbrush,Personal Care,69.86,24.0,0.0,34,2375.24,1559.24,0,0,2,1
2026-01-15,CARE-TOOTH-103,SonicPulse Magnetic Electric Toothbrush,Personal Care,70.56,24.0,0.0,29,2046.24,1350.24,0,0,3,1
2026-01-16,CARE-TOOTH-103,SonicPulse Magnetic Electric Toothbrush,Personal Care,69.98,24.0,0.0,32,2239.36,1471.36,0,0,4,1
2026-01-17,CARE-TOOTH-103,SonicPulse Magnetic Electric Toothbrush,Personal Care,70.37,24.0,0.0,31,2181.47,1437.47,1,0,5,1
2026-01-18,CARE-TOOTH-103,SonicPulse Magnetic Electric Toothbrush,Personal Care,69.51,24.0,0.0,45,3127.95,2047.95,1,0,6,1
2026-01-19,CARE-TOOTH-103,SonicPulse Magnetic Electric Toothbrush,Personal Care,69.63,24.0,0.0,32,2228.16,1460.16,0,0,0,1
2026-01-20,CARE-TOOTH-103,SonicPulse Magnetic Electric Toothbrush,Personal Care,55.6,24.0,20.0,50,2780.0,1580.0,0,0,1,1
2026-01-21,CARE-TOOTH-103,SonicPulse Magnetic Electric Toothbrush,Personal Care,69.92,24.0,0.0,28,1957.76,1285.76,0,0,2,1
2026-01-22,CARE-TOOTH-103,SonicPulse Magnetic Electric Toothbrush,Personal Care,70.08,24.0,0.0,33,2312.64,1520.64,0,0,3,1
2026-01-23,CARE-TOOTH-103,SonicPulse Magnetic Electric Toothbrush,Personal Care,70.11,24.0,0.0,38,2664.18,1752.18,0,0,4,1
2026-01-24,CARE-TOOTH-103,SonicPulse Magnetic Electric Toothbrush,Personal Care,59.08,24.0,15.0,66,3899.28,2315.28,1,0,5,1
2026-01-25,CARE-TOOTH-103,SonicPulse Magnetic Electric Toothbrush,Personal Care,68.77,24.0,0.0,35,2406.95,1566.95,1,0,6,1
2026-01-26,CARE-TOOTH-103,SonicPulse Magnetic Electric Toothbrush,Personal Care,70.58,24.0,0.0,27,1905.66,1257.66,0,0,0,1
2026-01-27,CARE-TOOTH-103,SonicPulse Magnetic Electric Toothbrush,Personal Care,68.24,24.0,0.0,25,1706.0,1106.0,0,0,1,1
2026-01-28,CARE-TOOTH-103,SonicPulse Magnetic Electric Toothbrush,Personal Care,69.73,24.0,0.0,32,2231.36,1463.36,0,0,2,1
2026-01-29,CARE-TOOTH-103,SonicPulse Magnetic Electric Toothbrush,Personal Care,52.12,24.0,25.0,43,2241.16,1209.16,0,0,3,1
2026-01-30,CARE-TOOTH-103,SonicPulse Magnetic Electric Toothbrush,Personal Care,68.32,24.0,0.0,40,2732.8,1772.8,0,0,4,1
2026-01-31,CARE-TOOTH-103,SonicPulse Magnetic Electric Toothbrush,Personal Care,70.2,24.0,0.0,47,3299.4,2171.4,1,0,5,1
2026-02-01,CARE-TOOTH-103,SonicPulse Magnetic Electric Toothbrush,Personal Care,70.15,24.0,0.0,33,2314.95,1522.95,1,0,6,2
2026-02-02,CARE-TOOTH-103,SonicPulse Magnetic Electric Toothbrush,Personal Care,68.91,24.0,0.0,36,2480.76,1616.76,0,0,0,2
2026-02-03,CARE-TOOTH-103,SonicPulse Magnetic Electric Toothbrush,Personal Care,69.56,24.0,0.0,41,2851.96,1867.96,0,0,1,2
2026-02-04,CARE-TOOTH-103,SonicPulse Magnetic Electric Toothbrush,Personal Care,69.04,24.0,0.0,38,2623.52,1711.52,0,0,2,2
2026-02-05,CARE-TOOTH-103,SonicPulse Magnetic Electric Toothbrush,Personal Care,70.74,24.0,0.0,32,2263.68,1495.68,0,0,3,2
2026-02-06,CARE-TOOTH-103,SonicPulse Magnetic Electric Toothbrush,Personal Care,69.05,24.0,0.0,43,2969.15,1937.15,0,0,4,2
2026-02-07,CARE-TOOTH-103,SonicPulse Magnetic Electric Toothbrush,Personal Care,69.85,24.0,0.0,47,3282.95,2154.95,1,0,5,2
2026-02-08,CARE-TOOTH-103,SonicPulse Magnetic Electric Toothbrush,Personal Care,62.55,24.0,10.0,57,3565.35,2197.35,1,0,6,2
2026-02-09,CARE-TOOTH-103,SonicPulse Magnetic Electric Toothbrush,Personal Care,62.55,24.0,10.0,33,2064.15,1272.15,0,0,0,2
2026-02-10,CARE-TOOTH-103,SonicPulse Magnetic Electric Toothbrush,Personal Care,70.61,24.0,0.0,26,1835.86,1211.86,0,0,1,2
2026-02-11,CARE-TOOTH-103,SonicPulse Magnetic Electric Toothbrush,Personal Care,70.67,24.0,0.0,36,2544.12,1680.12,0,0,2,2
2026-02-12,CARE-TOOTH-103,SonicPulse Magnetic Electric Toothbrush,Personal Care,70.25,24.0,0.0,42,2950.5,1942.5,0,0,3,2
2026-02-13,CARE-TOOTH-103,SonicPulse Magnetic Electric Toothbrush,Personal Care,70.4,24.0,0.0,53,3731.2,2459.2,0,1,4,2
2026-02-14,CARE-TOOTH-103,SonicPulse Magnetic Electric Toothbrush,Personal Care,69.48,24.0,0.0,63,4377.24,2865.24,1,1,5,2
2026-02-15,CARE-TOOTH-103,SonicPulse Magnetic Electric Toothbrush,Personal Care,70.23,24.0,0.0,49,3441.27,2265.27,1,1,6,2
2026-02-16,CARE-TOOTH-103,SonicPulse Magnetic Electric Toothbrush,Personal Care,52.12,24.0,25.0,43,2241.16,1209.16,0,0,0,2
2026-02-17,CARE-TOOTH-103,SonicPulse Magnetic Electric Toothbrush,Personal Care,59.08,24.0,15.0,36,2126.88,1262.88,0,0,1,2
2026-02-18,CARE-TOOTH-103,SonicPulse Magnetic Electric Toothbrush,Personal Care,68.31,24.0,0.0,26,1776.06,1152.06,0,0,2,2
2026-02-19,CARE-TOOTH-103,SonicPulse Magnetic Electric Toothbrush,Personal Care,70.74,24.0,0.0,22,1556.28,1028.28,0,0,3,2
2026-02-20,CARE-TOOTH-103,SonicPulse Magnetic Electric Toothbrush,Personal Care,52.12,24.0,25.0,48,2501.76,1349.76,0,0,4,2
2026-02-21,CARE-TOOTH-103,SonicPulse Magnetic Electric Toothbrush,Personal Care,69.22,24.0,0.0,51,3530.22,2306.22,1,0,5,2
2026-02-22,CARE-TOOTH-103,SonicPulse Magnetic Electric Toothbrush,Personal Care,68.66,24.0,0.0,37,2540.42,1652.42,1,0,6,2
2026-02-23,CARE-TOOTH-103,SonicPulse Magnetic Electric Toothbrush,Personal Care,70.01,24.0,0.0,27,1890.27,1242.27,0,0,0,2
2026-02-24,CARE-TOOTH-103,SonicPulse Magnetic Electric Toothbrush,Personal Care,69.57,24.0,0.0,25,1739.25,1139.25,0,0,1,2
2026-02-25,CARE-TOOTH-103,SonicPulse Magnetic Electric Toothbrush,Personal Care,70.38,24.0,0.0,29,2041.02,1345.02,0,0,2,2
2026-02-26,CARE-TOOTH-103,SonicPulse Magnetic Electric Toothbrush,Personal Care,68.83,24.0,0.0,37,2546.71,1658.71,0,0,3,2
2026-02-27,CARE-TOOTH-103,SonicPulse Magnetic Electric Toothbrush,Personal Care,70.46,24.0,0.0,33,2325.18,1533.18,0,0,4,2
2026-02-28,CARE-TOOTH-103,SonicPulse Magnetic Electric Toothbrush,Personal Care,68.86,24.0,0.0,37,2547.82,1659.82,1,0,5,2
2026-03-01,CARE-TOOTH-103,SonicPulse Magnetic Electric Toothbrush,Personal Care,68.68,24.0,0.0,49,3365.32,2189.32,1,0,6,3
2026-03-02,CARE-TOOTH-103,SonicPulse Magnetic Electric Toothbrush,Personal Care,70.08,24.0,0.0,37,2592.96,1704.96,0,0,0,3
2026-03-03,CARE-TOOTH-103,SonicPulse Magnetic Electric Toothbrush,Personal Care,70.2,24.0,0.0,45,3159.0,2079.0,0,0,1,3
2026-03-04,CARE-TOOTH-103,SonicPulse Magnetic Electric Toothbrush,Personal Care,59.08,24.0,15.0,42,2481.36,1473.36,0,0,2,3
2026-03-05,CARE-TOOTH-103,SonicPulse Magnetic Electric Toothbrush,Personal Care,69.66,24.0,0.0,35,2438.1,1598.1,0,0,3,3
2026-03-06,CARE-TOOTH-103,SonicPulse Magnetic Electric Toothbrush,Personal Care,69.64,24.0,0.0,49,3412.36,2236.36,0,0,4,3
2026-03-07,CARE-TOOTH-103,SonicPulse Magnetic Electric Toothbrush,Personal Care,52.12,24.0,25.0,65,3387.8,1827.8,1,0,5,3
2026-03-08,CARE-TOOTH-103,SonicPulse Magnetic Electric Toothbrush,Personal Care,68.88,24.0,0.0,41,2824.08,1840.08,1,0,6,3
2026-03-09,CARE-TOOTH-103,SonicPulse Magnetic Electric Toothbrush,Personal Care,69.72,24.0,0.0,35,2440.2,1600.2,0,0,0,3
2026-03-10,CARE-TOOTH-103,SonicPulse Magnetic Electric Toothbrush,Personal Care,68.99,24.0,0.0,34,2345.66,1529.66,0,0,1,3
2026-03-11,CARE-TOOTH-103,SonicPulse Magnetic Electric Toothbrush,Personal Care,68.81,24.0,0.0,19,1307.39,851.39,0,0,2,3
2026-03-12,CARE-TOOTH-103,SonicPulse Magnetic Electric Toothbrush,Personal Care,68.79,24.0,0.0,38,2614.02,1702.02,0,0,3,3
2026-03-13,CARE-TOOTH-103,SonicPulse Magnetic Electric Toothbrush,Personal Care,69.32,24.0,0.0,52,3604.64,2356.64,0,0,4,3
2026-03-14,CARE-TOOTH-103,SonicPulse Magnetic Electric Toothbrush,Personal Care,68.96,24.0,0.0,59,4068.64,2652.64,1,0,5,3
2026-03-15,CARE-TOOTH-103,SonicPulse Magnetic Electric Toothbrush,Personal Care,68.31,24.0,0.0,43,2937.33,1905.33,1,0,6,3
2026-03-16,CARE-TOOTH-103,SonicPulse Magnetic Electric Toothbrush,Personal Care,69.98,24.0,0.0,26,1819.48,1195.48,0,0,0,3
2026-03-17,CARE-TOOTH-103,SonicPulse Magnetic Electric Toothbrush,Personal Care,69.42,24.0,0.0,41,2846.22,1862.22,0,0,1,3
2026-03-18,CARE-TOOTH-103,SonicPulse Magnetic Electric Toothbrush,Personal Care,70.29,24.0,0.0,21,1476.09,972.09,0,0,2,3
2026-03-19,CARE-TOOTH-103,SonicPulse Magnetic Electric Toothbrush,Personal Care,69.88,24.0,0.0,38,2655.44,1743.44,0,0,3,3
2026-03-20,CARE-TOOTH-103,SonicPulse Magnetic Electric Toothbrush,Personal Care,69.27,24.0,0.0,43,2978.61,1946.61,0,0,4,3
2026-03-21,CARE-TOOTH-103,SonicPulse Magnetic Electric Toothbrush,Personal Care,68.49,24.0,0.0,50,3424.5,2224.5,1,0,5,3
2026-03-22,CARE-TOOTH-103,SonicPulse Magnetic Electric Toothbrush,Personal Care,68.56,24.0,0.0,44,3016.64,1960.64,1,0,6,3
2026-03-23,CARE-TOOTH-103,SonicPulse Magnetic Electric Toothbrush,Personal Care,68.15,24.0,0.0,36,2453.4,1589.4,0,0,0,3
2026-03-24,CARE-TOOTH-103,SonicPulse Magnetic Electric Toothbrush,Personal Care,59.08,24.0,15.0,38,2245.04,1333.04,0,0,1,3
2026-03-25,CARE-TOOTH-103,SonicPulse Magnetic Electric Toothbrush,Personal Care,68.89,24.0,0.0,36,2480.04,1616.04,0,0,2,3
2026-03-26,CARE-TOOTH-103,SonicPulse Magnetic Electric Toothbrush,Personal Care,68.76,24.0,0.0,36,2475.36,1611.36,0,0,3,3
2026-03-27,CARE-TOOTH-103,SonicPulse Magnetic Electric Toothbrush,Personal Care,70.42,24.0,0.0,48,3380.16,2228.16,0,0,4,3
2026-03-28,CARE-TOOTH-103,SonicPulse Magnetic Electric Toothbrush,Personal Care,70.32,24.0,0.0,39,2742.48,1806.48,1,0,5,3
2026-03-29,CARE-TOOTH-103,SonicPulse Magnetic Electric Toothbrush,Personal Care,70.75,24.0,0.0,44,3113.0,2057.0,1,0,6,3
2026-03-30,CARE-TOOTH-103,SonicPulse Magnetic Electric Toothbrush,Personal Care,68.6,24.0,0.0,26,1783.6,1159.6,0,0,0,3
2026-03-31,CARE-TOOTH-103,SonicPulse Magnetic Electric Toothbrush,Personal Care,70.29,24.0,0.0,21,1476.09,972.09,0,0,1,3
2026-04-01,CARE-TOOTH-103,SonicPulse Magnetic Electric Toothbrush,Personal Care,69.71,24.0,0.0,37,2579.27,1691.27,0,0,2,4
2026-04-02,CARE-TOOTH-103,SonicPulse Magnetic Electric Toothbrush,Personal Care,69.2,24.0,0.0,33,2283.6,1491.6,0,0,3,4
2026-04-03,CARE-TOOTH-103,SonicPulse Magnetic Electric Toothbrush,Personal Care,70.69,24.0,0.0,47,3322.43,2194.43,0,0,4,4
2026-04-04,CARE-TOOTH-103,SonicPulse Magnetic Electric Toothbrush,Personal Care,68.73,24.0,0.0,50,3436.5,2236.5,1,0,5,4
2026-04-05,CARE-TOOTH-103,SonicPulse Magnetic Electric Toothbrush,Personal Care,70.06,24.0,0.0,32,2241.92,1473.92,1,0,6,4
2026-04-06,CARE-TOOTH-103,SonicPulse Magnetic Electric Toothbrush,Personal Care,70.18,24.0,0.0,26,1824.68,1200.68,0,0,0,4
2026-04-07,CARE-TOOTH-103,SonicPulse Magnetic Electric Toothbrush,Personal Care,69.01,24.0,0.0,33,2277.33,1485.33,0,0,1,4
2026-04-08,CARE-TOOTH-103,SonicPulse Magnetic Electric Toothbrush,Personal Care,70.52,24.0,0.0,36,2538.72,1674.72,0,0,2,4
2026-04-09,CARE-TOOTH-103,SonicPulse Magnetic Electric Toothbrush,Personal Care,68.59,24.0,0.0,36,2469.24,1605.24,0,0,3,4
2026-04-10,CARE-TOOTH-103,SonicPulse Magnetic Electric Toothbrush,Personal Care,68.54,24.0,0.0,52,3564.08,2316.08,0,0,4,4
2026-04-11,CARE-TOOTH-103,SonicPulse Magnetic Electric Toothbrush,Personal Care,68.92,24.0,0.0,45,3101.4,2021.4,1,0,5,4
2026-04-12,CARE-TOOTH-103,SonicPulse Magnetic Electric Toothbrush,Personal Care,69.52,24.0,0.0,58,4032.16,2640.16,1,0,6,4
2026-04-13,CARE-TOOTH-103,SonicPulse Magnetic Electric Toothbrush,Personal Care,69.11,24.0,0.0,34,2349.74,1533.74,0,0,0,4
2026-04-14,CARE-TOOTH-103,SonicPulse Magnetic Electric Toothbrush,Personal Care,70.36,24.0,0.0,45,3166.2,2086.2,0,1,1,4
2026-04-15,CARE-TOOTH-103,SonicPulse Magnetic Electric Toothbrush,Personal Care,68.35,24.0,0.0,51,3485.85,2261.85,0,1,2,4
2026-04-16,CARE-TOOTH-103,SonicPulse Magnetic Electric Toothbrush,Personal Care,68.7,24.0,0.0,35,2404.5,1564.5,0,1,3,4
2026-04-17,CARE-TOOTH-103,SonicPulse Magnetic Electric Toothbrush,Personal Care,70.12,24.0,0.0,36,2524.32,1660.32,0,0,4,4
2026-04-18,CARE-TOOTH-103,SonicPulse Magnetic Electric Toothbrush,Personal Care,69.25,24.0,0.0,51,3531.75,2307.75,1,0,5,4
2026-04-19,CARE-TOOTH-103,SonicPulse Magnetic Electric Toothbrush,Personal Care,55.6,24.0,20.0,68,3780.8,2148.8,1,0,6,4
2026-04-20,CARE-TOOTH-103,SonicPulse Magnetic Electric Toothbrush,Personal Care,68.42,24.0,0.0,44,3010.48,1954.48,0,0,0,4
2026-04-21,CARE-TOOTH-103,SonicPulse Magnetic Electric Toothbrush,Personal Care,68.95,24.0,0.0,38,2620.1,1708.1,0,0,1,4
2026-04-22,CARE-TOOTH-103,SonicPulse Magnetic Electric Toothbrush,Personal Care,70.0,24.0,0.0,34,2380.0,1564.0,0,0,2,4
2026-04-23,CARE-TOOTH-103,SonicPulse Magnetic Electric Toothbrush,Personal Care,68.42,24.0,0.0,41,2805.22,1821.22,0,0,3,4
2026-04-24,CARE-TOOTH-103,SonicPulse Magnetic Electric Toothbrush,Personal Care,68.37,24.0,0.0,50,3418.5,2218.5,0,0,4,4
2026-04-25,CARE-TOOTH-103,SonicPulse Magnetic Electric Toothbrush,Personal Care,70.13,24.0,0.0,42,2945.46,1937.46,1,0,5,4
2026-04-26,CARE-TOOTH-103,SonicPulse Magnetic Electric Toothbrush,Personal Care,68.14,24.0,0.0,42,2861.88,1853.88,1,0,6,4
2026-04-27,CARE-TOOTH-103,SonicPulse Magnetic Electric Toothbrush,Personal Care,70.43,24.0,0.0,32,2253.76,1485.76,0,0,0,4
2026-04-28,CARE-TOOTH-103,SonicPulse Magnetic Electric Toothbrush,Personal Care,69.09,24.0,0.0,34,2349.06,1533.06,0,0,1,4
2026-04-29,CARE-TOOTH-103,SonicPulse Magnetic Electric Toothbrush,Personal Care,70.73,24.0,0.0,28,1980.44,1308.44,0,0,2,4
2026-04-30,CARE-TOOTH-103,SonicPulse Magnetic Electric Toothbrush,Personal Care,68.56,24.0,0.0,44,3016.64,1960.64,0,0,3,4
2026-05-01,CARE-TOOTH-103,SonicPulse Magnetic Electric Toothbrush,Personal Care,68.46,24.0,0.0,47,3217.62,2089.62,0,0,4,5
2026-05-02,CARE-TOOTH-103,SonicPulse Magnetic Electric Toothbrush,Personal Care,68.37,24.0,0.0,49,3350.13,2174.13,1,0,5,5
2026-05-03,CARE-TOOTH-103,SonicPulse Magnetic Electric Toothbrush,Personal Care,69.53,24.0,0.0,44,3059.32,2003.32,1,0,6,5
2026-05-04,CARE-TOOTH-103,SonicPulse Magnetic Electric Toothbrush,Personal Care,70.55,24.0,0.0,33,2328.15,1536.15,0,0,0,5
2026-05-05,CARE-TOOTH-103,SonicPulse Magnetic Electric Toothbrush,Personal Care,68.35,24.0,0.0,36,2460.6,1596.6,0,0,1,5
2026-05-06,CARE-TOOTH-103,SonicPulse Magnetic Electric Toothbrush,Personal Care,68.63,24.0,0.0,40,2745.2,1785.2,0,0,2,5
2026-05-07,CARE-TOOTH-103,SonicPulse Magnetic Electric Toothbrush,Personal Care,69.92,24.0,0.0,40,2796.8,1836.8,0,0,3,5
2026-05-08,CARE-TOOTH-103,SonicPulse Magnetic Electric Toothbrush,Personal Care,68.69,24.0,0.0,42,2884.98,1876.98,0,0,4,5
2026-05-09,CARE-TOOTH-103,SonicPulse Magnetic Electric Toothbrush,Personal Care,69.8,24.0,0.0,59,4118.2,2702.2,1,0,5,5
2026-05-10,CARE-TOOTH-103,SonicPulse Magnetic Electric Toothbrush,Personal Care,70.65,24.0,0.0,51,3603.15,2379.15,1,0,6,5
2026-05-11,CARE-TOOTH-103,SonicPulse Magnetic Electric Toothbrush,Personal Care,68.37,24.0,0.0,33,2256.21,1464.21,0,0,0,5
2026-05-12,CARE-TOOTH-103,SonicPulse Magnetic Electric Toothbrush,Personal Care,68.64,24.0,0.0,41,2814.24,1830.24,0,0,1,5
2026-05-13,CARE-TOOTH-103,SonicPulse Magnetic Electric Toothbrush,Personal Care,69.03,24.0,0.0,35,2416.05,1576.05,0,0,2,5
2026-05-14,CARE-TOOTH-103,SonicPulse Magnetic Electric Toothbrush,Personal Care,69.25,24.0,0.0,39,2700.75,1764.75,0,0,3,5
2026-05-15,CARE-TOOTH-103,SonicPulse Magnetic Electric Toothbrush,Personal Care,70.39,24.0,0.0,51,3589.89,2365.89,0,0,4,5
2026-05-16,CARE-TOOTH-103,SonicPulse Magnetic Electric Toothbrush,Personal Care,70.33,24.0,0.0,40,2813.2,1853.2,1,0,5,5
2026-05-17,CARE-TOOTH-103,SonicPulse Magnetic Electric Toothbrush,Personal Care,70.75,24.0,0.0,53,3749.75,2477.75,1,0,6,5
2026-05-18,CARE-TOOTH-103,SonicPulse Magnetic Electric Toothbrush,Personal Care,70.54,24.0,0.0,37,2609.98,1721.98,0,0,0,5
2026-05-19,CARE-TOOTH-103,SonicPulse Magnetic Electric Toothbrush,Personal Care,68.76,24.0,0.0,29,1994.04,1298.04,0,0,1,5
2026-05-20,CARE-TOOTH-103,SonicPulse Magnetic Electric Toothbrush,Personal Care,69.07,24.0,0.0,29,2003.03,1307.03,0,0,2,5
2026-05-21,CARE-TOOTH-103,SonicPulse Magnetic Electric Toothbrush,Personal Care,69.11,24.0,0.0,49,3386.39,2210.39,0,0,3,5
2026-05-22,CARE-TOOTH-103,SonicPulse Magnetic Electric Toothbrush,Personal Care,70.63,24.0,0.0,43,3037.09,2005.09,0,0,4,5
2026-05-23,CARE-TOOTH-103,SonicPulse Magnetic Electric Toothbrush,Personal Care,68.76,24.0,0.0,55,3781.8,2461.8,1,0,5,5
2026-05-24,CARE-TOOTH-103,SonicPulse Magnetic Electric Toothbrush,Personal Care,69.94,24.0,0.0,50,3497.0,2297.0,1,0,6,5
2026-05-25,CARE-TOOTH-103,SonicPulse Magnetic Electric Toothbrush,Personal Care,68.26,24.0,0.0,37,2525.62,1637.62,0,0,0,5
2026-05-26,CARE-TOOTH-103,SonicPulse Magnetic Electric Toothbrush,Personal Care,69.87,24.0,0.0,36,2515.32,1651.32,0,0,1,5
2026-05-27,CARE-TOOTH-103,SonicPulse Magnetic Electric Toothbrush,Personal Care,68.95,24.0,0.0,55,3792.25,2472.25,0,1,2,5
2026-05-28,CARE-TOOTH-103,SonicPulse Magnetic Electric Toothbrush,Personal Care,70.88,24.0,0.0,61,4323.68,2859.68,0,1,3,5
2026-05-29,CARE-TOOTH-103,SonicPulse Magnetic Electric Toothbrush,Personal Care,52.12,24.0,25.0,83,4325.96,2333.96,0,1,4,5
2026-05-30,CARE-TOOTH-103,SonicPulse Magnetic Electric Toothbrush,Personal Care,70.72,24.0,0.0,43,3040.96,2008.96,1,0,5,5
2026-05-31,CARE-TOOTH-103,SonicPulse Magnetic Electric Toothbrush,Personal Care,68.52,24.0,0.0,53,3631.56,2359.56,1,0,6,5
2026-06-01,CARE-TOOTH-103,SonicPulse Magnetic Electric Toothbrush,Personal Care,68.28,24.0,0.0,45,3072.6,1992.6,0,0,0,6
2026-06-02,CARE-TOOTH-103,SonicPulse Magnetic Electric Toothbrush,Personal Care,69.03,24.0,0.0,33,2277.99,1485.99,0,0,1,6
2026-06-03,CARE-TOOTH-103,SonicPulse Magnetic Electric Toothbrush,Personal Care,69.38,24.0,0.0,34,2358.92,1542.92,0,0,2,6
2026-06-04,CARE-TOOTH-103,SonicPulse Magnetic Electric Toothbrush,Personal Care,70.26,24.0,0.0,42,2950.92,1942.92,0,0,3,6
2026-06-05,CARE-TOOTH-103,SonicPulse Magnetic Electric Toothbrush,Personal Care,69.58,24.0,0.0,54,3757.32,2461.32,0,0,4,6
2026-06-06,CARE-TOOTH-103,SonicPulse Magnetic Electric Toothbrush,Personal Care,68.33,24.0,0.0,54,3689.82,2393.82,1,0,5,6
2026-06-07,CARE-TOOTH-103,SonicPulse Magnetic Electric Toothbrush,Personal Care,68.7,24.0,0.0,54,3709.8,2413.8,1,0,6,6
2026-06-08,CARE-TOOTH-103,SonicPulse Magnetic Electric Toothbrush,Personal Care,70.68,24.0,0.0,29,2049.72,1353.72,0,0,0,6
2026-06-09,CARE-TOOTH-103,SonicPulse Magnetic Electric Toothbrush,Personal Care,68.34,24.0,0.0,37,2528.58,1640.58,0,0,1,6
2026-06-10,CARE-TOOTH-103,SonicPulse Magnetic Electric Toothbrush,Personal Care,69.19,24.0,0.0,44,3044.36,1988.36,0,0,2,6
2026-06-11,CARE-TOOTH-103,SonicPulse Magnetic Electric Toothbrush,Personal Care,69.56,24.0,0.0,34,2365.04,1549.04,0,0,3,6
2026-06-12,CARE-TOOTH-103,SonicPulse Magnetic Electric Toothbrush,Personal Care,68.23,24.0,0.0,55,3752.65,2432.65,0,0,4,6
2026-06-13,CARE-TOOTH-103,SonicPulse Magnetic Electric Toothbrush,Personal Care,69.86,24.0,0.0,56,3912.16,2568.16,1,0,5,6
2026-06-14,CARE-TOOTH-103,SonicPulse Magnetic Electric Toothbrush,Personal Care,70.14,24.0,0.0,36,2525.04,1661.04,1,0,6,6
2026-06-15,CARE-TOOTH-103,SonicPulse Magnetic Electric Toothbrush,Personal Care,68.92,24.0,0.0,34,2343.28,1527.28,0,0,0,6
2026-06-16,CARE-TOOTH-103,SonicPulse Magnetic Electric Toothbrush,Personal Care,69.01,24.0,0.0,40,2760.4,1800.4,0,0,1,6
2026-06-17,CARE-TOOTH-103,SonicPulse Magnetic Electric Toothbrush,Personal Care,68.16,24.0,0.0,35,2385.6,1545.6,0,0,2,6
2026-06-18,CARE-TOOTH-103,SonicPulse Magnetic Electric Toothbrush,Personal Care,70.88,24.0,0.0,30,2126.4,1406.4,0,0,3,6
2026-06-19,CARE-TOOTH-103,SonicPulse Magnetic Electric Toothbrush,Personal Care,70.31,24.0,0.0,39,2742.09,1806.09,0,0,4,6
2026-06-20,CARE-TOOTH-103,SonicPulse Magnetic Electric Toothbrush,Personal Care,69.8,24.0,0.0,43,3001.4,1969.4,1,0,5,6
2026-06-21,CARE-TOOTH-103,SonicPulse Magnetic Electric Toothbrush,Personal Care,68.94,24.0,0.0,42,2895.48,1887.48,1,0,6,6
2026-06-22,CARE-TOOTH-103,SonicPulse Magnetic Electric Toothbrush,Personal Care,62.55,24.0,10.0,40,2502.0,1542.0,0,0,0,6
2026-06-23,CARE-TOOTH-103,SonicPulse Magnetic Electric Toothbrush,Personal Care,70.56,24.0,0.0,34,2399.04,1583.04,0,0,1,6
2026-06-24,CARE-TOOTH-103,SonicPulse Magnetic Electric Toothbrush,Personal Care,69.01,24.0,0.0,33,2277.33,1485.33,0,0,2,6
2026-06-25,CARE-TOOTH-103,SonicPulse Magnetic Electric Toothbrush,Personal Care,70.35,24.0,0.0,35,2462.25,1622.25,0,0,3,6
2026-06-26,CARE-TOOTH-103,SonicPulse Magnetic Electric Toothbrush,Personal Care,69.43,24.0,0.0,34,2360.62,1544.62,0,0,4,6
2026-06-27,CARE-TOOTH-103,SonicPulse Magnetic Electric Toothbrush,Personal Care,69.55,24.0,0.0,51,3547.05,2323.05,1,0,5,6
2026-06-28,CARE-TOOTH-103,SonicPulse Magnetic Electric Toothbrush,Personal Care,70.62,24.0,0.0,36,2542.32,1678.32,1,0,6,6
2026-06-29,CARE-TOOTH-103,SonicPulse Magnetic Electric Toothbrush,Personal Care,69.16,24.0,0.0,45,3112.2,2032.2,0,0,0,6
2026-06-30,CARE-TOOTH-103,SonicPulse Magnetic Electric Toothbrush,Personal Care,68.4,24.0,0.0,43,2941.2,1909.2,0,0,1,6
2026-07-01,CARE-TOOTH-103,SonicPulse Magnetic Electric Toothbrush,Personal Care,68.2,24.0,0.0,29,1977.8,1281.8,0,0,2,7
2026-07-02,CARE-TOOTH-103,SonicPulse Magnetic Electric Toothbrush,Personal Care,69.95,24.0,0.0,43,3007.85,1975.85,0,0,3,7
2026-07-03,CARE-TOOTH-103,SonicPulse Magnetic Electric Toothbrush,Personal Care,69.94,24.0,0.0,51,3566.94,2342.94,0,0,4,7
2026-07-04,CARE-TOOTH-103,SonicPulse Magnetic Electric Toothbrush,Personal Care,68.84,24.0,0.0,63,4336.92,2824.92,1,0,5,7
2026-07-05,CARE-TOOTH-103,SonicPulse Magnetic Electric Toothbrush,Personal Care,69.13,24.0,0.0,52,3594.76,2346.76,1,0,6,7
2026-07-06,CARE-TOOTH-103,SonicPulse Magnetic Electric Toothbrush,Personal Care,68.18,24.0,0.0,25,1704.5,1104.5,0,0,0,7
2026-07-07,CARE-TOOTH-103,SonicPulse Magnetic Electric Toothbrush,Personal Care,70.79,24.0,0.0,35,2477.65,1637.65,0,0,1,7
2026-07-08,CARE-TOOTH-103,SonicPulse Magnetic Electric Toothbrush,Personal Care,68.99,24.0,0.0,32,2207.68,1439.68,0,0,2,7
2026-07-09,CARE-TOOTH-103,SonicPulse Magnetic Electric Toothbrush,Personal Care,68.87,24.0,0.0,38,2617.06,1705.06,0,0,3,7
2026-07-10,CARE-TOOTH-103,SonicPulse Magnetic Electric Toothbrush,Personal Care,68.35,24.0,0.0,60,4101.0,2661.0,0,0,4,7
2026-07-11,CARE-TOOTH-103,SonicPulse Magnetic Electric Toothbrush,Personal Care,68.26,24.0,0.0,95,6484.7,4204.7,1,1,5,7
2026-07-12,CARE-TOOTH-103,SonicPulse Magnetic Electric Toothbrush,Personal Care,69.97,24.0,0.0,87,6087.39,3999.39,1,1,6,7
2026-07-13,CARE-TOOTH-103,SonicPulse Magnetic Electric Toothbrush,Personal Care,70.76,24.0,0.0,65,4599.4,3039.4,0,1,0,7
2026-07-14,CARE-TOOTH-103,SonicPulse Magnetic Electric Toothbrush,Personal Care,68.84,24.0,0.0,46,3166.64,2062.64,0,0,1,7
2026-07-15,CARE-TOOTH-103,SonicPulse Magnetic Electric Toothbrush,Personal Care,70.63,24.0,0.0,32,2260.16,1492.16,0,0,2,7
2026-07-16,CARE-TOOTH-103,SonicPulse Magnetic Electric Toothbrush,Personal Care,70.41,24.0,0.0,34,2393.94,1577.94,0,0,3,7
2026-07-17,CARE-TOOTH-103,SonicPulse Magnetic Electric Toothbrush,Personal Care,70.03,24.0,0.0,49,3431.47,2255.47,0,0,4,7
2026-07-18,CARE-TOOTH-103,SonicPulse Magnetic Electric Toothbrush,Personal Care,68.28,24.0,0.0,60,4096.8,2656.8,1,0,5,7
2026-07-19,CARE-TOOTH-103,SonicPulse Magnetic Electric Toothbrush,Personal Care,69.14,24.0,0.0,49,3387.86,2211.86,1,0,6,7
2026-07-20,CARE-TOOTH-103,SonicPulse Magnetic Electric Toothbrush,Personal Care,68.66,24.0,0.0,29,1991.14,1295.14,0,0,0,7
2026-07-21,CARE-TOOTH-103,SonicPulse Magnetic Electric Toothbrush,Personal Care,70.51,24.0,0.0,28,1974.28,1302.28,0,0,1,7
2026-07-22,CARE-TOOTH-103,SonicPulse Magnetic Electric Toothbrush,Personal Care,69.71,24.0,0.0,26,1812.46,1188.46,0,0,2,7
2026-07-23,CARE-TOOTH-103,SonicPulse Magnetic Electric Toothbrush,Personal Care,70.47,24.0,0.0,36,2536.92,1672.92,0,0,3,7
2026-07-24,CARE-TOOTH-103,SonicPulse Magnetic Electric Toothbrush,Personal Care,68.6,24.0,0.0,58,3978.8,2586.8,0,0,4,7
2026-07-25,CARE-TOOTH-103,SonicPulse Magnetic Electric Toothbrush,Personal Care,70.52,24.0,0.0,51,3596.52,2372.52,1,0,5,7
2026-07-26,CARE-TOOTH-103,SonicPulse Magnetic Electric Toothbrush,Personal Care,69.4,24.0,0.0,54,3747.6,2451.6,1,0,6,7
2026-07-27,CARE-TOOTH-103,SonicPulse Magnetic Electric Toothbrush,Personal Care,69.47,24.0,0.0,43,2987.21,1955.21,0,0,0,7
2026-07-28,CARE-TOOTH-103,SonicPulse Magnetic Electric Toothbrush,Personal Care,70.64,24.0,0.0,41,2896.24,1912.24,0,0,1,7
2026-07-29,CARE-TOOTH-103,SonicPulse Magnetic Electric Toothbrush,Personal Care,70.38,24.0,0.0,37,2604.06,1716.06,0,0,2,7
2026-07-30,CARE-TOOTH-103,SonicPulse Magnetic Electric Toothbrush,Personal Care,69.67,24.0,0.0,36,2508.12,1644.12,0,0,3,7
2026-07-31,CARE-TOOTH-103,SonicPulse Magnetic Electric Toothbrush,Personal Care,52.12,24.0,25.0,60,3127.2,1687.2,0,0,4,7
2026-08-01,CARE-TOOTH-103,SonicPulse Magnetic Electric Toothbrush,Personal Care,68.89,24.0,0.0,40,2755.6,1795.6,1,0,5,8
2026-08-02,CARE-TOOTH-103,SonicPulse Magnetic Electric Toothbrush,Personal Care,70.48,24.0,0.0,42,2960.16,1952.16,1,0,6,8
2026-08-03,CARE-TOOTH-103,SonicPulse Magnetic Electric Toothbrush,Personal Care,68.6,24.0,0.0,34,2332.4,1516.4,0,0,0,8
2026-08-04,CARE-TOOTH-103,SonicPulse Magnetic Electric Toothbrush,Personal Care,68.5,24.0,0.0,36,2466.0,1602.0,0,0,1,8
2026-08-05,CARE-TOOTH-103,SonicPulse Magnetic Electric Toothbrush,Personal Care,55.6,24.0,20.0,41,2279.6,1295.6,0,0,2,8
2026-08-06,CARE-TOOTH-103,SonicPulse Magnetic Electric Toothbrush,Personal Care,70.51,24.0,0.0,30,2115.3,1395.3,0,0,3,8
2026-08-07,CARE-TOOTH-103,SonicPulse Magnetic Electric Toothbrush,Personal Care,69.92,24.0,0.0,46,3216.32,2112.32,0,0,4,8
2026-08-08,CARE-TOOTH-103,SonicPulse Magnetic Electric Toothbrush,Personal Care,69.31,24.0,0.0,50,3465.5,2265.5,1,0,5,8
2026-08-09,CARE-TOOTH-103,SonicPulse Magnetic Electric Toothbrush,Personal Care,70.7,24.0,0.0,46,3252.2,2148.2,1,0,6,8
2026-08-10,CARE-TOOTH-103,SonicPulse Magnetic Electric Toothbrush,Personal Care,69.67,24.0,0.0,27,1881.09,1233.09,0,0,0,8
2026-08-11,CARE-TOOTH-103,SonicPulse Magnetic Electric Toothbrush,Personal Care,69.86,24.0,0.0,36,2514.96,1650.96,0,0,1,8
2026-08-12,CARE-TOOTH-103,SonicPulse Magnetic Electric Toothbrush,Personal Care,68.62,24.0,0.0,37,2538.94,1650.94,0,0,2,8
2026-08-13,CARE-TOOTH-103,SonicPulse Magnetic Electric Toothbrush,Personal Care,69.8,24.0,0.0,38,2652.4,1740.4,0,0,3,8
2026-08-14,CARE-TOOTH-103,SonicPulse Magnetic Electric Toothbrush,Personal Care,70.6,24.0,0.0,48,3388.8,2236.8,0,0,4,8
2026-08-15,CARE-TOOTH-103,SonicPulse Magnetic Electric Toothbrush,Personal Care,68.25,24.0,0.0,58,3958.5,2566.5,1,0,5,8
2026-08-16,CARE-TOOTH-103,SonicPulse Magnetic Electric Toothbrush,Personal Care,70.37,24.0,0.0,40,2814.8,1854.8,1,0,6,8
2026-08-17,CARE-TOOTH-103,SonicPulse Magnetic Electric Toothbrush,Personal Care,70.06,24.0,0.0,44,3082.64,2026.64,0,0,0,8
2026-08-18,CARE-TOOTH-103,SonicPulse Magnetic Electric Toothbrush,Personal Care,70.5,24.0,0.0,38,2679.0,1767.0,0,0,1,8
2026-08-19,CARE-TOOTH-103,SonicPulse Magnetic Electric Toothbrush,Personal Care,69.1,24.0,0.0,21,1451.1,947.1,0,0,2,8
2026-08-20,CARE-TOOTH-103,SonicPulse Magnetic Electric Toothbrush,Personal Care,69.44,24.0,0.0,28,1944.32,1272.32,0,0,3,8
2026-08-21,CARE-TOOTH-103,SonicPulse Magnetic Electric Toothbrush,Personal Care,70.46,24.0,0.0,44,3100.24,2044.24,0,0,4,8
2026-08-22,CARE-TOOTH-103,SonicPulse Magnetic Electric Toothbrush,Personal Care,68.63,24.0,0.0,50,3431.5,2231.5,1,0,5,8
2026-08-23,CARE-TOOTH-103,SonicPulse Magnetic Electric Toothbrush,Personal Care,70.46,24.0,0.0,49,3452.54,2276.54,1,0,6,8
2026-08-24,CARE-TOOTH-103,SonicPulse Magnetic Electric Toothbrush,Personal Care,68.4,24.0,0.0,31,2120.4,1376.4,0,0,0,8
2026-08-25,CARE-TOOTH-103,SonicPulse Magnetic Electric Toothbrush,Personal Care,68.13,24.0,0.0,28,1907.64,1235.64,0,0,1,8
2026-08-26,CARE-TOOTH-103,SonicPulse Magnetic Electric Toothbrush,Personal Care,68.78,24.0,0.0,31,2132.18,1388.18,0,0,2,8
2026-08-27,CARE-TOOTH-103,SonicPulse Magnetic Electric Toothbrush,Personal Care,68.72,24.0,0.0,42,2886.24,1878.24,0,0,3,8
2026-08-28,CARE-TOOTH-103,SonicPulse Magnetic Electric Toothbrush,Personal Care,69.97,24.0,0.0,46,3218.62,2114.62,0,0,4,8
2026-08-29,CARE-TOOTH-103,SonicPulse Magnetic Electric Toothbrush,Personal Care,70.22,24.0,0.0,37,2598.14,1710.14,1,0,5,8
2026-08-30,CARE-TOOTH-103,SonicPulse Magnetic Electric Toothbrush,Personal Care,68.14,24.0,0.0,38,2589.32,1677.32,1,0,6,8
2026-08-31,CARE-TOOTH-103,SonicPulse Magnetic Electric Toothbrush,Personal Care,68.56,24.0,0.0,40,2742.4,1782.4,0,0,0,8
2026-09-01,CARE-TOOTH-103,SonicPulse Magnetic Electric Toothbrush,Personal Care,70.45,24.0,0.0,43,3029.35,1997.35,0,0,1,9
2026-09-02,CARE-TOOTH-103,SonicPulse Magnetic Electric Toothbrush,Personal Care,68.7,24.0,0.0,31,2129.7,1385.7,0,0,2,9
2026-09-03,CARE-TOOTH-103,SonicPulse Magnetic Electric Toothbrush,Personal Care,69.79,24.0,0.0,49,3419.71,2243.71,0,1,3,9
2026-09-04,CARE-TOOTH-103,SonicPulse Magnetic Electric Toothbrush,Personal Care,69.09,24.0,0.0,65,4490.85,2930.85,0,1,4,9
2026-09-05,CARE-TOOTH-103,SonicPulse Magnetic Electric Toothbrush,Personal Care,69.41,24.0,0.0,67,4650.47,3042.47,1,1,5,9
2026-09-06,CARE-TOOTH-103,SonicPulse Magnetic Electric Toothbrush,Personal Care,70.07,24.0,0.0,49,3433.43,2257.43,1,0,6,9
2026-09-07,CARE-TOOTH-103,SonicPulse Magnetic Electric Toothbrush,Personal Care,68.15,24.0,0.0,27,1840.05,1192.05,0,0,0,9
2026-09-08,CARE-TOOTH-103,SonicPulse Magnetic Electric Toothbrush,Personal Care,68.76,24.0,0.0,29,1994.04,1298.04,0,0,1,9
2026-09-09,CARE-TOOTH-103,SonicPulse Magnetic Electric Toothbrush,Personal Care,52.12,24.0,25.0,53,2762.36,1490.36,0,0,2,9
2026-09-10,CARE-TOOTH-103,SonicPulse Magnetic Electric Toothbrush,Personal Care,69.16,24.0,0.0,36,2489.76,1625.76,0,0,3,9
2026-09-11,CARE-TOOTH-103,SonicPulse Magnetic Electric Toothbrush,Personal Care,69.07,24.0,0.0,50,3453.5,2253.5,0,0,4,9
2026-09-12,CARE-TOOTH-103,SonicPulse Magnetic Electric Toothbrush,Personal Care,70.84,24.0,0.0,56,3967.04,2623.04,1,0,5,9
2026-09-13,CARE-TOOTH-103,SonicPulse Magnetic Electric Toothbrush,Personal Care,70.26,24.0,0.0,38,2669.88,1757.88,1,0,6,9
2026-09-14,CARE-TOOTH-103,SonicPulse Magnetic Electric Toothbrush,Personal Care,70.51,24.0,0.0,37,2608.87,1720.87,0,0,0,9
2026-09-15,CARE-TOOTH-103,SonicPulse Magnetic Electric Toothbrush,Personal Care,70.46,24.0,0.0,26,1831.96,1207.96,0,0,1,9
2026-09-16,CARE-TOOTH-103,SonicPulse Magnetic Electric Toothbrush,Personal Care,69.48,24.0,0.0,32,2223.36,1455.36,0,0,2,9
2026-09-17,CARE-TOOTH-103,SonicPulse Magnetic Electric Toothbrush,Personal Care,62.55,24.0,10.0,41,2564.55,1580.55,0,0,3,9
2026-09-18,CARE-TOOTH-103,SonicPulse Magnetic Electric Toothbrush,Personal Care,68.6,24.0,0.0,48,3292.8,2140.8,0,0,4,9
2026-09-19,CARE-TOOTH-103,SonicPulse Magnetic Electric Toothbrush,Personal Care,69.52,24.0,0.0,49,3406.48,2230.48,1,0,5,9
2026-09-20,CARE-TOOTH-103,SonicPulse Magnetic Electric Toothbrush,Personal Care,70.08,24.0,0.0,41,2873.28,1889.28,1,0,6,9
2026-09-21,CARE-TOOTH-103,SonicPulse Magnetic Electric Toothbrush,Personal Care,69.94,24.0,0.0,27,1888.38,1240.38,0,0,0,9
2026-09-22,CARE-TOOTH-103,SonicPulse Magnetic Electric Toothbrush,Personal Care,68.19,24.0,0.0,29,1977.51,1281.51,0,0,1,9
2026-09-23,CARE-TOOTH-103,SonicPulse Magnetic Electric Toothbrush,Personal Care,69.64,24.0,0.0,29,2019.56,1323.56,0,0,2,9
2026-09-24,CARE-TOOTH-103,SonicPulse Magnetic Electric Toothbrush,Personal Care,68.4,24.0,0.0,31,2120.4,1376.4,0,0,3,9
2026-09-25,CARE-TOOTH-103,SonicPulse Magnetic Electric Toothbrush,Personal Care,69.67,24.0,0.0,46,3204.82,2100.82,0,0,4,9
2026-09-26,CARE-TOOTH-103,SonicPulse Magnetic Electric Toothbrush,Personal Care,69.13,24.0,0.0,52,3594.76,2346.76,1,0,5,9
2026-09-27,CARE-TOOTH-103,SonicPulse Magnetic Electric Toothbrush,Personal Care,69.12,24.0,0.0,58,4008.96,2616.96,1,0,6,9
2026-09-28,CARE-TOOTH-103,SonicPulse Magnetic Electric Toothbrush,Personal Care,69.57,24.0,0.0,30,2087.1,1367.1,0,0,0,9
2026-09-29,CARE-TOOTH-103,SonicPulse Magnetic Electric Toothbrush,Personal Care,55.6,24.0,20.0,48,2668.8,1516.8,0,0,1,9
2026-09-30,CARE-TOOTH-103,SonicPulse Magnetic Electric Toothbrush,Personal Care,69.48,24.0,0.0,31,2153.88,1409.88,0,0,2,9
2026-10-01,CARE-TOOTH-103,SonicPulse Magnetic Electric Toothbrush,Personal Care,70.08,24.0,0.0,32,2242.56,1474.56,0,0,3,10
2026-10-02,CARE-TOOTH-103,SonicPulse Magnetic Electric Toothbrush,Personal Care,69.56,24.0,0.0,32,2225.92,1457.92,0,0,4,10
2026-10-03,CARE-TOOTH-103,SonicPulse Magnetic Electric Toothbrush,Personal Care,52.12,24.0,25.0,59,3075.08,1659.08,1,0,5,10
2026-10-04,CARE-TOOTH-103,SonicPulse Magnetic Electric Toothbrush,Personal Care,70.88,24.0,0.0,52,3685.76,2437.76,1,0,6,10
